Time [s],Channel 0,Channel 1,Channel 2,Channel 3,Channel 4,Channel 5,Channel 6,Channel 7
-0.000036000,1,1,1,1,1,1,1,1
-0.000032750,0,1,1,1,1,1,1,1
0.000000000,1,1,1,1,1,1,1,1
0.000008750,0,1,1,1,1,1,1,1
0.000041500,1,1,1,1,1,1,1,1
0.000050250,0,1,1,1,1,1,1,1
0.000083000,1,1,1,1,1,1,1,1
0.000091750,0,1,1,1,1,1,1,1
0.000124500,1,1,1,1,1,1,1,1
0.000133250,0,1,1,1,1,1,1,1
0.000142000,1,1,1,1,1,1,1,1
0.000150750,0,1,1,1,1,1,1,1
0.000159500,1,1,1,1,1,1,1,1
0.000168250,0,1,1,1,1,1,1,1
0.000201000,1,1,1,1,1,1,1,1
0.000209750,0,1,1,1,1,1,1,1
0.000234500,1,1,1,1,1,1,1,1
0.000251250,0,1,1,1,1,1,1,1
0.000268000,1,1,1,1,1,1,1,1
0.000276750,0,1,1,1,1,1,1,1
0.000293500,1,1,1,1,1,1,1,1
0.000302250,0,1,1,1,1,1,1,1
0.000327000,1,1,1,1,1,1,1,1
0.000335750,0,1,1,1,1,1,1,1
0.000344500,1,1,1,1,1,1,1,1
0.018994000,0,1,1,1,1,1,1,1
0.019026500,1,1,1,1,1,1,1,1
0.019058000,0,1,1,1,1,1,1,1
0.019067000,1,1,1,1,1,1,1,1
0.019083500,0,1,1,1,1,1,1,1
0.019108500,1,1,1,1,1,1,1,1
0.019117000,0,1,1,1,1,1,1,1
0.019134000,1,1,1,1,1,1,1,1
0.019142500,0,1,1,1,1,1,1,1
0.019151500,1,1,1,1,1,1,1,1
0.019160000,0,1,1,1,1,1,1,1
0.019169000,1,1,1,1,1,1,1,1
0.019177500,0,1,1,1,1,1,1,1
0.019194500,1,1,1,1,1,1,1,1
0.019211000,0,1,1,1,1,1,1,1
0.019236000,1,1,1,1,1,1,1,1
0.019244500,0,1,1,1,1,1,1,1
0.019277500,1,1,1,1,1,1,1,1
0.019286000,0,1,1,1,1,1,1,1
0.019319000,1,1,1,1,1,1,1,1
0.019327500,0,1,1,1,1,1,1,1
0.019360500,1,1,1,1,1,1,1,1
0.019369000,0,1,1,1,1,1,1,1
0.019402000,1,1,1,1,1,1,1,1
0.019410500,0,1,1,1,1,1,1,1
0.019443500,1,1,1,1,1,1,1,1
0.019452000,0,1,1,1,1,1,1,1
0.019485000,1,1,1,1,1,1,1,1
0.019493500,0,1,1,1,1,1,1,1
0.019526500,1,1,1,1,1,1,1,1
0.019535000,0,1,1,1,1,1,1,1
0.019568000,1,1,1,1,1,1,1,1
0.019576500,0,1,1,1,1,1,1,1
0.019609500,1,1,1,1,1,1,1,1
0.019618000,0,1,1,1,1,1,1,1
0.019651000,1,1,1,1,1,1,1,1
0.019659500,0,1,1,1,1,1,1,1
0.019692500,1,1,1,1,1,1,1,1
0.019701000,0,1,1,1,1,1,1,1
0.019734000,1,1,1,1,1,1,1,1
0.019742500,0,1,1,1,1,1,1,1
0.019751500,1,1,1,1,1,1,1,1
0.019760000,0,1,1,1,1,1,1,1
0.019769000,1,1,1,1,1,1,1,1
0.019777500,0,1,1,1,1,1,1,1
0.019810500,1,1,1,1,1,1,1,1
0.019819000,0,1,1,1,1,1,1,1
0.019844000,1,1,1,1,1,1,1,1
0.019860500,0,1,1,1,1,1,1,1
0.019877500,1,1,1,1,1,1,1,1
0.019886000,0,1,1,1,1,1,1,1
0.019903000,1,1,1,1,1,1,1,1
0.019911500,0,1,1,1,1,1,1,1
0.019936500,1,1,1,1,1,1,1,1
0.019945000,0,1,1,1,1,1,1,1
0.019954000,1,1,1,1,1,1,1,1
0.019978500,0,1,1,1,1,1,1,1
0.019995500,1,1,1,1,1,1,1,1
0.021572000,0,1,1,1,1,1,1,1
0.021604250,1,1,1,1,1,1,1,1
0.021636000,0,1,1,1,1,1,1,1
0.021644750,1,1,1,1,1,1,1,1
0.021653500,0,1,1,1,1,1,1,1
0.021662250,1,1,1,1,1,1,1,1
0.021670500,0,1,1,1,1,1,1,1
0.021687250,1,1,1,1,1,1,1,1
0.021696000,0,1,1,1,1,1,1,1
0.021704750,1,1,1,1,1,1,1,1
0.021721500,0,1,1,1,1,1,1,1
0.021730250,1,1,1,1,1,1,1,1
0.021739000,0,1,1,1,1,1,1,1
0.021747750,1,1,1,1,1,1,1,1
0.021756500,0,1,1,1,1,1,1,1
0.021773250,1,1,1,1,1,1,1,1
0.021798000,0,1,1,1,1,1,1,1
0.021814750,1,1,1,1,1,1,1,1
0.021823500,0,1,1,1,1,1,1,1
0.021856250,1,1,1,1,1,1,1,1
0.021865000,0,1,1,1,1,1,1,1
0.021897750,1,1,1,1,1,1,1,1
0.021906500,0,1,1,1,1,1,1,1
0.021939250,1,1,1,1,1,1,1,1
0.021948000,0,1,1,1,1,1,1,1
0.021980750,1,1,1,1,1,1,1,1
0.021989500,0,1,1,1,1,1,1,1
0.022022250,1,1,1,1,1,1,1,1
0.022031000,0,1,1,1,1,1,1,1
0.022063750,1,1,1,1,1,1,1,1
0.022072500,0,1,1,1,1,1,1,1
0.022105250,1,1,1,1,1,1,1,1
0.022114000,0,1,1,1,1,1,1,1
0.022146750,1,1,1,1,1,1,1,1
0.022155500,0,1,1,1,1,1,1,1
0.022188250,1,1,1,1,1,1,1,1
0.022197000,0,1,1,1,1,1,1,1
0.022229750,1,1,1,1,1,1,1,1
0.022246500,0,1,1,1,1,1,1,1
0.022271250,1,1,1,1,1,1,1,1
0.022296000,0,1,1,1,1,1,1,1
0.022312750,1,1,1,1,1,1,1,1
0.022337500,0,1,1,1,1,1,1,1
0.022346250,1,1,1,1,1,1,1,1
0.022354500,0,1,1,1,1,1,1,1
0.022363250,1,1,1,1,1,1,1,1
0.022372000,0,1,1,1,1,1,1,1
0.022380750,1,1,1,1,1,1,1,1
0.022389000,0,1,1,1,1,1,1,1
0.022405750,1,1,1,1,1,1,1,1
0.022414250,0,1,1,1,1,1,1,1
0.022423000,1,1,1,1,1,1,1,1
0.066648750,0,1,1,1,1,1,1,1
0.066681250,1,1,1,1,1,1,1,1
0.066712750,0,1,1,1,1,1,1,1
0.066721750,1,1,1,1,1,1,1,1
0.066738250,0,1,1,1,1,1,1,1
0.066763250,1,1,1,1,1,1,1,1
0.066771750,0,1,1,1,1,1,1,1
0.066788750,1,1,1,1,1,1,1,1
0.066797250,0,1,1,1,1,1,1,1
0.066806250,1,1,1,1,1,1,1,1
0.066814750,0,1,1,1,1,1,1,1
0.066823750,1,1,1,1,1,1,1,1
0.066832250,0,1,1,1,1,1,1,1
0.066849250,1,1,1,1,1,1,1,1
0.066865750,0,1,1,1,1,1,1,1
0.066890750,1,1,1,1,1,1,1,1
0.066899250,0,1,1,1,1,1,1,1
0.066932250,1,1,1,1,1,1,1,1
0.066940750,0,1,1,1,1,1,1,1
0.066973750,1,1,1,1,1,1,1,1
0.066982250,0,1,1,1,1,1,1,1
0.067015250,1,1,1,1,1,1,1,1
0.067023750,0,1,1,1,1,1,1,1
0.067056750,1,1,1,1,1,1,1,1
0.067065250,0,1,1,1,1,1,1,1
0.067098250,1,1,1,1,1,1,1,1
0.067106750,0,1,1,1,1,1,1,1
0.067139750,1,1,1,1,1,1,1,1
0.067148250,0,1,1,1,1,1,1,1
0.067181250,1,1,1,1,1,1,1,1
0.067189750,0,1,1,1,1,1,1,1
0.067222750,1,1,1,1,1,1,1,1
0.067231250,0,1,1,1,1,1,1,1
0.067264250,1,1,1,1,1,1,1,1
0.067272750,0,1,1,1,1,1,1,1
0.067305750,1,1,1,1,1,1,1,1
0.067314250,0,1,1,1,1,1,1,1
0.067347250,1,1,1,1,1,1,1,1
0.067355750,0,1,1,1,1,1,1,1
0.067388750,1,1,1,1,1,1,1,1
0.067397250,0,1,1,1,1,1,1,1
0.067406250,1,1,1,1,1,1,1,1
0.067414750,0,1,1,1,1,1,1,1
0.067423750,1,1,1,1,1,1,1,1
0.067432250,0,1,1,1,1,1,1,1
0.067465250,1,1,1,1,1,1,1,1
0.067473750,0,1,1,1,1,1,1,1
0.067498750,1,1,1,1,1,1,1,1
0.067515250,0,1,1,1,1,1,1,1
0.067532250,1,1,1,1,1,1,1,1
0.067540750,0,1,1,1,1,1,1,1
0.067557750,1,1,1,1,1,1,1,1
0.067566250,0,1,1,1,1,1,1,1
0.067591250,1,1,1,1,1,1,1,1
0.067600000,0,1,1,1,1,1,1,1
0.067608750,1,1,1,1,1,1,1,1
0.067633500,0,1,1,1,1,1,1,1
0.067650250,1,1,1,1,1,1,1,1
0.086699750,0,1,1,1,1,1,1,1
0.086732250,1,1,1,1,1,1,1,1
0.086763750,0,1,1,1,1,1,1,1
0.086772750,1,1,1,1,1,1,1,1
0.086781250,0,1,1,1,1,1,1,1
0.086790250,1,1,1,1,1,1,1,1
0.086798750,0,1,1,1,1,1,1,1
0.086815750,1,1,1,1,1,1,1,1
0.086840250,0,1,1,1,1,1,1,1
0.086849250,1,1,1,1,1,1,1,1
0.086857750,0,1,1,1,1,1,1,1
0.086866750,1,1,1,1,1,1,1,1
0.086883250,0,1,1,1,1,1,1,1
0.086900250,1,1,1,1,1,1,1,1
0.086924750,0,1,1,1,1,1,1,1
0.086941750,1,1,1,1,1,1,1,1
0.086958250,0,1,1,1,1,1,1,1
0.086983250,1,1,1,1,1,1,1,1
0.086991750,0,1,1,1,1,1,1,1
0.087024750,1,1,1,1,1,1,1,1
0.087033250,0,1,1,1,1,1,1,1
0.087066250,1,1,1,1,1,1,1,1
0.087074750,0,1,1,1,1,1,1,1
0.087107750,1,1,1,1,1,1,1,1
0.087148250,0,1,1,1,1,1,1,1
0.087157250,1,1,1,1,1,1,1,1
0.087189750,0,1,1,1,1,1,1,1
0.087230750,1,1,1,1,1,1,1,1
0.087239250,0,1,1,1,1,1,1,1
0.087256250,1,1,1,1,1,1,1,1
0.087264750,0,1,1,1,1,1,1,1
0.087273750,1,1,1,1,1,1,1,1
0.087290250,0,1,1,1,1,1,1,1
0.087307250,1,1,1,1,1,1,1,1
0.087315750,0,1,1,1,1,1,1,1
0.087324750,1,1,1,1,1,1,1,1
0.087341250,0,1,1,1,1,1,1,1
0.087358250,1,1,1,1,1,1,1,1
0.087398750,0,1,1,1,1,1,1,1
0.087407750,1,1,1,1,1,1,1,1
0.087440250,0,1,1,1,1,1,1,1
0.087449250,1,1,1,1,1,1,1,1
0.087481750,0,1,1,1,1,1,1,1
0.087490750,1,1,1,1,1,1,1,1
0.087523250,0,1,1,1,1,1,1,1
0.087556250,1,1,1,1,1,1,1,1
0.087564750,0,1,1,1,1,1,1,1
0.087573750,1,1,1,1,1,1,1,1
0.087590250,0,1,1,1,1,1,1,1
0.087607250,1,1,1,1,1,1,1,1
0.087615750,0,1,1,1,1,1,1,1
0.087624750,1,1,1,1,1,1,1,1
0.087633250,0,1,1,1,1,1,1,1
0.087650250,1,1,1,1,1,1,1,1
0.087666750,0,1,1,1,1,1,1,1
0.087675750,1,1,1,1,1,1,1,1
0.087684250,0,1,1,1,1,1,1,1
0.087701250,1,1,1,1,1,1,1,1
0.087710000,0,1,1,1,1,1,1,1
0.087718750,1,1,1,1,1,1,1,1
0.087814750,0,1,1,1,1,1,1,1
0.087846750,1,1,1,1,1,1,1,1
0.087878500,0,1,1,1,1,1,1,1
0.087887000,1,1,1,1,1,1,1,1
0.087895250,0,1,1,1,1,1,1,1
0.087904000,1,1,1,1,1,1,1,1
0.087912250,0,1,1,1,1,1,1,1
0.087928750,1,1,1,1,1,1,1,1
0.087961000,0,1,1,1,1,1,1,1
0.087969750,1,1,1,1,1,1,1,1
0.087994000,0,1,1,1,1,1,1,1
0.088010500,1,1,1,1,1,1,1,1
0.088050500,0,1,1,1,1,1,1,1
0.088059250,1,1,1,1,1,1,1,1
0.088067500,0,1,1,1,1,1,1,1
0.088084250,1,1,1,1,1,1,1,1
0.088092500,0,1,1,1,1,1,1,1
0.088109000,1,1,1,1,1,1,1,1
0.088133250,0,1,1,1,1,1,1,1
0.088149750,1,1,1,1,1,1,1,1
0.088166000,0,1,1,1,1,1,1,1
0.088174750,1,1,1,1,1,1,1,1
0.088191000,0,1,1,1,1,1,1,1
0.088223500,1,1,1,1,1,1,1,1
0.116977250,0,1,1,1,1,1,1,1
0.117009750,1,1,1,1,1,1,1,1
0.117041250,0,1,1,1,1,1,1,1
0.117050250,1,1,1,1,1,1,1,1
0.117066750,0,1,1,1,1,1,1,1
0.117091750,1,1,1,1,1,1,1,1
0.117100250,0,1,1,1,1,1,1,1
0.117117250,1,1,1,1,1,1,1,1
0.117125750,0,1,1,1,1,1,1,1
0.117134750,1,1,1,1,1,1,1,1
0.117143250,0,1,1,1,1,1,1,1
0.117152250,1,1,1,1,1,1,1,1
0.117160750,0,1,1,1,1,1,1,1
0.117177750,1,1,1,1,1,1,1,1
0.117194250,0,1,1,1,1,1,1,1
0.117219250,1,1,1,1,1,1,1,1
0.117227750,0,1,1,1,1,1,1,1
0.117260750,1,1,1,1,1,1,1,1
0.117269250,0,1,1,1,1,1,1,1
0.117302250,1,1,1,1,1,1,1,1
0.117310750,0,1,1,1,1,1,1,1
0.117343750,1,1,1,1,1,1,1,1
0.117352250,0,1,1,1,1,1,1,1
0.117385250,1,1,1,1,1,1,1,1
0.117393750,0,1,1,1,1,1,1,1
0.117426750,1,1,1,1,1,1,1,1
0.117435250,0,1,1,1,1,1,1,1
0.117468250,1,1,1,1,1,1,1,1
0.117476750,0,1,1,1,1,1,1,1
0.117509750,1,1,1,1,1,1,1,1
0.117518250,0,1,1,1,1,1,1,1
0.117551250,1,1,1,1,1,1,1,1
0.117559750,0,1,1,1,1,1,1,1
0.117592750,1,1,1,1,1,1,1,1
0.117601250,0,1,1,1,1,1,1,1
0.117634250,1,1,1,1,1,1,1,1
0.117642750,0,1,1,1,1,1,1,1
0.117675750,1,1,1,1,1,1,1,1
0.117684250,0,1,1,1,1,1,1,1
0.117717250,1,1,1,1,1,1,1,1
0.117725750,0,1,1,1,1,1,1,1
0.117734750,1,1,1,1,1,1,1,1
0.117743250,0,1,1,1,1,1,1,1
0.117752250,1,1,1,1,1,1,1,1
0.117760750,0,1,1,1,1,1,1,1
0.117793750,1,1,1,1,1,1,1,1
0.117802250,0,1,1,1,1,1,1,1
0.117827250,1,1,1,1,1,1,1,1
0.117843750,0,1,1,1,1,1,1,1
0.117860750,1,1,1,1,1,1,1,1
0.117869250,0,1,1,1,1,1,1,1
0.117886250,1,1,1,1,1,1,1,1
0.117894750,0,1,1,1,1,1,1,1
0.117919750,1,1,1,1,1,1,1,1
0.117928250,0,1,1,1,1,1,1,1
0.117937250,1,1,1,1,1,1,1,1
0.117961750,0,1,1,1,1,1,1,1
0.117978750,1,1,1,1,1,1,1,1
0.121531500,0,1,1,1,1,1,1,1
0.121563750,1,1,1,1,1,1,1,1
0.121595500,0,1,1,1,1,1,1,1
0.121604250,1,1,1,1,1,1,1,1
0.121613000,0,1,1,1,1,1,1,1
0.121621750,1,1,1,1,1,1,1,1
0.121630500,0,1,1,1,1,1,1,1
0.121647250,1,1,1,1,1,1,1,1
0.121656000,0,1,1,1,1,1,1,1
0.121664750,1,1,1,1,1,1,1,1
0.121681500,0,1,1,1,1,1,1,1
0.121690250,1,1,1,1,1,1,1,1
0.121698500,0,1,1,1,1,1,1,1
0.121707250,1,1,1,1,1,1,1,1
0.121716000,0,1,1,1,1,1,1,1
0.121732750,1,1,1,1,1,1,1,1
0.121757500,0,1,1,1,1,1,1,1
0.121774250,1,1,1,1,1,1,1,1
0.121783000,0,1,1,1,1,1,1,1
0.121815750,1,1,1,1,1,1,1,1
0.121824500,0,1,1,1,1,1,1,1
0.121857250,1,1,1,1,1,1,1,1
0.121866000,0,1,1,1,1,1,1,1
0.121898750,1,1,1,1,1,1,1,1
0.121907500,0,1,1,1,1,1,1,1
0.121940250,1,1,1,1,1,1,1,1
0.121949000,0,1,1,1,1,1,1,1
0.121981750,1,1,1,1,1,1,1,1
0.121990500,0,1,1,1,1,1,1,1
0.122023250,1,1,1,1,1,1,1,1
0.122032000,0,1,1,1,1,1,1,1
0.122064750,1,1,1,1,1,1,1,1
0.122073500,0,1,1,1,1,1,1,1
0.122106250,1,1,1,1,1,1,1,1
0.122115000,0,1,1,1,1,1,1,1
0.122147750,1,1,1,1,1,1,1,1
0.122156500,0,1,1,1,1,1,1,1
0.122189250,1,1,1,1,1,1,1,1
0.122206000,0,1,1,1,1,1,1,1
0.122230750,1,1,1,1,1,1,1,1
0.122255500,0,1,1,1,1,1,1,1
0.122272250,1,1,1,1,1,1,1,1
0.122297000,0,1,1,1,1,1,1,1
0.122305750,1,1,1,1,1,1,1,1
0.122314000,0,1,1,1,1,1,1,1
0.122322750,1,1,1,1,1,1,1,1
0.122331000,0,1,1,1,1,1,1,1
0.122339750,1,1,1,1,1,1,1,1
0.122348000,0,1,1,1,1,1,1,1
0.122364750,1,1,1,1,1,1,1,1
0.122373000,0,1,1,1,1,1,1,1
0.122382000,1,1,1,1,1,1,1,1
0.131998000,0,1,1,1,1,1,1,1
0.132030500,1,1,1,1,1,1,1,1
0.132062000,0,1,1,1,1,1,1,1
0.132071000,1,1,1,1,1,1,1,1
0.132087500,0,1,1,1,1,1,1,1
0.132104500,1,1,1,1,1,1,1,1
0.132113000,0,1,1,1,1,1,1,1
0.132122000,1,1,1,1,1,1,1,1
0.132138500,0,1,1,1,1,1,1,1
0.132155500,1,1,1,1,1,1,1,1
0.132164000,0,1,1,1,1,1,1,1
0.132173000,1,1,1,1,1,1,1,1
0.132181500,0,1,1,1,1,1,1,1
0.132198500,1,1,1,1,1,1,1,1
0.132223000,0,1,1,1,1,1,1,1
0.132240000,1,1,1,1,1,1,1,1
0.132248500,0,1,1,1,1,1,1,1
0.132281500,1,1,1,1,1,1,1,1
0.132290000,0,1,1,1,1,1,1,1
0.132323000,1,1,1,1,1,1,1,1
0.132339500,0,1,1,1,1,1,1,1
0.132364500,1,1,1,1,1,1,1,1
0.132373000,0,1,1,1,1,1,1,1
0.132406000,1,1,1,1,1,1,1,1
0.132430500,0,1,1,1,1,1,1,1
0.132439500,1,1,1,1,1,1,1,1
0.132448000,0,1,1,1,1,1,1,1
0.132465000,1,1,1,1,1,1,1,1
0.132473500,0,1,1,1,1,1,1,1
0.132490500,1,1,1,1,1,1,1,1
0.132523000,0,1,1,1,1,1,1,1
0.132532000,1,1,1,1,1,1,1,1
0.132540500,0,1,1,1,1,1,1,1
0.132557500,1,1,1,1,1,1,1,1
0.132566000,0,1,1,1,1,1,1,1
0.132583000,1,1,1,1,1,1,1,1
0.132591750,0,1,1,1,1,1,1,1
0.132600250,1,1,1,1,1,1,1,1
0.167209750,0,1,1,1,1,1,1,1
0.167242250,1,1,1,1,1,1,1,1
0.167273750,0,1,1,1,1,1,1,1
0.167282750,1,1,1,1,1,1,1,1
0.167299250,0,1,1,1,1,1,1,1
0.167324250,1,1,1,1,1,1,1,1
0.167332750,0,1,1,1,1,1,1,1
0.167349750,1,1,1,1,1,1,1,1
0.167358250,0,1,1,1,1,1,1,1
0.167367250,1,1,1,1,1,1,1,1
0.167375750,0,1,1,1,1,1,1,1
0.167384750,1,1,1,1,1,1,1,1
0.167393250,0,1,1,1,1,1,1,1
0.167410250,1,1,1,1,1,1,1,1
0.167426750,0,1,1,1,1,1,1,1
0.167451750,1,1,1,1,1,1,1,1
0.167460250,0,1,1,1,1,1,1,1
0.167493250,1,1,1,1,1,1,1,1
0.167501750,0,1,1,1,1,1,1,1
0.167534750,1,1,1,1,1,1,1,1
0.167543250,0,1,1,1,1,1,1,1
0.167576250,1,1,1,1,1,1,1,1
0.167584750,0,1,1,1,1,1,1,1
0.167617750,1,1,1,1,1,1,1,1
0.167626250,0,1,1,1,1,1,1,1
0.167659250,1,1,1,1,1,1,1,1
0.167667750,0,1,1,1,1,1,1,1
0.167700750,1,1,1,1,1,1,1,1
0.167709250,0,1,1,1,1,1,1,1
0.167742250,1,1,1,1,1,1,1,1
0.167750750,0,1,1,1,1,1,1,1
0.167783750,1,1,1,1,1,1,1,1
0.167792250,0,1,1,1,1,1,1,1
0.167825250,1,1,1,1,1,1,1,1
0.167833750,0,1,1,1,1,1,1,1
0.167866750,1,1,1,1,1,1,1,1
0.167875250,0,1,1,1,1,1,1,1
0.167908250,1,1,1,1,1,1,1,1
0.167916750,0,1,1,1,1,1,1,1
0.167949750,1,1,1,1,1,1,1,1
0.167958250,0,1,1,1,1,1,1,1
0.167967250,1,1,1,1,1,1,1,1
0.167975750,0,1,1,1,1,1,1,1
0.167984750,1,1,1,1,1,1,1,1
0.167993250,0,1,1,1,1,1,1,1
0.168026250,1,1,1,1,1,1,1,1
0.168034750,0,1,1,1,1,1,1,1
0.168059750,1,1,1,1,1,1,1,1
0.168076250,0,1,1,1,1,1,1,1
0.168093250,1,1,1,1,1,1,1,1
0.168101750,0,1,1,1,1,1,1,1
0.168118750,1,1,1,1,1,1,1,1
0.168127250,0,1,1,1,1,1,1,1
0.168152250,1,1,1,1,1,1,1,1
0.168160750,0,1,1,1,1,1,1,1
0.168169750,1,1,1,1,1,1,1,1
0.168194250,0,1,1,1,1,1,1,1
0.168211250,1,1,1,1,1,1,1,1
0.168505000,0,1,1,1,1,1,1,1
0.168536750,1,1,1,1,1,1,1,1
0.168568500,0,1,1,1,1,1,1,1
0.168577000,1,1,1,1,1,1,1,1
0.168585250,0,1,1,1,1,1,1,1
0.168593750,1,1,1,1,1,1,1,1
0.168610000,0,1,1,1,1,1,1,1
0.168618500,1,1,1,1,1,1,1,1
0.168627000,0,1,1,1,1,1,1,1
0.168635500,1,1,1,1,1,1,1,1
0.168651750,0,1,1,1,1,1,1,1
0.168660250,1,1,1,1,1,1,1,1
0.168668500,0,1,1,1,1,1,1,1
0.168677000,1,1,1,1,1,1,1,1
0.168685250,0,1,1,1,1,1,1,1
0.168701750,1,1,1,1,1,1,1,1
0.168726000,0,1,1,1,1,1,1,1
0.168742500,1,1,1,1,1,1,1,1
0.168750750,0,1,1,1,1,1,1,1
0.168783000,1,1,1,1,1,1,1,1
0.168791250,0,1,1,1,1,1,1,1
0.168823750,1,1,1,1,1,1,1,1
0.168832000,0,1,1,1,1,1,1,1
0.168864250,1,1,1,1,1,1,1,1
0.168872500,0,1,1,1,1,1,1,1
0.168905000,1,1,1,1,1,1,1,1
0.168913250,0,1,1,1,1,1,1,1
0.168945500,1,1,1,1,1,1,1,1
0.168969750,0,1,1,1,1,1,1,1
0.168986000,1,1,1,1,1,1,1,1
0.168994500,0,1,1,1,1,1,1,1
0.169026750,1,1,1,1,1,1,1,1
0.169035000,0,1,1,1,1,1,1,1
0.169043500,1,1,1,1,1,1,1,1
0.169052000,0,1,1,1,1,1,1,1
0.169068250,1,1,1,1,1,1,1,1
0.169108250,0,1,1,1,1,1,1,1
0.169116750,1,1,1,1,1,1,1,1
0.169149000,0,1,1,1,1,1,1,1
0.169157500,1,1,1,1,1,1,1,1
0.169189500,0,1,1,1,1,1,1,1
0.169198000,1,1,1,1,1,1,1,1
0.169230250,0,1,1,1,1,1,1,1
0.169270500,1,1,1,1,1,1,1,1
0.169278750,0,1,1,1,1,1,1,1
0.169311000,1,1,1,1,1,1,1,1
0.169351000,0,1,1,1,1,1,1,1
0.169359500,1,1,1,1,1,1,1,1
0.169391750,0,1,1,1,1,1,1,1
0.169400250,1,1,1,1,1,1,1,1
0.169432250,0,1,1,1,1,1,1,1
0.169440750,1,1,1,1,1,1,1,1
0.169473000,0,1,1,1,1,1,1,1
0.169481500,1,1,1,1,1,1,1,1
0.169513500,0,1,1,1,1,1,1,1
0.169522000,1,1,1,1,1,1,1,1
0.169554000,0,1,1,1,1,1,1,1
0.169594250,1,1,1,1,1,1,1,1
0.169602750,0,1,1,1,1,1,1,1
0.169635000,1,1,1,1,1,1,1,1
0.169643250,0,1,1,1,1,1,1,1
0.169651750,1,1,1,1,1,1,1,1
0.169676000,0,1,1,1,1,1,1,1
0.169708250,1,1,1,1,1,1,1,1
0.169716500,0,1,1,1,1,1,1,1
0.169749000,1,1,1,1,1,1,1,1
0.169757250,0,1,1,1,1,1,1,1
0.169773750,1,1,1,1,1,1,1,1
0.169782000,0,1,1,1,1,1,1,1
0.169806250,1,1,1,1,1,1,1,1
0.169815000,0,1,1,1,1,1,1,1
0.169823750,1,1,1,1,1,1,1,1
0.187232250,0,1,1,1,1,1,1,1
0.187264750,1,1,1,1,1,1,1,1
0.187296250,0,1,1,1,1,1,1,1
0.187305250,1,1,1,1,1,1,1,1
0.187313750,0,1,1,1,1,1,1,1
0.187322750,1,1,1,1,1,1,1,1
0.187331250,0,1,1,1,1,1,1,1
0.187348250,1,1,1,1,1,1,1,1
0.187388750,0,1,1,1,1,1,1,1
0.187397750,1,1,1,1,1,1,1,1
0.187414250,0,1,1,1,1,1,1,1
0.187431250,1,1,1,1,1,1,1,1
0.187455750,0,1,1,1,1,1,1,1
0.187472750,1,1,1,1,1,1,1,1
0.187497250,0,1,1,1,1,1,1,1
0.187514250,1,1,1,1,1,1,1,1
0.187522750,0,1,1,1,1,1,1,1
0.187555750,1,1,1,1,1,1,1,1
0.187564250,0,1,1,1,1,1,1,1
0.187597250,1,1,1,1,1,1,1,1
0.187605750,0,1,1,1,1,1,1,1
0.187638750,1,1,1,1,1,1,1,1
0.187647250,0,1,1,1,1,1,1,1
0.187680250,1,1,1,1,1,1,1,1
0.187688750,0,1,1,1,1,1,1,1
0.187713750,1,1,1,1,1,1,1,1
0.187722250,0,1,1,1,1,1,1,1
0.187747250,1,1,1,1,1,1,1,1
0.187755750,0,1,1,1,1,1,1,1
0.187764750,1,1,1,1,1,1,1,1
0.187789250,0,1,1,1,1,1,1,1
0.187806250,1,1,1,1,1,1,1,1
0.187846750,0,1,1,1,1,1,1,1
0.187887750,1,1,1,1,1,1,1,1
0.187896250,0,1,1,1,1,1,1,1
0.187929250,1,1,1,1,1,1,1,1
0.187937750,0,1,1,1,1,1,1,1
0.187970750,1,1,1,1,1,1,1,1
0.188011250,0,1,1,1,1,1,1,1
0.188020250,1,1,1,1,1,1,1,1
0.188052750,0,1,1,1,1,1,1,1
0.188077750,1,1,1,1,1,1,1,1
0.188086250,0,1,1,1,1,1,1,1
0.188095250,1,1,1,1,1,1,1,1
0.188103750,0,1,1,1,1,1,1,1
0.188136750,1,1,1,1,1,1,1,1
0.188145250,0,1,1,1,1,1,1,1
0.188154250,1,1,1,1,1,1,1,1
0.188162750,0,1,1,1,1,1,1,1
0.188179750,1,1,1,1,1,1,1,1
0.188188250,0,1,1,1,1,1,1,1
0.188205250,1,1,1,1,1,1,1,1
0.188213750,0,1,1,1,1,1,1,1
0.188222750,1,1,1,1,1,1,1,1
0.188231250,0,1,1,1,1,1,1,1
0.188264250,1,1,1,1,1,1,1,1
0.188272750,0,1,1,1,1,1,1,1
0.188305750,1,1,1,1,1,1,1,1
0.188314250,0,1,1,1,1,1,1,1
0.188347250,1,1,1,1,1,1,1,1
0.188355750,0,1,1,1,1,1,1,1
0.188388750,1,1,1,1,1,1,1,1
0.188397250,0,1,1,1,1,1,1,1
0.188414250,1,1,1,1,1,1,1,1
0.188430750,0,1,1,1,1,1,1,1
0.188439750,1,1,1,1,1,1,1,1
0.188456250,0,1,1,1,1,1,1,1
0.188465250,1,1,1,1,1,1,1,1
0.188473750,0,1,1,1,1,1,1,1
0.188482750,1,1,1,1,1,1,1,1
0.188491250,0,1,1,1,1,1,1,1
0.188500250,1,1,1,1,1,1,1,1
0.188508750,0,1,1,1,1,1,1,1
0.188517750,1,1,1,1,1,1,1,1
0.188526250,0,1,1,1,1,1,1,1
0.188535250,1,1,1,1,1,1,1,1
0.188543750,0,1,1,1,1,1,1,1
0.188568750,1,1,1,1,1,1,1,1
0.188577000,0,1,1,1,1,1,1,1
0.188585500,1,1,1,1,1,1,1,1
0.217410750,0,1,1,1,1,1,1,1
0.217443250,1,1,1,1,1,1,1,1
0.217474750,0,1,1,1,1,1,1,1
0.217483750,1,1,1,1,1,1,1,1
0.217500250,0,1,1,1,1,1,1,1
0.217525250,1,1,1,1,1,1,1,1
0.217533750,0,1,1,1,1,1,1,1
0.217550750,1,1,1,1,1,1,1,1
0.217559250,0,1,1,1,1,1,1,1
0.217568250,1,1,1,1,1,1,1,1
0.217576750,0,1,1,1,1,1,1,1
0.217585750,1,1,1,1,1,1,1,1
0.217594250,0,1,1,1,1,1,1,1
0.217611250,1,1,1,1,1,1,1,1
0.217627750,0,1,1,1,1,1,1,1
0.217652750,1,1,1,1,1,1,1,1
0.217661250,0,1,1,1,1,1,1,1
0.217694250,1,1,1,1,1,1,1,1
0.217702750,0,1,1,1,1,1,1,1
0.217735750,1,1,1,1,1,1,1,1
0.217744250,0,1,1,1,1,1,1,1
0.217777250,1,1,1,1,1,1,1,1
0.217785750,0,1,1,1,1,1,1,1
0.217818750,1,1,1,1,1,1,1,1
0.217827250,0,1,1,1,1,1,1,1
0.217860250,1,1,1,1,1,1,1,1
0.217868750,0,1,1,1,1,1,1,1
0.217901750,1,1,1,1,1,1,1,1
0.217910250,0,1,1,1,1,1,1,1
0.217943250,1,1,1,1,1,1,1,1
0.217951750,0,1,1,1,1,1,1,1
0.217984750,1,1,1,1,1,1,1,1
0.217993250,0,1,1,1,1,1,1,1
0.218026250,1,1,1,1,1,1,1,1
0.218034750,0,1,1,1,1,1,1,1
0.218067750,1,1,1,1,1,1,1,1
0.218076250,0,1,1,1,1,1,1,1
0.218109250,1,1,1,1,1,1,1,1
0.218117750,0,1,1,1,1,1,1,1
0.218150750,1,1,1,1,1,1,1,1
0.218159250,0,1,1,1,1,1,1,1
0.218168250,1,1,1,1,1,1,1,1
0.218176750,0,1,1,1,1,1,1,1
0.218185750,1,1,1,1,1,1,1,1
0.218194250,0,1,1,1,1,1,1,1
0.218227250,1,1,1,1,1,1,1,1
0.218235750,0,1,1,1,1,1,1,1
0.218260750,1,1,1,1,1,1,1,1
0.218277250,0,1,1,1,1,1,1,1
0.218294250,1,1,1,1,1,1,1,1
0.218302750,0,1,1,1,1,1,1,1
0.218319750,1,1,1,1,1,1,1,1
0.218328250,0,1,1,1,1,1,1,1
0.218353250,1,1,1,1,1,1,1,1
0.218361750,0,1,1,1,1,1,1,1
0.218370750,1,1,1,1,1,1,1,1
0.218395250,0,1,1,1,1,1,1,1
0.218412250,1,1,1,1,1,1,1,1
0.221892750,0,1,1,1,1,1,1,1
0.221925000,1,1,1,1,1,1,1,1
0.221956750,0,1,1,1,1,1,1,1
0.221965500,1,1,1,1,1,1,1,1
0.221973750,0,1,1,1,1,1,1,1
0.221982500,1,1,1,1,1,1,1,1
0.221991250,0,1,1,1,1,1,1,1
0.222008000,1,1,1,1,1,1,1,1
0.222016750,0,1,1,1,1,1,1,1
0.222025500,1,1,1,1,1,1,1,1
0.222042250,0,1,1,1,1,1,1,1
0.222051000,1,1,1,1,1,1,1,1
0.222059750,0,1,1,1,1,1,1,1
0.222068500,1,1,1,1,1,1,1,1
0.222076750,0,1,1,1,1,1,1,1
0.222093500,1,1,1,1,1,1,1,1
0.222118250,0,1,1,1,1,1,1,1
0.222135000,1,1,1,1,1,1,1,1
0.222143750,0,1,1,1,1,1,1,1
0.222176500,1,1,1,1,1,1,1,1
0.222185250,0,1,1,1,1,1,1,1
0.222218000,1,1,1,1,1,1,1,1
0.222226750,0,1,1,1,1,1,1,1
0.222259500,1,1,1,1,1,1,1,1
0.222268250,0,1,1,1,1,1,1,1
0.222301000,1,1,1,1,1,1,1,1
0.222309750,0,1,1,1,1,1,1,1
0.222342500,1,1,1,1,1,1,1,1
0.222351250,0,1,1,1,1,1,1,1
0.222384000,1,1,1,1,1,1,1,1
0.222392750,0,1,1,1,1,1,1,1
0.222425500,1,1,1,1,1,1,1,1
0.222434250,0,1,1,1,1,1,1,1
0.222467000,1,1,1,1,1,1,1,1
0.222475750,0,1,1,1,1,1,1,1
0.222508500,1,1,1,1,1,1,1,1
0.222517250,0,1,1,1,1,1,1,1
0.222550000,1,1,1,1,1,1,1,1
0.222566750,0,1,1,1,1,1,1,1
0.222591500,1,1,1,1,1,1,1,1
0.222616250,0,1,1,1,1,1,1,1
0.222633000,1,1,1,1,1,1,1,1
0.222657750,0,1,1,1,1,1,1,1
0.222666500,1,1,1,1,1,1,1,1
0.222674750,0,1,1,1,1,1,1,1
0.222683500,1,1,1,1,1,1,1,1
0.222692250,0,1,1,1,1,1,1,1
0.222701000,1,1,1,1,1,1,1,1
0.222709250,0,1,1,1,1,1,1,1
0.222726000,1,1,1,1,1,1,1,1
0.222734500,0,1,1,1,1,1,1,1
0.222743500,1,1,1,1,1,1,1,1
0.232487500,0,1,1,1,1,1,1,1
0.232520000,1,1,1,1,1,1,1,1
0.232551500,0,1,1,1,1,1,1,1
0.232560500,1,1,1,1,1,1,1,1
0.232577000,0,1,1,1,1,1,1,1
0.232602000,1,1,1,1,1,1,1,1
0.232618500,0,1,1,1,1,1,1,1
0.232627500,1,1,1,1,1,1,1,1
0.232636000,0,1,1,1,1,1,1,1
0.232645000,1,1,1,1,1,1,1,1
0.232653500,0,1,1,1,1,1,1,1
0.232662500,1,1,1,1,1,1,1,1
0.232671000,0,1,1,1,1,1,1,1
0.232688000,1,1,1,1,1,1,1,1
0.232704500,0,1,1,1,1,1,1,1
0.232729500,1,1,1,1,1,1,1,1
0.232746000,0,1,1,1,1,1,1,1
0.232755000,1,1,1,1,1,1,1,1
0.232763500,0,1,1,1,1,1,1,1
0.232772500,1,1,1,1,1,1,1,1
0.232813000,0,1,1,1,1,1,1,1
0.232854000,1,1,1,1,1,1,1,1
0.232862500,0,1,1,1,1,1,1,1
0.232887500,1,1,1,1,1,1,1,1
0.232896000,0,1,1,1,1,1,1,1
0.232905000,1,1,1,1,1,1,1,1
0.232937500,0,1,1,1,1,1,1,1
0.232946500,1,1,1,1,1,1,1,1
0.232979000,0,1,1,1,1,1,1,1
0.233004000,1,1,1,1,1,1,1,1
0.233020500,0,1,1,1,1,1,1,1
0.233061500,1,1,1,1,1,1,1,1
0.233102000,0,1,1,1,1,1,1,1
0.233119000,1,1,1,1,1,1,1,1
0.233127500,0,1,1,1,1,1,1,1
0.233136500,1,1,1,1,1,1,1,1
0.233145000,0,1,1,1,1,1,1,1
0.233186000,1,1,1,1,1,1,1,1
0.233194500,0,1,1,1,1,1,1,1
0.233203500,1,1,1,1,1,1,1,1
0.233212000,0,1,1,1,1,1,1,1
0.233221000,1,1,1,1,1,1,1,1
0.233229500,0,1,1,1,1,1,1,1
0.233238500,1,1,1,1,1,1,1,1
0.233247000,0,1,1,1,1,1,1,1
0.233272000,1,1,1,1,1,1,1,1
0.233288500,0,1,1,1,1,1,1,1
0.233297500,1,1,1,1,1,1,1,1
0.233306000,0,1,1,1,1,1,1,1
0.233315000,1,1,1,1,1,1,1,1
0.233331500,0,1,1,1,1,1,1,1
0.233348500,1,1,1,1,1,1,1,1
0.233357000,0,1,1,1,1,1,1,1
0.233382000,1,1,1,1,1,1,1,1
0.233398500,0,1,1,1,1,1,1,1
0.233415500,1,1,1,1,1,1,1,1
0.233440000,0,1,1,1,1,1,1,1
0.233489000,1,1,1,1,1,1,1,1
0.267747250,0,1,1,1,1,1,1,1
0.267779500,1,1,1,1,1,1,1,1
0.267811250,0,1,1,1,1,1,1,1
0.267820000,1,1,1,1,1,1,1,1
0.267836750,0,1,1,1,1,1,1,1
0.267861500,1,1,1,1,1,1,1,1
0.267870250,0,1,1,1,1,1,1,1
0.267887000,1,1,1,1,1,1,1,1
0.267895750,0,1,1,1,1,1,1,1
0.267904500,1,1,1,1,1,1,1,1
0.267913250,0,1,1,1,1,1,1,1
0.267922000,1,1,1,1,1,1,1,1
0.267930750,0,1,1,1,1,1,1,1
0.267947500,1,1,1,1,1,1,1,1
0.267964250,0,1,1,1,1,1,1,1
0.267989000,1,1,1,1,1,1,1,1
0.267997750,0,1,1,1,1,1,1,1
0.268030500,1,1,1,1,1,1,1,1
0.268039250,0,1,1,1,1,1,1,1
0.268072000,1,1,1,1,1,1,1,1
0.268080750,0,1,1,1,1,1,1,1
0.268113750,1,1,1,1,1,1,1,1
0.268122250,0,1,1,1,1,1,1,1
0.268155250,1,1,1,1,1,1,1,1
0.268163750,0,1,1,1,1,1,1,1
0.268196750,1,1,1,1,1,1,1,1
0.268205250,0,1,1,1,1,1,1,1
0.268238250,1,1,1,1,1,1,1,1
0.268246750,0,1,1,1,1,1,1,1
0.268279750,1,1,1,1,1,1,1,1
0.268288250,0,1,1,1,1,1,1,1
0.268321250,1,1,1,1,1,1,1,1
0.268329750,0,1,1,1,1,1,1,1
0.268362750,1,1,1,1,1,1,1,1
0.268371250,0,1,1,1,1,1,1,1
0.268404250,1,1,1,1,1,1,1,1
0.268412750,0,1,1,1,1,1,1,1
0.268445750,1,1,1,1,1,1,1,1
0.268454250,0,1,1,1,1,1,1,1
0.268487250,1,1,1,1,1,1,1,1
0.268495750,0,1,1,1,1,1,1,1
0.268504750,1,1,1,1,1,1,1,1
0.268513250,0,1,1,1,1,1,1,1
0.268522250,1,1,1,1,1,1,1,1
0.268530750,0,1,1,1,1,1,1,1
0.268563750,1,1,1,1,1,1,1,1
0.268572250,0,1,1,1,1,1,1,1
0.268597250,1,1,1,1,1,1,1,1
0.268613750,0,1,1,1,1,1,1,1
0.268630750,1,1,1,1,1,1,1,1
0.268639250,0,1,1,1,1,1,1,1
0.268656250,1,1,1,1,1,1,1,1
0.268664750,0,1,1,1,1,1,1,1
0.268689750,1,1,1,1,1,1,1,1
0.268698250,0,1,1,1,1,1,1,1
0.268707250,1,1,1,1,1,1,1,1
0.268731750,0,1,1,1,1,1,1,1
0.268748750,1,1,1,1,1,1,1,1
0.287710250,0,1,1,1,1,1,1,1
0.287742500,1,1,1,1,1,1,1,1
0.287774250,0,1,1,1,1,1,1,1
0.287783000,1,1,1,1,1,1,1,1
0.287791750,0,1,1,1,1,1,1,1
0.287800500,1,1,1,1,1,1,1,1
0.287809250,0,1,1,1,1,1,1,1
0.287826000,1,1,1,1,1,1,1,1
0.287850750,0,1,1,1,1,1,1,1
0.287859500,1,1,1,1,1,1,1,1
0.287868250,0,1,1,1,1,1,1,1
0.287877000,1,1,1,1,1,1,1,1
0.287893750,0,1,1,1,1,1,1,1
0.287910500,1,1,1,1,1,1,1,1
0.287927250,0,1,1,1,1,1,1,1
0.287952000,1,1,1,1,1,1,1,1
0.287968750,0,1,1,1,1,1,1,1
0.287993500,1,1,1,1,1,1,1,1
0.288002250,0,1,1,1,1,1,1,1
0.288035000,1,1,1,1,1,1,1,1
0.288043750,0,1,1,1,1,1,1,1
0.288076500,1,1,1,1,1,1,1,1
0.288085250,0,1,1,1,1,1,1,1
0.288118000,1,1,1,1,1,1,1,1
0.288158750,0,1,1,1,1,1,1,1
0.288167500,1,1,1,1,1,1,1,1
0.288200250,0,1,1,1,1,1,1,1
0.288241000,1,1,1,1,1,1,1,1
0.288249750,0,1,1,1,1,1,1,1
0.288266500,1,1,1,1,1,1,1,1
0.288275250,0,1,1,1,1,1,1,1
0.288284000,1,1,1,1,1,1,1,1
0.288300750,0,1,1,1,1,1,1,1
0.288317500,1,1,1,1,1,1,1,1
0.288326250,0,1,1,1,1,1,1,1
0.288335000,1,1,1,1,1,1,1,1
0.288351750,0,1,1,1,1,1,1,1
0.288368500,1,1,1,1,1,1,1,1
0.288409250,0,1,1,1,1,1,1,1
0.288418000,1,1,1,1,1,1,1,1
0.288450750,0,1,1,1,1,1,1,1
0.288459500,1,1,1,1,1,1,1,1
0.288492250,0,1,1,1,1,1,1,1
0.288501250,1,1,1,1,1,1,1,1
0.288533750,0,1,1,1,1,1,1,1
0.288550750,1,1,1,1,1,1,1,1
0.288559250,0,1,1,1,1,1,1,1
0.288576250,1,1,1,1,1,1,1,1
0.288584750,0,1,1,1,1,1,1,1
0.288593750,1,1,1,1,1,1,1,1
0.288602250,0,1,1,1,1,1,1,1
0.288611250,1,1,1,1,1,1,1,1
0.288619750,0,1,1,1,1,1,1,1
0.288628750,1,1,1,1,1,1,1,1
0.288653250,0,1,1,1,1,1,1,1
0.288662250,1,1,1,1,1,1,1,1
0.288678750,0,1,1,1,1,1,1,1
0.288711750,1,1,1,1,1,1,1,1
0.317977750,0,1,1,1,1,1,1,1
0.318010000,1,1,1,1,1,1,1,1
0.318041750,0,1,1,1,1,1,1,1
0.318050500,1,1,1,1,1,1,1,1
0.318067250,0,1,1,1,1,1,1,1
0.318092000,1,1,1,1,1,1,1,1
0.318100750,0,1,1,1,1,1,1,1
0.318117500,1,1,1,1,1,1,1,1
0.318126250,0,1,1,1,1,1,1,1
0.318135000,1,1,1,1,1,1,1,1
0.318143750,0,1,1,1,1,1,1,1
0.318152500,1,1,1,1,1,1,1,1
0.318161250,0,1,1,1,1,1,1,1
0.318178000,1,1,1,1,1,1,1,1
0.318194750,0,1,1,1,1,1,1,1
0.318219500,1,1,1,1,1,1,1,1
0.318228250,0,1,1,1,1,1,1,1
0.318261000,1,1,1,1,1,1,1,1
0.318269750,0,1,1,1,1,1,1,1
0.318302500,1,1,1,1,1,1,1,1
0.318311250,0,1,1,1,1,1,1,1
0.318344000,1,1,1,1,1,1,1,1
0.318352750,0,1,1,1,1,1,1,1
0.318385500,1,1,1,1,1,1,1,1
0.318394250,0,1,1,1,1,1,1,1
0.318427000,1,1,1,1,1,1,1,1
0.318435750,0,1,1,1,1,1,1,1
0.318468500,1,1,1,1,1,1,1,1
0.318477250,0,1,1,1,1,1,1,1
0.318510000,1,1,1,1,1,1,1,1
0.318518750,0,1,1,1,1,1,1,1
0.318551500,1,1,1,1,1,1,1,1
0.318560250,0,1,1,1,1,1,1,1
0.318593000,1,1,1,1,1,1,1,1
0.318601750,0,1,1,1,1,1,1,1
0.318634500,1,1,1,1,1,1,1,1
0.318643250,0,1,1,1,1,1,1,1
0.318676000,1,1,1,1,1,1,1,1
0.318684750,0,1,1,1,1,1,1,1
0.318717500,1,1,1,1,1,1,1,1
0.318726250,0,1,1,1,1,1,1,1
0.318735000,1,1,1,1,1,1,1,1
0.318743750,0,1,1,1,1,1,1,1
0.318752500,1,1,1,1,1,1,1,1
0.318761250,0,1,1,1,1,1,1,1
0.318794000,1,1,1,1,1,1,1,1
0.318802750,0,1,1,1,1,1,1,1
0.318827500,1,1,1,1,1,1,1,1
0.318844250,0,1,1,1,1,1,1,1
0.318861000,1,1,1,1,1,1,1,1
0.318869750,0,1,1,1,1,1,1,1
0.318886500,1,1,1,1,1,1,1,1
0.318895250,0,1,1,1,1,1,1,1
0.318920000,1,1,1,1,1,1,1,1
0.318928750,0,1,1,1,1,1,1,1
0.318937500,1,1,1,1,1,1,1,1
0.318962250,0,1,1,1,1,1,1,1
0.318979000,1,1,1,1,1,1,1,1
0.322243750,0,1,1,1,1,1,1,1
0.322276000,1,1,1,1,1,1,1,1
0.322307750,0,1,1,1,1,1,1,1
0.322316500,1,1,1,1,1,1,1,1
0.322324750,0,1,1,1,1,1,1,1
0.322333500,1,1,1,1,1,1,1,1
0.322341750,0,1,1,1,1,1,1,1
0.322358500,1,1,1,1,1,1,1,1
0.322367250,0,1,1,1,1,1,1,1
0.322376000,1,1,1,1,1,1,1,1
0.322392250,0,1,1,1,1,1,1,1
0.322401000,1,1,1,1,1,1,1,1
0.322409750,0,1,1,1,1,1,1,1
0.322418500,1,1,1,1,1,1,1,1
0.322426750,0,1,1,1,1,1,1,1
0.322443500,1,1,1,1,1,1,1,1
0.322468250,0,1,1,1,1,1,1,1
0.322485000,1,1,1,1,1,1,1,1
0.322493750,0,1,1,1,1,1,1,1
0.322526500,1,1,1,1,1,1,1,1
0.322535250,0,1,1,1,1,1,1,1
0.322568000,1,1,1,1,1,1,1,1
0.322576750,0,1,1,1,1,1,1,1
0.322609500,1,1,1,1,1,1,1,1
0.322618250,0,1,1,1,1,1,1,1
0.322651000,1,1,1,1,1,1,1,1
0.322659750,0,1,1,1,1,1,1,1
0.322692500,1,1,1,1,1,1,1,1
0.322701250,0,1,1,1,1,1,1,1
0.322734000,1,1,1,1,1,1,1,1
0.322742750,0,1,1,1,1,1,1,1
0.322775500,1,1,1,1,1,1,1,1
0.322784250,0,1,1,1,1,1,1,1
0.322817000,1,1,1,1,1,1,1,1
0.322825750,0,1,1,1,1,1,1,1
0.322858500,1,1,1,1,1,1,1,1
0.322867250,0,1,1,1,1,1,1,1
0.322900000,1,1,1,1,1,1,1,1
0.322916750,0,1,1,1,1,1,1,1
0.322941500,1,1,1,1,1,1,1,1
0.322966250,0,1,1,1,1,1,1,1
0.322983000,1,1,1,1,1,1,1,1
0.323007750,0,1,1,1,1,1,1,1
0.323016500,1,1,1,1,1,1,1,1
0.323024750,0,1,1,1,1,1,1,1
0.323033500,1,1,1,1,1,1,1,1
0.323042250,0,1,1,1,1,1,1,1
0.323051000,1,1,1,1,1,1,1,1
0.323059250,0,1,1,1,1,1,1,1
0.323076000,1,1,1,1,1,1,1,1
0.323084500,0,1,1,1,1,1,1,1
0.323093250,1,1,1,1,1,1,1,1
0.335373000,0,1,1,1,1,1,1,1
0.335405000,1,1,1,1,1,1,1,1
0.335436750,0,1,1,1,1,1,1,1
0.335445250,1,1,1,1,1,1,1,1
0.335453500,0,1,1,1,1,1,1,1
0.335462250,1,1,1,1,1,1,1,1
0.335470500,0,1,1,1,1,1,1,1
0.335479250,1,1,1,1,1,1,1,1
0.335487500,0,1,1,1,1,1,1,1
0.335496000,1,1,1,1,1,1,1,1
0.335520250,0,1,1,1,1,1,1,1
0.335529000,1,1,1,1,1,1,1,1
0.335537250,0,1,1,1,1,1,1,1
0.335545750,1,1,1,1,1,1,1,1
0.335554250,0,1,1,1,1,1,1,1
0.335570750,1,1,1,1,1,1,1,1
0.335595000,0,1,1,1,1,1,1,1
0.335611500,1,1,1,1,1,1,1,1
0.335619750,0,1,1,1,1,1,1,1
0.335636500,1,1,1,1,1,1,1,1
0.335644750,0,1,1,1,1,1,1,1
0.335653500,1,1,1,1,1,1,1,1
0.335661750,0,1,1,1,1,1,1,1
0.335694250,1,1,1,1,1,1,1,1
0.335702500,0,1,1,1,1,1,1,1
0.335727000,1,1,1,1,1,1,1,1
0.335735250,0,1,1,1,1,1,1,1
0.335744000,1,1,1,1,1,1,1,1
0.335768250,0,1,1,1,1,1,1,1
0.335776750,1,1,1,1,1,1,1,1
0.335793000,0,1,1,1,1,1,1,1
0.335817500,1,1,1,1,1,1,1,1
0.335833750,0,1,1,1,1,1,1,1
0.335842500,1,1,1,1,1,1,1,1
0.335850750,0,1,1,1,1,1,1,1
0.335859500,1,1,1,1,1,1,1,1
0.335867750,0,1,1,1,1,1,1,1
0.335876250,1,1,1,1,1,1,1,1
0.335884500,0,1,1,1,1,1,1,1
0.335893250,1,1,1,1,1,1,1,1
0.335901500,0,1,1,1,1,1,1,1
0.335950000,1,1,1,1,1,1,1,1
0.335958500,0,1,1,1,1,1,1,1
0.335967500,1,1,1,1,1,1,1,1
0.368216750,0,1,1,1,1,1,1,1
0.368249000,1,1,1,1,1,1,1,1
0.368280750,0,1,1,1,1,1,1,1
0.368289500,1,1,1,1,1,1,1,1
0.368306250,0,1,1,1,1,1,1,1
0.368331000,1,1,1,1,1,1,1,1
0.368339750,0,1,1,1,1,1,1,1
0.368356500,1,1,1,1,1,1,1,1
0.368365250,0,1,1,1,1,1,1,1
0.368374000,1,1,1,1,1,1,1,1
0.368382750,0,1,1,1,1,1,1,1
0.368391500,1,1,1,1,1,1,1,1
0.368400250,0,1,1,1,1,1,1,1
0.368417000,1,1,1,1,1,1,1,1
0.368433750,0,1,1,1,1,1,1,1
0.368458500,1,1,1,1,1,1,1,1
0.368467250,0,1,1,1,1,1,1,1
0.368500000,1,1,1,1,1,1,1,1
0.368508750,0,1,1,1,1,1,1,1
0.368541500,1,1,1,1,1,1,1,1
0.368550250,0,1,1,1,1,1,1,1
0.368583000,1,1,1,1,1,1,1,1
0.368591750,0,1,1,1,1,1,1,1
0.368624500,1,1,1,1,1,1,1,1
0.368633250,0,1,1,1,1,1,1,1
0.368666000,1,1,1,1,1,1,1,1
0.368674750,0,1,1,1,1,1,1,1
0.368707500,1,1,1,1,1,1,1,1
0.368716250,0,1,1,1,1,1,1,1
0.368749000,1,1,1,1,1,1,1,1
0.368757750,0,1,1,1,1,1,1,1
0.368790500,1,1,1,1,1,1,1,1
0.368799250,0,1,1,1,1,1,1,1
0.368832000,1,1,1,1,1,1,1,1
0.368840750,0,1,1,1,1,1,1,1
0.368873500,1,1,1,1,1,1,1,1
0.368882250,0,1,1,1,1,1,1,1
0.368915000,1,1,1,1,1,1,1,1
0.368923750,0,1,1,1,1,1,1,1
0.368956500,1,1,1,1,1,1,1,1
0.368965250,0,1,1,1,1,1,1,1
0.368974000,1,1,1,1,1,1,1,1
0.368982750,0,1,1,1,1,1,1,1
0.368991500,1,1,1,1,1,1,1,1
0.369000250,0,1,1,1,1,1,1,1
0.369033000,1,1,1,1,1,1,1,1
0.369041750,0,1,1,1,1,1,1,1
0.369066500,1,1,1,1,1,1,1,1
0.369083250,0,1,1,1,1,1,1,1
0.369100000,1,1,1,1,1,1,1,1
0.369108750,0,1,1,1,1,1,1,1
0.369125500,1,1,1,1,1,1,1,1
0.369134250,0,1,1,1,1,1,1,1
0.369159000,1,1,1,1,1,1,1,1
0.369167750,0,1,1,1,1,1,1,1
0.369176500,1,1,1,1,1,1,1,1
0.369201250,0,1,1,1,1,1,1,1
0.369218000,1,1,1,1,1,1,1,1
0.371469500,0,1,1,1,1,1,1,1
0.371501250,1,1,1,1,1,1,1,1
0.371532750,0,1,1,1,1,1,1,1
0.371541250,1,1,1,1,1,1,1,1
0.371549500,0,1,1,1,1,1,1,1
0.371558000,1,1,1,1,1,1,1,1
0.371574500,0,1,1,1,1,1,1,1
0.371583000,1,1,1,1,1,1,1,1
0.371591250,0,1,1,1,1,1,1,1
0.371599750,1,1,1,1,1,1,1,1
0.371616000,0,1,1,1,1,1,1,1
0.371624500,1,1,1,1,1,1,1,1
0.371632750,0,1,1,1,1,1,1,1
0.371641250,1,1,1,1,1,1,1,1
0.371649750,0,1,1,1,1,1,1,1
0.371666000,1,1,1,1,1,1,1,1
0.371690250,0,1,1,1,1,1,1,1
0.371706750,1,1,1,1,1,1,1,1
0.371715000,0,1,1,1,1,1,1,1
0.371747250,1,1,1,1,1,1,1,1
0.371755750,0,1,1,1,1,1,1,1
0.371788000,1,1,1,1,1,1,1,1
0.371796250,0,1,1,1,1,1,1,1
0.371828500,1,1,1,1,1,1,1,1
0.371837000,0,1,1,1,1,1,1,1
0.371869250,1,1,1,1,1,1,1,1
0.371877500,0,1,1,1,1,1,1,1
0.371909750,1,1,1,1,1,1,1,1
0.371934000,0,1,1,1,1,1,1,1
0.371950500,1,1,1,1,1,1,1,1
0.371958750,0,1,1,1,1,1,1,1
0.371991000,1,1,1,1,1,1,1,1
0.371999250,0,1,1,1,1,1,1,1
0.372007750,1,1,1,1,1,1,1,1
0.372016250,0,1,1,1,1,1,1,1
0.372032500,1,1,1,1,1,1,1,1
0.372072750,0,1,1,1,1,1,1,1
0.372081250,1,1,1,1,1,1,1,1
0.372113250,0,1,1,1,1,1,1,1
0.372121750,1,1,1,1,1,1,1,1
0.372154000,0,1,1,1,1,1,1,1
0.372162500,1,1,1,1,1,1,1,1
0.372194500,0,1,1,1,1,1,1,1
0.372234750,1,1,1,1,1,1,1,1
0.372243000,0,1,1,1,1,1,1,1
0.372275250,1,1,1,1,1,1,1,1
0.372315250,0,1,1,1,1,1,1,1
0.372323750,1,1,1,1,1,1,1,1
0.372356000,0,1,1,1,1,1,1,1
0.372364500,1,1,1,1,1,1,1,1
0.372396500,0,1,1,1,1,1,1,1
0.372405000,1,1,1,1,1,1,1,1
0.372437250,0,1,1,1,1,1,1,1
0.372445750,1,1,1,1,1,1,1,1
0.372477750,0,1,1,1,1,1,1,1
0.372486250,1,1,1,1,1,1,1,1
0.372518500,0,1,1,1,1,1,1,1
0.372558750,1,1,1,1,1,1,1,1
0.372567000,0,1,1,1,1,1,1,1
0.372599250,1,1,1,1,1,1,1,1
0.372607500,0,1,1,1,1,1,1,1
0.372616000,1,1,1,1,1,1,1,1
0.372640250,0,1,1,1,1,1,1,1
0.372672500,1,1,1,1,1,1,1,1
0.372681000,0,1,1,1,1,1,1,1
0.372713250,1,1,1,1,1,1,1,1
0.372721500,0,1,1,1,1,1,1,1
0.372738000,1,1,1,1,1,1,1,1
0.372746250,0,1,1,1,1,1,1,1
0.372770500,1,1,1,1,1,1,1,1
0.372779250,0,1,1,1,1,1,1,1
0.372788250,1,1,1,1,1,1,1,1
0.388484750,0,1,1,1,1,1,1,1
0.388517000,1,1,1,1,1,1,1,1
0.388548750,0,1,1,1,1,1,1,1
0.388557500,1,1,1,1,1,1,1,1
0.388566250,0,1,1,1,1,1,1,1
0.388575000,1,1,1,1,1,1,1,1
0.388583750,0,1,1,1,1,1,1,1
0.388600500,1,1,1,1,1,1,1,1
0.388641250,0,1,1,1,1,1,1,1
0.388650000,1,1,1,1,1,1,1,1
0.388666750,0,1,1,1,1,1,1,1
0.388683500,1,1,1,1,1,1,1,1
0.388708250,0,1,1,1,1,1,1,1
0.388725000,1,1,1,1,1,1,1,1
0.388749750,0,1,1,1,1,1,1,1
0.388766500,1,1,1,1,1,1,1,1
0.388775250,0,1,1,1,1,1,1,1
0.388808000,1,1,1,1,1,1,1,1
0.388816750,0,1,1,1,1,1,1,1
0.388849500,1,1,1,1,1,1,1,1
0.388858250,0,1,1,1,1,1,1,1
0.388891000,1,1,1,1,1,1,1,1
0.388899750,0,1,1,1,1,1,1,1
0.388932500,1,1,1,1,1,1,1,1
0.388941250,0,1,1,1,1,1,1,1
0.388966000,1,1,1,1,1,1,1,1
0.388974750,0,1,1,1,1,1,1,1
0.388999500,1,1,1,1,1,1,1,1
0.389008250,0,1,1,1,1,1,1,1
0.389017000,1,1,1,1,1,1,1,1
0.389041750,0,1,1,1,1,1,1,1
0.389058500,1,1,1,1,1,1,1,1
0.389099250,0,1,1,1,1,1,1,1
0.389140000,1,1,1,1,1,1,1,1
0.389148750,0,1,1,1,1,1,1,1
0.389181500,1,1,1,1,1,1,1,1
0.389190250,0,1,1,1,1,1,1,1
0.389223000,1,1,1,1,1,1,1,1
0.389263750,0,1,1,1,1,1,1,1
0.389272500,1,1,1,1,1,1,1,1
0.389305250,0,1,1,1,1,1,1,1
0.389330000,1,1,1,1,1,1,1,1
0.389338750,0,1,1,1,1,1,1,1
0.389347500,1,1,1,1,1,1,1,1
0.389356250,0,1,1,1,1,1,1,1
0.389389000,1,1,1,1,1,1,1,1
0.389397750,0,1,1,1,1,1,1,1
0.389406500,1,1,1,1,1,1,1,1
0.389415250,0,1,1,1,1,1,1,1
0.389432000,1,1,1,1,1,1,1,1
0.389440750,0,1,1,1,1,1,1,1
0.389457500,1,1,1,1,1,1,1,1
0.389466250,0,1,1,1,1,1,1,1
0.389475000,1,1,1,1,1,1,1,1
0.389483750,0,1,1,1,1,1,1,1
0.389516500,1,1,1,1,1,1,1,1
0.389525250,0,1,1,1,1,1,1,1
0.389558000,1,1,1,1,1,1,1,1
0.389566750,0,1,1,1,1,1,1,1
0.389599500,1,1,1,1,1,1,1,1
0.389608250,0,1,1,1,1,1,1,1
0.389641000,1,1,1,1,1,1,1,1
0.389649750,0,1,1,1,1,1,1,1
0.389666500,1,1,1,1,1,1,1,1
0.389683250,0,1,1,1,1,1,1,1
0.389692000,1,1,1,1,1,1,1,1
0.389708750,0,1,1,1,1,1,1,1
0.389717500,1,1,1,1,1,1,1,1
0.389726250,0,1,1,1,1,1,1,1
0.389735000,1,1,1,1,1,1,1,1
0.389743750,0,1,1,1,1,1,1,1
0.389752500,1,1,1,1,1,1,1,1
0.389761250,0,1,1,1,1,1,1,1
0.389770000,1,1,1,1,1,1,1,1
0.389778750,0,1,1,1,1,1,1,1
0.389787500,1,1,1,1,1,1,1,1
0.389796250,0,1,1,1,1,1,1,1
0.389821000,1,1,1,1,1,1,1,1
0.389829750,0,1,1,1,1,1,1,1
0.389838250,1,1,1,1,1,1,1,1
0.418719500,0,1,1,1,1,1,1,1
0.418752000,1,1,1,1,1,1,1,1
0.418783500,0,1,1,1,1,1,1,1
0.418792500,1,1,1,1,1,1,1,1
0.418809000,0,1,1,1,1,1,1,1
0.418834000,1,1,1,1,1,1,1,1
0.418842500,0,1,1,1,1,1,1,1
0.418859500,1,1,1,1,1,1,1,1
0.418868000,0,1,1,1,1,1,1,1
0.418877000,1,1,1,1,1,1,1,1
0.418885500,0,1,1,1,1,1,1,1
0.418894500,1,1,1,1,1,1,1,1
0.418903000,0,1,1,1,1,1,1,1
0.418920000,1,1,1,1,1,1,1,1
0.418936500,0,1,1,1,1,1,1,1
0.418961500,1,1,1,1,1,1,1,1
0.418970000,0,1,1,1,1,1,1,1
0.419003000,1,1,1,1,1,1,1,1
0.419011500,0,1,1,1,1,1,1,1
0.419044500,1,1,1,1,1,1,1,1
0.419053000,0,1,1,1,1,1,1,1
0.419086000,1,1,1,1,1,1,1,1
0.419094500,0,1,1,1,1,1,1,1
0.419127500,1,1,1,1,1,1,1,1
0.419136250,0,1,1,1,1,1,1,1
0.419169000,1,1,1,1,1,1,1,1
0.419177750,0,1,1,1,1,1,1,1
0.419210500,1,1,1,1,1,1,1,1
0.419219250,0,1,1,1,1,1,1,1
0.419252000,1,1,1,1,1,1,1,1
0.419260750,0,1,1,1,1,1,1,1
0.419293500,1,1,1,1,1,1,1,1
0.419302250,0,1,1,1,1,1,1,1
0.419335000,1,1,1,1,1,1,1,1
0.419343750,0,1,1,1,1,1,1,1
0.419376500,1,1,1,1,1,1,1,1
0.419385250,0,1,1,1,1,1,1,1
0.419418000,1,1,1,1,1,1,1,1
0.419426750,0,1,1,1,1,1,1,1
0.419459500,1,1,1,1,1,1,1,1
0.419468250,0,1,1,1,1,1,1,1
0.419477000,1,1,1,1,1,1,1,1
0.419485750,0,1,1,1,1,1,1,1
0.419494500,1,1,1,1,1,1,1,1
0.419503250,0,1,1,1,1,1,1,1
0.419536000,1,1,1,1,1,1,1,1
0.419544750,0,1,1,1,1,1,1,1
0.419569500,1,1,1,1,1,1,1,1
0.419586250,0,1,1,1,1,1,1,1
0.419603000,1,1,1,1,1,1,1,1
0.419611750,0,1,1,1,1,1,1,1
0.419628500,1,1,1,1,1,1,1,1
0.419637250,0,1,1,1,1,1,1,1
0.419662000,1,1,1,1,1,1,1,1
0.419670750,0,1,1,1,1,1,1,1
0.419679500,1,1,1,1,1,1,1,1
0.419704250,0,1,1,1,1,1,1,1
0.419721000,1,1,1,1,1,1,1,1
0.422601750,0,1,1,1,1,1,1,1
0.422634000,1,1,1,1,1,1,1,1
0.422665750,0,1,1,1,1,1,1,1
0.422674500,1,1,1,1,1,1,1,1
0.422683250,0,1,1,1,1,1,1,1
0.422692000,1,1,1,1,1,1,1,1
0.422700750,0,1,1,1,1,1,1,1
0.422717500,1,1,1,1,1,1,1,1
0.422726250,0,1,1,1,1,1,1,1
0.422735000,1,1,1,1,1,1,1,1
0.422751750,0,1,1,1,1,1,1,1
0.422760500,1,1,1,1,1,1,1,1
0.422768750,0,1,1,1,1,1,1,1
0.422777500,1,1,1,1,1,1,1,1
0.422786250,0,1,1,1,1,1,1,1
0.422803000,1,1,1,1,1,1,1,1
0.422827750,0,1,1,1,1,1,1,1
0.422844500,1,1,1,1,1,1,1,1
0.422853250,0,1,1,1,1,1,1,1
0.422886000,1,1,1,1,1,1,1,1
0.422894750,0,1,1,1,1,1,1,1
0.422927500,1,1,1,1,1,1,1,1
0.422936250,0,1,1,1,1,1,1,1
0.422969000,1,1,1,1,1,1,1,1
0.422977750,0,1,1,1,1,1,1,1
0.423010500,1,1,1,1,1,1,1,1
0.423019250,0,1,1,1,1,1,1,1
0.423052000,1,1,1,1,1,1,1,1
0.423060750,0,1,1,1,1,1,1,1
0.423093500,1,1,1,1,1,1,1,1
0.423102250,0,1,1,1,1,1,1,1
0.423135000,1,1,1,1,1,1,1,1
0.423143750,0,1,1,1,1,1,1,1
0.423176500,1,1,1,1,1,1,1,1
0.423185250,0,1,1,1,1,1,1,1
0.423218000,1,1,1,1,1,1,1,1
0.423226750,0,1,1,1,1,1,1,1
0.423259500,1,1,1,1,1,1,1,1
0.423276250,0,1,1,1,1,1,1,1
0.423301000,1,1,1,1,1,1,1,1
0.423325750,0,1,1,1,1,1,1,1
0.423342500,1,1,1,1,1,1,1,1
0.423367250,0,1,1,1,1,1,1,1
0.423376000,1,1,1,1,1,1,1,1
0.423384750,0,1,1,1,1,1,1,1
0.423393500,1,1,1,1,1,1,1,1
0.423401750,0,1,1,1,1,1,1,1
0.423410500,1,1,1,1,1,1,1,1
0.423419250,0,1,1,1,1,1,1,1
0.423436000,1,1,1,1,1,1,1,1
0.423444250,0,1,1,1,1,1,1,1
0.423453250,1,1,1,1,1,1,1,1
0.468959000,0,1,1,1,1,1,1,1
0.468991500,1,1,1,1,1,1,1,1
0.469023000,0,1,1,1,1,1,1,1
0.469032000,1,1,1,1,1,1,1,1
0.469040500,0,1,1,1,1,1,1,1
0.469049000,1,1,1,1,1,1,1,1
0.469057250,0,1,1,1,1,1,1,1
0.469074000,1,1,1,1,1,1,1,1
0.469098250,0,1,1,1,1,1,1,1
0.469106750,1,1,1,1,1,1,1,1
0.469115000,0,1,1,1,1,1,1,1
0.469131750,1,1,1,1,1,1,1,1
0.469140000,0,1,1,1,1,1,1,1
0.469156500,1,1,1,1,1,1,1,1
0.469196750,0,1,1,1,1,1,1,1
0.469221250,1,1,1,1,1,1,1,1
0.469237500,0,1,1,1,1,1,1,1
0.469246250,1,1,1,1,1,1,1,1
0.469254500,0,1,1,1,1,1,1,1
0.469271000,1,1,1,1,1,1,1,1
0.469279250,0,1,1,1,1,1,1,1
0.469304000,1,1,1,1,1,1,1,1
0.469312250,0,1,1,1,1,1,1,1
0.469320750,1,1,1,1,1,1,1,1
0.469337000,0,1,1,1,1,1,1,1
0.469345750,1,1,1,1,1,1,1,1
0.469354000,0,1,1,1,1,1,1,1
0.469370500,1,1,1,1,1,1,1,1
0.469475000,0,1,1,1,1,1,1,1
0.469507500,1,1,1,1,1,1,1,1
0.469539000,0,1,1,1,1,1,1,1
0.469548000,1,1,1,1,1,1,1,1
0.469564500,0,1,1,1,1,1,1,1
0.469589500,1,1,1,1,1,1,1,1
0.469598000,0,1,1,1,1,1,1,1
0.469615000,1,1,1,1,1,1,1,1
0.469623500,0,1,1,1,1,1,1,1
0.469632500,1,1,1,1,1,1,1,1
0.469641000,0,1,1,1,1,1,1,1
0.469650000,1,1,1,1,1,1,1,1
0.469658500,0,1,1,1,1,1,1,1
0.469675500,1,1,1,1,1,1,1,1
0.469692000,0,1,1,1,1,1,1,1
0.469717000,1,1,1,1,1,1,1,1
0.469725500,0,1,1,1,1,1,1,1
0.469758500,1,1,1,1,1,1,1,1
0.469767000,0,1,1,1,1,1,1,1
0.469800000,1,1,1,1,1,1,1,1
0.469808500,0,1,1,1,1,1,1,1
0.469841500,1,1,1,1,1,1,1,1
0.469850000,0,1,1,1,1,1,1,1
0.469883000,1,1,1,1,1,1,1,1
0.469891500,0,1,1,1,1,1,1,1
0.469924500,1,1,1,1,1,1,1,1
0.469933000,0,1,1,1,1,1,1,1
0.469966000,1,1,1,1,1,1,1,1
0.469974500,0,1,1,1,1,1,1,1
0.470007500,1,1,1,1,1,1,1,1
0.470016000,0,1,1,1,1,1,1,1
0.470049000,1,1,1,1,1,1,1,1
0.470057500,0,1,1,1,1,1,1,1
0.470090500,1,1,1,1,1,1,1,1
0.470099250,0,1,1,1,1,1,1,1
0.470132000,1,1,1,1,1,1,1,1
0.470140750,0,1,1,1,1,1,1,1
0.470173500,1,1,1,1,1,1,1,1
0.470182250,0,1,1,1,1,1,1,1
0.470215000,1,1,1,1,1,1,1,1
0.470223750,0,1,1,1,1,1,1,1
0.470232500,1,1,1,1,1,1,1,1
0.470241250,0,1,1,1,1,1,1,1
0.470250000,1,1,1,1,1,1,1,1
0.470258750,0,1,1,1,1,1,1,1
0.470291500,1,1,1,1,1,1,1,1
0.470300250,0,1,1,1,1,1,1,1
0.470325000,1,1,1,1,1,1,1,1
0.470341750,0,1,1,1,1,1,1,1
0.470358500,1,1,1,1,1,1,1,1
0.470367250,0,1,1,1,1,1,1,1
0.470384000,1,1,1,1,1,1,1,1
0.470392750,0,1,1,1,1,1,1,1
0.470417500,1,1,1,1,1,1,1,1
0.470426250,0,1,1,1,1,1,1,1
0.470435000,1,1,1,1,1,1,1,1
0.470459750,0,1,1,1,1,1,1,1
0.470476500,1,1,1,1,1,1,1,1
0.478997500,0,1,1,1,1,1,1,1
0.479030000,1,1,1,1,1,1,1,1
0.479061500,0,1,1,1,1,1,1,1
0.479070500,1,1,1,1,1,1,1,1
0.479079000,0,1,1,1,1,1,1,1
0.479088000,1,1,1,1,1,1,1,1
0.479096500,0,1,1,1,1,1,1,1
0.479105500,1,1,1,1,1,1,1,1
0.479114000,0,1,1,1,1,1,1,1
0.479139000,1,1,1,1,1,1,1,1
0.479147500,0,1,1,1,1,1,1,1
0.479156500,1,1,1,1,1,1,1,1
0.479165000,0,1,1,1,1,1,1,1
0.479174000,1,1,1,1,1,1,1,1
0.479182500,0,1,1,1,1,1,1,1
0.479199500,1,1,1,1,1,1,1,1
0.479216000,0,1,1,1,1,1,1,1
0.479241000,1,1,1,1,1,1,1,1
0.479249500,0,1,1,1,1,1,1,1
0.479282500,1,1,1,1,1,1,1,1
0.479291000,0,1,1,1,1,1,1,1
0.479324000,1,1,1,1,1,1,1,1
0.479332500,0,1,1,1,1,1,1,1
0.479365500,1,1,1,1,1,1,1,1
0.479374000,0,1,1,1,1,1,1,1
0.479407000,1,1,1,1,1,1,1,1
0.479415500,0,1,1,1,1,1,1,1
0.479448500,1,1,1,1,1,1,1,1
0.479457000,0,1,1,1,1,1,1,1
0.479490000,1,1,1,1,1,1,1,1
0.479498500,0,1,1,1,1,1,1,1
0.479531500,1,1,1,1,1,1,1,1
0.479540000,0,1,1,1,1,1,1,1
0.479557000,1,1,1,1,1,1,1,1
0.479573500,0,1,1,1,1,1,1,1
0.479614500,1,1,1,1,1,1,1,1
0.479623000,0,1,1,1,1,1,1,1
0.479656000,1,1,1,1,1,1,1,1
0.479664500,0,1,1,1,1,1,1,1
0.479697500,1,1,1,1,1,1,1,1
0.479706000,0,1,1,1,1,1,1,1
0.479715000,1,1,1,1,1,1,1,1
0.479723500,0,1,1,1,1,1,1,1
0.479732500,1,1,1,1,1,1,1,1
0.479741000,0,1,1,1,1,1,1,1
0.479782000,1,1,1,1,1,1,1,1
0.479790500,0,1,1,1,1,1,1,1
0.479823500,1,1,1,1,1,1,1,1
0.479832000,0,1,1,1,1,1,1,1
0.479865000,1,1,1,1,1,1,1,1
0.479873500,0,1,1,1,1,1,1,1
0.479906500,1,1,1,1,1,1,1,1
0.479915000,0,1,1,1,1,1,1,1
0.479924000,1,1,1,1,1,1,1,1
0.479932500,0,1,1,1,1,1,1,1
0.479949500,1,1,1,1,1,1,1,1
0.479958000,0,1,1,1,1,1,1,1
0.479991000,1,1,1,1,1,1,1,1
0.480031500,0,1,1,1,1,1,1,1
0.480040500,1,1,1,1,1,1,1,1
0.480073000,0,1,1,1,1,1,1,1
0.480114000,1,1,1,1,1,1,1,1
0.480122500,0,1,1,1,1,1,1,1
0.480155500,1,1,1,1,1,1,1,1
0.480164000,0,1,1,1,1,1,1,1
0.480197000,1,1,1,1,1,1,1,1
0.480205500,0,1,1,1,1,1,1,1
0.480238500,1,1,1,1,1,1,1,1
0.480247000,0,1,1,1,1,1,1,1
0.480280000,1,1,1,1,1,1,1,1
0.480288750,0,1,1,1,1,1,1,1
0.480321500,1,1,1,1,1,1,1,1
0.480330250,0,1,1,1,1,1,1,1
0.480363000,1,1,1,1,1,1,1,1
0.480371750,0,1,1,1,1,1,1,1
0.480404500,1,1,1,1,1,1,1,1
0.480437250,0,1,1,1,1,1,1,1
0.480446000,1,1,1,1,1,1,1,1
0.480462750,0,1,1,1,1,1,1,1
0.480479500,1,1,1,1,1,1,1,1
0.480488250,0,1,1,1,1,1,1,1
0.480497000,1,1,1,1,1,1,1,1
0.480513750,0,1,1,1,1,1,1,1
0.480522500,1,1,1,1,1,1,1,1
0.480531250,0,1,1,1,1,1,1,1
0.480540000,1,1,1,1,1,1,1,1
0.480548750,0,1,1,1,1,1,1,1
0.480557500,1,1,1,1,1,1,1,1
0.480566250,0,1,1,1,1,1,1,1
0.480583000,1,1,1,1,1,1,1,1
0.488984000,0,1,1,1,1,1,1,1
0.489016500,1,1,1,1,1,1,1,1
0.489048000,0,1,1,1,1,1,1,1
0.489057000,1,1,1,1,1,1,1,1
0.489065500,0,1,1,1,1,1,1,1
0.489074500,1,1,1,1,1,1,1,1
0.489083000,0,1,1,1,1,1,1,1
0.489100000,1,1,1,1,1,1,1,1
0.489124500,0,1,1,1,1,1,1,1
0.489133500,1,1,1,1,1,1,1,1
0.489142000,0,1,1,1,1,1,1,1
0.489151000,1,1,1,1,1,1,1,1
0.489167500,0,1,1,1,1,1,1,1
0.489184500,1,1,1,1,1,1,1,1
0.489209000,0,1,1,1,1,1,1,1
0.489226000,1,1,1,1,1,1,1,1
0.489242500,0,1,1,1,1,1,1,1
0.489267500,1,1,1,1,1,1,1,1
0.489276000,0,1,1,1,1,1,1,1
0.489309000,1,1,1,1,1,1,1,1
0.489317500,0,1,1,1,1,1,1,1
0.489350500,1,1,1,1,1,1,1,1
0.489359000,0,1,1,1,1,1,1,1
0.489392000,1,1,1,1,1,1,1,1
0.489432500,0,1,1,1,1,1,1,1
0.489441500,1,1,1,1,1,1,1,1
0.489474000,0,1,1,1,1,1,1,1
0.489515000,1,1,1,1,1,1,1,1
0.489523500,0,1,1,1,1,1,1,1
0.489540500,1,1,1,1,1,1,1,1
0.489549000,0,1,1,1,1,1,1,1
0.489558000,1,1,1,1,1,1,1,1
0.489574500,0,1,1,1,1,1,1,1
0.489591500,1,1,1,1,1,1,1,1
0.489600000,0,1,1,1,1,1,1,1
0.489609000,1,1,1,1,1,1,1,1
0.489625500,0,1,1,1,1,1,1,1
0.489642500,1,1,1,1,1,1,1,1
0.489683000,0,1,1,1,1,1,1,1
0.489692000,1,1,1,1,1,1,1,1
0.489724500,0,1,1,1,1,1,1,1
0.489733500,1,1,1,1,1,1,1,1
0.489766000,0,1,1,1,1,1,1,1
0.489775000,1,1,1,1,1,1,1,1
0.489807500,0,1,1,1,1,1,1,1
0.489840500,1,1,1,1,1,1,1,1
0.489849000,0,1,1,1,1,1,1,1
0.489858000,1,1,1,1,1,1,1,1
0.489874500,0,1,1,1,1,1,1,1
0.489891500,1,1,1,1,1,1,1,1
0.489900000,0,1,1,1,1,1,1,1
0.489909000,1,1,1,1,1,1,1,1
0.489917500,0,1,1,1,1,1,1,1
0.489934500,1,1,1,1,1,1,1,1
0.489951000,0,1,1,1,1,1,1,1
0.489960000,1,1,1,1,1,1,1,1
0.489968500,0,1,1,1,1,1,1,1
0.489985500,1,1,1,1,1,1,1,1
0.489994250,0,1,1,1,1,1,1,1
0.490002750,1,1,1,1,1,1,1,1
0.519180000,0,1,1,1,1,1,1,1
0.519212500,1,1,1,1,1,1,1,1
0.519244000,0,1,1,1,1,1,1,1
0.519253000,1,1,1,1,1,1,1,1
0.519269500,0,1,1,1,1,1,1,1
0.519294500,1,1,1,1,1,1,1,1
0.519303000,0,1,1,1,1,1,1,1
0.519320000,1,1,1,1,1,1,1,1
0.519328500,0,1,1,1,1,1,1,1
0.519337500,1,1,1,1,1,1,1,1
0.519346000,0,1,1,1,1,1,1,1
0.519355000,1,1,1,1,1,1,1,1
0.519363500,0,1,1,1,1,1,1,1
0.519380500,1,1,1,1,1,1,1,1
0.519397000,0,1,1,1,1,1,1,1
0.519422000,1,1,1,1,1,1,1,1
0.519430500,0,1,1,1,1,1,1,1
0.519463500,1,1,1,1,1,1,1,1
0.519472000,0,1,1,1,1,1,1,1
0.519505000,1,1,1,1,1,1,1,1
0.519513500,0,1,1,1,1,1,1,1
0.519546500,1,1,1,1,1,1,1,1
0.519555000,0,1,1,1,1,1,1,1
0.519588000,1,1,1,1,1,1,1,1
0.519596500,0,1,1,1,1,1,1,1
0.519629500,1,1,1,1,1,1,1,1
0.519638000,0,1,1,1,1,1,1,1
0.519671000,1,1,1,1,1,1,1,1
0.519679500,0,1,1,1,1,1,1,1
0.519712500,1,1,1,1,1,1,1,1
0.519721000,0,1,1,1,1,1,1,1
0.519754000,1,1,1,1,1,1,1,1
0.519762500,0,1,1,1,1,1,1,1
0.519795500,1,1,1,1,1,1,1,1
0.519804000,0,1,1,1,1,1,1,1
0.519837000,1,1,1,1,1,1,1,1
0.519845500,0,1,1,1,1,1,1,1
0.519878500,1,1,1,1,1,1,1,1
0.519887000,0,1,1,1,1,1,1,1
0.519920000,1,1,1,1,1,1,1,1
0.519928500,0,1,1,1,1,1,1,1
0.519937500,1,1,1,1,1,1,1,1
0.519946000,0,1,1,1,1,1,1,1
0.519955000,1,1,1,1,1,1,1,1
0.519963500,0,1,1,1,1,1,1,1
0.519996500,1,1,1,1,1,1,1,1
0.520005000,0,1,1,1,1,1,1,1
0.520030000,1,1,1,1,1,1,1,1
0.520046500,0,1,1,1,1,1,1,1
0.520063500,1,1,1,1,1,1,1,1
0.520072000,0,1,1,1,1,1,1,1
0.520089000,1,1,1,1,1,1,1,1
0.520097500,0,1,1,1,1,1,1,1
0.520122500,1,1,1,1,1,1,1,1
0.520131000,0,1,1,1,1,1,1,1
0.520140000,1,1,1,1,1,1,1,1
0.520164500,0,1,1,1,1,1,1,1
0.520181500,1,1,1,1,1,1,1,1
0.522958000,0,1,1,1,1,1,1,1
0.522990250,1,1,1,1,1,1,1,1
0.523022000,0,1,1,1,1,1,1,1
0.523030750,1,1,1,1,1,1,1,1
0.523039000,0,1,1,1,1,1,1,1
0.523047750,1,1,1,1,1,1,1,1
0.523056000,0,1,1,1,1,1,1,1
0.523072750,1,1,1,1,1,1,1,1
0.523081500,0,1,1,1,1,1,1,1
0.523090250,1,1,1,1,1,1,1,1
0.523107000,0,1,1,1,1,1,1,1
0.523115750,1,1,1,1,1,1,1,1
0.523124000,0,1,1,1,1,1,1,1
0.523132750,1,1,1,1,1,1,1,1
0.523141500,0,1,1,1,1,1,1,1
0.523158250,1,1,1,1,1,1,1,1
0.523183000,0,1,1,1,1,1,1,1
0.523199750,1,1,1,1,1,1,1,1
0.523208500,0,1,1,1,1,1,1,1
0.523241250,1,1,1,1,1,1,1,1
0.523250000,0,1,1,1,1,1,1,1
0.523282750,1,1,1,1,1,1,1,1
0.523291500,0,1,1,1,1,1,1,1
0.523324250,1,1,1,1,1,1,1,1
0.523333000,0,1,1,1,1,1,1,1
0.523365750,1,1,1,1,1,1,1,1
0.523374500,0,1,1,1,1,1,1,1
0.523407250,1,1,1,1,1,1,1,1
0.523416000,0,1,1,1,1,1,1,1
0.523448750,1,1,1,1,1,1,1,1
0.523457500,0,1,1,1,1,1,1,1
0.523490250,1,1,1,1,1,1,1,1
0.523499000,0,1,1,1,1,1,1,1
0.523531750,1,1,1,1,1,1,1,1
0.523540500,0,1,1,1,1,1,1,1
0.523573250,1,1,1,1,1,1,1,1
0.523582000,0,1,1,1,1,1,1,1
0.523614750,1,1,1,1,1,1,1,1
0.523631500,0,1,1,1,1,1,1,1
0.523656250,1,1,1,1,1,1,1,1
0.523681000,0,1,1,1,1,1,1,1
0.523697750,1,1,1,1,1,1,1,1
0.523722500,0,1,1,1,1,1,1,1
0.523731250,1,1,1,1,1,1,1,1
0.523739500,0,1,1,1,1,1,1,1
0.523748250,1,1,1,1,1,1,1,1
0.523757000,0,1,1,1,1,1,1,1
0.523765750,1,1,1,1,1,1,1,1
0.523774500,0,1,1,1,1,1,1,1
0.523791250,1,1,1,1,1,1,1,1
0.523799750,0,1,1,1,1,1,1,1
0.523808750,1,1,1,1,1,1,1,1
0.534512750,0,1,1,1,1,1,1,1
0.534545250,1,1,1,1,1,1,1,1
0.534576750,0,1,1,1,1,1,1,1
0.534585750,1,1,1,1,1,1,1,1
0.534618250,0,1,1,1,1,1,1,1
0.534627250,1,1,1,1,1,1,1,1
0.534635750,0,1,1,1,1,1,1,1
0.534652750,1,1,1,1,1,1,1,1
0.534661250,0,1,1,1,1,1,1,1
0.534670250,1,1,1,1,1,1,1,1
0.534678750,0,1,1,1,1,1,1,1
0.534687750,1,1,1,1,1,1,1,1
0.534696250,0,1,1,1,1,1,1,1
0.534713250,1,1,1,1,1,1,1,1
0.534729750,0,1,1,1,1,1,1,1
0.534754750,1,1,1,1,1,1,1,1
0.534763250,0,1,1,1,1,1,1,1
0.534772250,1,1,1,1,1,1,1,1
0.534780750,0,1,1,1,1,1,1,1
0.534789750,1,1,1,1,1,1,1,1
0.534798250,0,1,1,1,1,1,1,1
0.534815250,1,1,1,1,1,1,1,1
0.534831750,0,1,1,1,1,1,1,1
0.534840750,1,1,1,1,1,1,1,1
0.534849250,0,1,1,1,1,1,1,1
0.534858250,1,1,1,1,1,1,1,1
0.534866750,0,1,1,1,1,1,1,1
0.534883750,1,1,1,1,1,1,1,1
0.534892250,0,1,1,1,1,1,1,1
0.534901250,1,1,1,1,1,1,1,1
0.534917750,0,1,1,1,1,1,1,1
0.534926750,1,1,1,1,1,1,1,1
0.534935250,0,1,1,1,1,1,1,1
0.534952250,1,1,1,1,1,1,1,1
0.534968750,0,1,1,1,1,1,1,1
0.534993750,1,1,1,1,1,1,1,1
0.535010250,0,1,1,1,1,1,1,1
0.535035250,1,1,1,1,1,1,1,1
0.535051750,0,1,1,1,1,1,1,1
0.535076750,1,1,1,1,1,1,1,1
0.535085250,0,1,1,1,1,1,1,1
0.535094250,1,1,1,1,1,1,1,1
0.535102750,0,1,1,1,1,1,1,1
0.535111750,1,1,1,1,1,1,1,1
0.535120250,0,1,1,1,1,1,1,1
0.535137250,1,1,1,1,1,1,1,1
0.535145750,0,1,1,1,1,1,1,1
0.535154750,1,1,1,1,1,1,1,1
0.535163250,0,1,1,1,1,1,1,1
0.535180250,1,1,1,1,1,1,1,1
0.535188750,0,1,1,1,1,1,1,1
0.535197750,1,1,1,1,1,1,1,1
0.535206250,0,1,1,1,1,1,1,1
0.535223250,1,1,1,1,1,1,1,1
0.535255750,0,1,1,1,1,1,1,1
0.535264750,1,1,1,1,1,1,1,1
0.535273250,0,1,1,1,1,1,1,1
0.535282250,1,1,1,1,1,1,1,1
0.535290750,0,1,1,1,1,1,1,1
0.535307750,1,1,1,1,1,1,1,1
0.535316250,0,1,1,1,1,1,1,1
0.535325250,1,1,1,1,1,1,1,1
0.535341750,0,1,1,1,1,1,1,1
0.535350750,1,1,1,1,1,1,1,1
0.535359250,0,1,1,1,1,1,1,1
0.535368250,1,1,1,1,1,1,1,1
0.535376750,0,1,1,1,1,1,1,1
0.535385750,1,1,1,1,1,1,1,1
0.535394250,0,1,1,1,1,1,1,1
0.535411250,1,1,1,1,1,1,1,1
0.535419750,0,1,1,1,1,1,1,1
0.535428750,1,1,1,1,1,1,1,1
0.535437250,0,1,1,1,1,1,1,1
0.535454250,1,1,1,1,1,1,1,1
0.535462750,0,1,1,1,1,1,1,1
0.535471750,1,1,1,1,1,1,1,1
0.535480250,0,1,1,1,1,1,1,1
0.535505250,1,1,1,1,1,1,1,1
0.535513750,0,1,1,1,1,1,1,1
0.535522750,1,1,1,1,1,1,1,1
0.535531250,0,1,1,1,1,1,1,1
0.535548250,1,1,1,1,1,1,1,1
0.535564750,0,1,1,1,1,1,1,1
0.535589750,1,1,1,1,1,1,1,1
0.535598250,0,1,1,1,1,1,1,1
0.535607250,1,1,1,1,1,1,1,1
0.535615750,0,1,1,1,1,1,1,1
0.535624750,1,1,1,1,1,1,1,1
0.535633250,0,1,1,1,1,1,1,1
0.535642250,1,1,1,1,1,1,1,1
0.535650750,0,1,1,1,1,1,1,1
0.535667750,1,1,1,1,1,1,1,1
0.535692250,0,1,1,1,1,1,1,1
0.535717250,1,1,1,1,1,1,1,1
0.535733750,0,1,1,1,1,1,1,1
0.535774750,1,1,1,1,1,1,1,1
0.535783250,0,1,1,1,1,1,1,1
0.535800250,1,1,1,1,1,1,1,1
0.535816750,0,1,1,1,1,1,1,1
0.535857750,1,1,1,1,1,1,1,1
0.535866250,0,1,1,1,1,1,1,1
0.535883250,1,1,1,1,1,1,1,1
0.535899750,0,1,1,1,1,1,1,1
0.535916750,1,1,1,1,1,1,1,1
0.535925250,0,1,1,1,1,1,1,1
0.535934250,1,1,1,1,1,1,1,1
0.535942750,0,1,1,1,1,1,1,1
0.535967750,1,1,1,1,1,1,1,1
0.535984250,0,1,1,1,1,1,1,1
0.536001250,1,1,1,1,1,1,1,1
0.536009750,0,1,1,1,1,1,1,1
0.536026750,1,1,1,1,1,1,1,1
0.536035250,0,1,1,1,1,1,1,1
0.536052250,1,1,1,1,1,1,1,1
0.536068750,0,1,1,1,1,1,1,1
0.536085750,1,1,1,1,1,1,1,1
0.536094250,0,1,1,1,1,1,1,1
0.536103250,1,1,1,1,1,1,1,1
0.536111750,0,1,1,1,1,1,1,1
0.536136750,1,1,1,1,1,1,1,1
0.536153250,0,1,1,1,1,1,1,1
0.536194250,1,1,1,1,1,1,1,1
0.536202750,0,1,1,1,1,1,1,1
0.536211750,1,1,1,1,1,1,1,1
0.536220250,0,1,1,1,1,1,1,1
0.536237250,1,1,1,1,1,1,1,1
0.536269750,0,1,1,1,1,1,1,1
0.536278750,1,1,1,1,1,1,1,1
0.536319500,0,1,1,1,1,1,1,1
0.536328250,1,1,1,1,1,1,1,1
0.536337000,0,1,1,1,1,1,1,1
0.536369750,1,1,1,1,1,1,1,1
0.569740000,0,1,1,1,1,1,1,1
0.569772500,1,1,1,1,1,1,1,1
0.569804000,0,1,1,1,1,1,1,1
0.569813000,1,1,1,1,1,1,1,1
0.569829500,0,1,1,1,1,1,1,1
0.569854500,1,1,1,1,1,1,1,1
0.569863000,0,1,1,1,1,1,1,1
0.569880000,1,1,1,1,1,1,1,1
0.569888500,0,1,1,1,1,1,1,1
0.569897500,1,1,1,1,1,1,1,1
0.569906000,0,1,1,1,1,1,1,1
0.569915000,1,1,1,1,1,1,1,1
0.569923500,0,1,1,1,1,1,1,1
0.569940500,1,1,1,1,1,1,1,1
0.569957000,0,1,1,1,1,1,1,1
0.569982000,1,1,1,1,1,1,1,1
0.569990500,0,1,1,1,1,1,1,1
0.570023500,1,1,1,1,1,1,1,1
0.570032000,0,1,1,1,1,1,1,1
0.570065000,1,1,1,1,1,1,1,1
0.570073500,0,1,1,1,1,1,1,1
0.570106500,1,1,1,1,1,1,1,1
0.570115000,0,1,1,1,1,1,1,1
0.570148000,1,1,1,1,1,1,1,1
0.570156500,0,1,1,1,1,1,1,1
0.570189500,1,1,1,1,1,1,1,1
0.570198000,0,1,1,1,1,1,1,1
0.570231000,1,1,1,1,1,1,1,1
0.570239500,0,1,1,1,1,1,1,1
0.570272500,1,1,1,1,1,1,1,1
0.570281000,0,1,1,1,1,1,1,1
0.570314000,1,1,1,1,1,1,1,1
0.570322500,0,1,1,1,1,1,1,1
0.570355500,1,1,1,1,1,1,1,1
0.570364000,0,1,1,1,1,1,1,1
0.570397000,1,1,1,1,1,1,1,1
0.570405500,0,1,1,1,1,1,1,1
0.570438500,1,1,1,1,1,1,1,1
0.570447000,0,1,1,1,1,1,1,1
0.570480000,1,1,1,1,1,1,1,1
0.570488500,0,1,1,1,1,1,1,1
0.570497500,1,1,1,1,1,1,1,1
0.570506000,0,1,1,1,1,1,1,1
0.570515000,1,1,1,1,1,1,1,1
0.570523500,0,1,1,1,1,1,1,1
0.570556500,1,1,1,1,1,1,1,1
0.570565000,0,1,1,1,1,1,1,1
0.570590000,1,1,1,1,1,1,1,1
0.570606500,0,1,1,1,1,1,1,1
0.570623500,1,1,1,1,1,1,1,1
0.570632000,0,1,1,1,1,1,1,1
0.570649000,1,1,1,1,1,1,1,1
0.570657500,0,1,1,1,1,1,1,1
0.570682500,1,1,1,1,1,1,1,1
0.570691000,0,1,1,1,1,1,1,1
0.570700000,1,1,1,1,1,1,1,1
0.570724500,0,1,1,1,1,1,1,1
0.570741500,1,1,1,1,1,1,1,1
0.574268750,0,1,1,1,1,1,1,1
0.574300500,1,1,1,1,1,1,1,1
0.574332250,0,1,1,1,1,1,1,1
0.574340750,1,1,1,1,1,1,1,1
0.574349000,0,1,1,1,1,1,1,1
0.574357500,1,1,1,1,1,1,1,1
0.574373750,0,1,1,1,1,1,1,1
0.574382250,1,1,1,1,1,1,1,1
0.574390500,0,1,1,1,1,1,1,1
0.574399000,1,1,1,1,1,1,1,1
0.574415250,0,1,1,1,1,1,1,1
0.574423750,1,1,1,1,1,1,1,1
0.574432250,0,1,1,1,1,1,1,1
0.574440750,1,1,1,1,1,1,1,1
0.574449000,0,1,1,1,1,1,1,1
0.574465500,1,1,1,1,1,1,1,1
0.574489750,0,1,1,1,1,1,1,1
0.574506000,1,1,1,1,1,1,1,1
0.574514500,0,1,1,1,1,1,1,1
0.574546750,1,1,1,1,1,1,1,1
0.574555000,0,1,1,1,1,1,1,1
0.574587250,1,1,1,1,1,1,1,1
0.574595750,0,1,1,1,1,1,1,1
0.574628000,1,1,1,1,1,1,1,1
0.574636250,0,1,1,1,1,1,1,1
0.574668500,1,1,1,1,1,1,1,1
0.574676750,0,1,1,1,1,1,1,1
0.574709250,1,1,1,1,1,1,1,1
0.574733250,0,1,1,1,1,1,1,1
0.574749750,1,1,1,1,1,1,1,1
0.574758000,0,1,1,1,1,1,1,1
0.574790500,1,1,1,1,1,1,1,1
0.574798750,0,1,1,1,1,1,1,1
0.574807250,1,1,1,1,1,1,1,1
0.574815500,0,1,1,1,1,1,1,1
0.574832000,1,1,1,1,1,1,1,1
0.574872000,0,1,1,1,1,1,1,1
0.574880500,1,1,1,1,1,1,1,1
0.574912750,0,1,1,1,1,1,1,1
0.574921250,1,1,1,1,1,1,1,1
0.574953250,0,1,1,1,1,1,1,1
0.574961750,1,1,1,1,1,1,1,1
0.574993750,0,1,1,1,1,1,1,1
0.575034000,1,1,1,1,1,1,1,1
0.575042500,0,1,1,1,1,1,1,1
0.575074750,1,1,1,1,1,1,1,1
0.575114750,0,1,1,1,1,1,1,1
0.575123250,1,1,1,1,1,1,1,1
0.575155250,0,1,1,1,1,1,1,1
0.575163750,1,1,1,1,1,1,1,1
0.575196000,0,1,1,1,1,1,1,1
0.575204500,1,1,1,1,1,1,1,1
0.575236500,0,1,1,1,1,1,1,1
0.575245000,1,1,1,1,1,1,1,1
0.575277250,0,1,1,1,1,1,1,1
0.575285750,1,1,1,1,1,1,1,1
0.575317750,0,1,1,1,1,1,1,1
0.575358000,1,1,1,1,1,1,1,1
0.575366250,0,1,1,1,1,1,1,1
0.575398500,1,1,1,1,1,1,1,1
0.575407000,0,1,1,1,1,1,1,1
0.575415500,1,1,1,1,1,1,1,1
0.575439750,0,1,1,1,1,1,1,1
0.575472000,1,1,1,1,1,1,1,1
0.575480250,0,1,1,1,1,1,1,1
0.575512500,1,1,1,1,1,1,1,1
0.575520750,0,1,1,1,1,1,1,1
0.575537250,1,1,1,1,1,1,1,1
0.575545500,0,1,1,1,1,1,1,1
0.575570000,1,1,1,1,1,1,1,1
0.575578750,0,1,1,1,1,1,1,1
0.575587750,1,1,1,1,1,1,1,1
0.589708000,0,1,1,1,1,1,1,1
0.589740500,1,1,1,1,1,1,1,1
0.589772000,0,1,1,1,1,1,1,1
0.589781000,1,1,1,1,1,1,1,1
0.589789500,0,1,1,1,1,1,1,1
0.589798500,1,1,1,1,1,1,1,1
0.589807000,0,1,1,1,1,1,1,1
0.589824000,1,1,1,1,1,1,1,1
0.589864500,0,1,1,1,1,1,1,1
0.589873500,1,1,1,1,1,1,1,1
0.589890000,0,1,1,1,1,1,1,1
0.589907000,1,1,1,1,1,1,1,1
0.589931500,0,1,1,1,1,1,1,1
0.589948500,1,1,1,1,1,1,1,1
0.589973000,0,1,1,1,1,1,1,1
0.589990000,1,1,1,1,1,1,1,1
0.589998500,0,1,1,1,1,1,1,1
0.590031500,1,1,1,1,1,1,1,1
0.590040000,0,1,1,1,1,1,1,1
0.590073000,1,1,1,1,1,1,1,1
0.590081500,0,1,1,1,1,1,1,1
0.590114500,1,1,1,1,1,1,1,1
0.590123000,0,1,1,1,1,1,1,1
0.590156000,1,1,1,1,1,1,1,1
0.590164500,0,1,1,1,1,1,1,1
0.590189500,1,1,1,1,1,1,1,1
0.590198000,0,1,1,1,1,1,1,1
0.590223000,1,1,1,1,1,1,1,1
0.590231500,0,1,1,1,1,1,1,1
0.590240500,1,1,1,1,1,1,1,1
0.590265000,0,1,1,1,1,1,1,1
0.590282000,1,1,1,1,1,1,1,1
0.590322500,0,1,1,1,1,1,1,1
0.590363500,1,1,1,1,1,1,1,1
0.590372000,0,1,1,1,1,1,1,1
0.590405000,1,1,1,1,1,1,1,1
0.590413500,0,1,1,1,1,1,1,1
0.590446500,1,1,1,1,1,1,1,1
0.590487000,0,1,1,1,1,1,1,1
0.590496000,1,1,1,1,1,1,1,1
0.590528500,0,1,1,1,1,1,1,1
0.590553500,1,1,1,1,1,1,1,1
0.590562000,0,1,1,1,1,1,1,1
0.590571000,1,1,1,1,1,1,1,1
0.590579500,0,1,1,1,1,1,1,1
0.590612500,1,1,1,1,1,1,1,1
0.590621000,0,1,1,1,1,1,1,1
0.590630000,1,1,1,1,1,1,1,1
0.590638500,0,1,1,1,1,1,1,1
0.590655500,1,1,1,1,1,1,1,1
0.590664000,0,1,1,1,1,1,1,1
0.590681000,1,1,1,1,1,1,1,1
0.590689500,0,1,1,1,1,1,1,1
0.590698500,1,1,1,1,1,1,1,1
0.590707000,0,1,1,1,1,1,1,1
0.590740000,1,1,1,1,1,1,1,1
0.590748500,0,1,1,1,1,1,1,1
0.590781500,1,1,1,1,1,1,1,1
0.590790000,0,1,1,1,1,1,1,1
0.590823000,1,1,1,1,1,1,1,1
0.590831500,0,1,1,1,1,1,1,1
0.590864500,1,1,1,1,1,1,1,1
0.590873000,0,1,1,1,1,1,1,1
0.590890000,1,1,1,1,1,1,1,1
0.590906500,0,1,1,1,1,1,1,1
0.590915500,1,1,1,1,1,1,1,1
0.590932000,0,1,1,1,1,1,1,1
0.590941000,1,1,1,1,1,1,1,1
0.590949500,0,1,1,1,1,1,1,1
0.590958500,1,1,1,1,1,1,1,1
0.590967000,0,1,1,1,1,1,1,1
0.590976000,1,1,1,1,1,1,1,1
0.590984500,0,1,1,1,1,1,1,1
0.590993500,1,1,1,1,1,1,1,1
0.591002000,0,1,1,1,1,1,1,1
0.591011000,1,1,1,1,1,1,1,1
0.591019500,0,1,1,1,1,1,1,1
0.591044500,1,1,1,1,1,1,1,1
0.591053000,0,1,1,1,1,1,1,1
0.591061500,1,1,1,1,1,1,1,1
0.619967000,0,1,1,1,1,1,1,1
0.619999500,1,1,1,1,1,1,1,1
0.620031000,0,1,1,1,1,1,1,1
0.620040000,1,1,1,1,1,1,1,1
0.620056500,0,1,1,1,1,1,1,1
0.620081500,1,1,1,1,1,1,1,1
0.620090000,0,1,1,1,1,1,1,1
0.620107000,1,1,1,1,1,1,1,1
0.620115500,0,1,1,1,1,1,1,1
0.620124500,1,1,1,1,1,1,1,1
0.620133000,0,1,1,1,1,1,1,1
0.620142000,1,1,1,1,1,1,1,1
0.620150500,0,1,1,1,1,1,1,1
0.620167500,1,1,1,1,1,1,1,1
0.620184000,0,1,1,1,1,1,1,1
0.620209000,1,1,1,1,1,1,1,1
0.620217500,0,1,1,1,1,1,1,1
0.620250500,1,1,1,1,1,1,1,1
0.620259000,0,1,1,1,1,1,1,1
0.620292000,1,1,1,1,1,1,1,1
0.620300500,0,1,1,1,1,1,1,1
0.620333500,1,1,1,1,1,1,1,1
0.620342000,0,1,1,1,1,1,1,1
0.620375000,1,1,1,1,1,1,1,1
0.620383500,0,1,1,1,1,1,1,1
0.620416500,1,1,1,1,1,1,1,1
0.620425000,0,1,1,1,1,1,1,1
0.620458000,1,1,1,1,1,1,1,1
0.620466500,0,1,1,1,1,1,1,1
0.620499500,1,1,1,1,1,1,1,1
0.620508000,0,1,1,1,1,1,1,1
0.620541000,1,1,1,1,1,1,1,1
0.620549500,0,1,1,1,1,1,1,1
0.620582500,1,1,1,1,1,1,1,1
0.620591000,0,1,1,1,1,1,1,1
0.620624000,1,1,1,1,1,1,1,1
0.620632500,0,1,1,1,1,1,1,1
0.620665500,1,1,1,1,1,1,1,1
0.620674000,0,1,1,1,1,1,1,1
0.620707000,1,1,1,1,1,1,1,1
0.620715500,0,1,1,1,1,1,1,1
0.620724500,1,1,1,1,1,1,1,1
0.620733000,0,1,1,1,1,1,1,1
0.620742000,1,1,1,1,1,1,1,1
0.620750500,0,1,1,1,1,1,1,1
0.620783500,1,1,1,1,1,1,1,1
0.620792000,0,1,1,1,1,1,1,1
0.620817000,1,1,1,1,1,1,1,1
0.620833500,0,1,1,1,1,1,1,1
0.620850500,1,1,1,1,1,1,1,1
0.620859000,0,1,1,1,1,1,1,1
0.620876000,1,1,1,1,1,1,1,1
0.620884500,0,1,1,1,1,1,1,1
0.620909500,1,1,1,1,1,1,1,1
0.620918000,0,1,1,1,1,1,1,1
0.620927000,1,1,1,1,1,1,1,1
0.620951500,0,1,1,1,1,1,1,1
0.620968500,1,1,1,1,1,1,1,1
0.623313000,0,1,1,1,1,1,1,1
0.623345250,1,1,1,1,1,1,1,1
0.623377000,0,1,1,1,1,1,1,1
0.623385750,1,1,1,1,1,1,1,1
0.623394000,0,1,1,1,1,1,1,1
0.623402750,1,1,1,1,1,1,1,1
0.623411500,0,1,1,1,1,1,1,1
0.623428250,1,1,1,1,1,1,1,1
0.623437000,0,1,1,1,1,1,1,1
0.623445750,1,1,1,1,1,1,1,1
0.623462500,0,1,1,1,1,1,1,1
0.623471250,1,1,1,1,1,1,1,1
0.623480000,0,1,1,1,1,1,1,1
0.623488750,1,1,1,1,1,1,1,1
0.623497000,0,1,1,1,1,1,1,1
0.623513750,1,1,1,1,1,1,1,1
0.623538500,0,1,1,1,1,1,1,1
0.623555250,1,1,1,1,1,1,1,1
0.623564000,0,1,1,1,1,1,1,1
0.623596750,1,1,1,1,1,1,1,1
0.623605500,0,1,1,1,1,1,1,1
0.623638250,1,1,1,1,1,1,1,1
0.623647000,0,1,1,1,1,1,1,1
0.623679750,1,1,1,1,1,1,1,1
0.623688500,0,1,1,1,1,1,1,1
0.623721250,1,1,1,1,1,1,1,1
0.623730000,0,1,1,1,1,1,1,1
0.623762750,1,1,1,1,1,1,1,1
0.623771500,0,1,1,1,1,1,1,1
0.623804250,1,1,1,1,1,1,1,1
0.623813000,0,1,1,1,1,1,1,1
0.623845750,1,1,1,1,1,1,1,1
0.623854500,0,1,1,1,1,1,1,1
0.623887250,1,1,1,1,1,1,1,1
0.623896000,0,1,1,1,1,1,1,1
0.623928750,1,1,1,1,1,1,1,1
0.623937500,0,1,1,1,1,1,1,1
0.623970250,1,1,1,1,1,1,1,1
0.623987000,0,1,1,1,1,1,1,1
0.624011750,1,1,1,1,1,1,1,1
0.624036500,0,1,1,1,1,1,1,1
0.624053250,1,1,1,1,1,1,1,1
0.624078000,0,1,1,1,1,1,1,1
0.624086750,1,1,1,1,1,1,1,1
0.624095000,0,1,1,1,1,1,1,1
0.624103750,1,1,1,1,1,1,1,1
0.624112000,0,1,1,1,1,1,1,1
0.624120750,1,1,1,1,1,1,1,1
0.624129000,0,1,1,1,1,1,1,1
0.624145750,1,1,1,1,1,1,1,1
0.624154250,0,1,1,1,1,1,1,1
0.624163000,1,1,1,1,1,1,1,1
0.635051250,0,1,1,1,1,1,1,1
0.635083750,1,1,1,1,1,1,1,1
0.635115250,0,1,1,1,1,1,1,1
0.635124250,1,1,1,1,1,1,1,1
0.635140750,0,1,1,1,1,1,1,1
0.635157750,1,1,1,1,1,1,1,1
0.635166250,0,1,1,1,1,1,1,1
0.635175250,1,1,1,1,1,1,1,1
0.635191750,0,1,1,1,1,1,1,1
0.635208750,1,1,1,1,1,1,1,1
0.635217250,0,1,1,1,1,1,1,1
0.635226250,1,1,1,1,1,1,1,1
0.635234750,0,1,1,1,1,1,1,1
0.635251750,1,1,1,1,1,1,1,1
0.635276250,0,1,1,1,1,1,1,1
0.635293250,1,1,1,1,1,1,1,1
0.635301750,0,1,1,1,1,1,1,1
0.635334750,1,1,1,1,1,1,1,1
0.635343250,0,1,1,1,1,1,1,1
0.635376250,1,1,1,1,1,1,1,1
0.635392750,0,1,1,1,1,1,1,1
0.635417750,1,1,1,1,1,1,1,1
0.635426250,0,1,1,1,1,1,1,1
0.635459250,1,1,1,1,1,1,1,1
0.635483750,0,1,1,1,1,1,1,1
0.635492750,1,1,1,1,1,1,1,1
0.635501250,0,1,1,1,1,1,1,1
0.635518250,1,1,1,1,1,1,1,1
0.635526750,0,1,1,1,1,1,1,1
0.635543750,1,1,1,1,1,1,1,1
0.635576250,0,1,1,1,1,1,1,1
0.635585250,1,1,1,1,1,1,1,1
0.635593750,0,1,1,1,1,1,1,1
0.635610750,1,1,1,1,1,1,1,1
0.635619250,0,1,1,1,1,1,1,1
0.635636250,1,1,1,1,1,1,1,1
0.635644750,0,1,1,1,1,1,1,1
0.635653500,1,1,1,1,1,1,1,1
0.670191000,0,1,1,1,1,1,1,1
0.670223250,1,1,1,1,1,1,1,1
0.670255000,0,1,1,1,1,1,1,1
0.670263750,1,1,1,1,1,1,1,1
0.670280500,0,1,1,1,1,1,1,1
0.670305250,1,1,1,1,1,1,1,1
0.670314000,0,1,1,1,1,1,1,1
0.670330750,1,1,1,1,1,1,1,1
0.670339500,0,1,1,1,1,1,1,1
0.670348250,1,1,1,1,1,1,1,1
0.670357000,0,1,1,1,1,1,1,1
0.670365750,1,1,1,1,1,1,1,1
0.670374500,0,1,1,1,1,1,1,1
0.670391250,1,1,1,1,1,1,1,1
0.670408000,0,1,1,1,1,1,1,1
0.670432750,1,1,1,1,1,1,1,1
0.670441500,0,1,1,1,1,1,1,1
0.670474250,1,1,1,1,1,1,1,1
0.670483000,0,1,1,1,1,1,1,1
0.670515750,1,1,1,1,1,1,1,1
0.670524500,0,1,1,1,1,1,1,1
0.670557250,1,1,1,1,1,1,1,1
0.670566000,0,1,1,1,1,1,1,1
0.670598750,1,1,1,1,1,1,1,1
0.670607500,0,1,1,1,1,1,1,1
0.670640500,1,1,1,1,1,1,1,1
0.670649000,0,1,1,1,1,1,1,1
0.670682000,1,1,1,1,1,1,1,1
0.670690500,0,1,1,1,1,1,1,1
0.670723500,1,1,1,1,1,1,1,1
0.670732000,0,1,1,1,1,1,1,1
0.670765000,1,1,1,1,1,1,1,1
0.670773500,0,1,1,1,1,1,1,1
0.670806500,1,1,1,1,1,1,1,1
0.670815000,0,1,1,1,1,1,1,1
0.670848000,1,1,1,1,1,1,1,1
0.670856500,0,1,1,1,1,1,1,1
0.670889500,1,1,1,1,1,1,1,1
0.670898000,0,1,1,1,1,1,1,1
0.670931000,1,1,1,1,1,1,1,1
0.670939500,0,1,1,1,1,1,1,1
0.670948500,1,1,1,1,1,1,1,1
0.670957000,0,1,1,1,1,1,1,1
0.670966000,1,1,1,1,1,1,1,1
0.670974500,0,1,1,1,1,1,1,1
0.671007500,1,1,1,1,1,1,1,1
0.671016000,0,1,1,1,1,1,1,1
0.671041000,1,1,1,1,1,1,1,1
0.671057500,0,1,1,1,1,1,1,1
0.671074500,1,1,1,1,1,1,1,1
0.671083000,0,1,1,1,1,1,1,1
0.671100000,1,1,1,1,1,1,1,1
0.671108500,0,1,1,1,1,1,1,1
0.671133500,1,1,1,1,1,1,1,1
0.671142000,0,1,1,1,1,1,1,1
0.671151000,1,1,1,1,1,1,1,1
0.671175500,0,1,1,1,1,1,1,1
0.671192500,1,1,1,1,1,1,1,1
0.690266000,0,1,1,1,1,1,1,1
0.690298250,1,1,1,1,1,1,1,1
0.690330000,0,1,1,1,1,1,1,1
0.690338750,1,1,1,1,1,1,1,1
0.690347500,0,1,1,1,1,1,1,1
0.690356250,1,1,1,1,1,1,1,1
0.690365000,0,1,1,1,1,1,1,1
0.690381750,1,1,1,1,1,1,1,1
0.690406500,0,1,1,1,1,1,1,1
0.690415250,1,1,1,1,1,1,1,1
0.690424000,0,1,1,1,1,1,1,1
0.690432750,1,1,1,1,1,1,1,1
0.690449500,0,1,1,1,1,1,1,1
0.690466250,1,1,1,1,1,1,1,1
0.690483000,0,1,1,1,1,1,1,1
0.690507750,1,1,1,1,1,1,1,1
0.690524500,0,1,1,1,1,1,1,1
0.690549250,1,1,1,1,1,1,1,1
0.690558000,0,1,1,1,1,1,1,1
0.690590750,1,1,1,1,1,1,1,1
0.690599500,0,1,1,1,1,1,1,1
0.690632250,1,1,1,1,1,1,1,1
0.690641000,0,1,1,1,1,1,1,1
0.690673750,1,1,1,1,1,1,1,1
0.690714500,0,1,1,1,1,1,1,1
0.690723250,1,1,1,1,1,1,1,1
0.690756000,0,1,1,1,1,1,1,1
0.690796750,1,1,1,1,1,1,1,1
0.690805500,0,1,1,1,1,1,1,1
0.690822250,1,1,1,1,1,1,1,1
0.690831000,0,1,1,1,1,1,1,1
0.690839750,1,1,1,1,1,1,1,1
0.690856500,0,1,1,1,1,1,1,1
0.690873250,1,1,1,1,1,1,1,1
0.690882000,0,1,1,1,1,1,1,1
0.690890750,1,1,1,1,1,1,1,1
0.690907500,0,1,1,1,1,1,1,1
0.690924250,1,1,1,1,1,1,1,1
0.690965000,0,1,1,1,1,1,1,1
0.690973750,1,1,1,1,1,1,1,1
0.691006500,0,1,1,1,1,1,1,1
0.691015250,1,1,1,1,1,1,1,1
0.691048000,0,1,1,1,1,1,1,1
0.691057000,1,1,1,1,1,1,1,1
0.691089500,0,1,1,1,1,1,1,1
0.691106500,1,1,1,1,1,1,1,1
0.691115000,0,1,1,1,1,1,1,1
0.691132000,1,1,1,1,1,1,1,1
0.691140500,0,1,1,1,1,1,1,1
0.691149500,1,1,1,1,1,1,1,1
0.691158000,0,1,1,1,1,1,1,1
0.691167000,1,1,1,1,1,1,1,1
0.691175500,0,1,1,1,1,1,1,1
0.691184500,1,1,1,1,1,1,1,1
0.691209000,0,1,1,1,1,1,1,1
0.691218000,1,1,1,1,1,1,1,1
0.691234500,0,1,1,1,1,1,1,1
0.691267500,1,1,1,1,1,1,1,1
0.720533500,0,1,1,1,1,1,1,1
0.720565750,1,1,1,1,1,1,1,1
0.720597500,0,1,1,1,1,1,1,1
0.720606250,1,1,1,1,1,1,1,1
0.720623000,0,1,1,1,1,1,1,1
0.720647750,1,1,1,1,1,1,1,1
0.720656500,0,1,1,1,1,1,1,1
0.720673250,1,1,1,1,1,1,1,1
0.720682000,0,1,1,1,1,1,1,1
0.720690750,1,1,1,1,1,1,1,1
0.720699500,0,1,1,1,1,1,1,1
0.720708250,1,1,1,1,1,1,1,1
0.720717000,0,1,1,1,1,1,1,1
0.720733750,1,1,1,1,1,1,1,1
0.720750500,0,1,1,1,1,1,1,1
0.720775250,1,1,1,1,1,1,1,1
0.720784000,0,1,1,1,1,1,1,1
0.720816750,1,1,1,1,1,1,1,1
0.720825500,0,1,1,1,1,1,1,1
0.720858250,1,1,1,1,1,1,1,1
0.720867000,0,1,1,1,1,1,1,1
0.720899750,1,1,1,1,1,1,1,1
0.720908500,0,1,1,1,1,1,1,1
0.720941250,1,1,1,1,1,1,1,1
0.720950000,0,1,1,1,1,1,1,1
0.720982750,1,1,1,1,1,1,1,1
0.720991500,0,1,1,1,1,1,1,1
0.721024250,1,1,1,1,1,1,1,1
0.721033000,0,1,1,1,1,1,1,1
0.721065750,1,1,1,1,1,1,1,1
0.721074500,0,1,1,1,1,1,1,1
0.721107250,1,1,1,1,1,1,1,1
0.721116000,0,1,1,1,1,1,1,1
0.721148750,1,1,1,1,1,1,1,1
0.721157500,0,1,1,1,1,1,1,1
0.721190250,1,1,1,1,1,1,1,1
0.721199000,0,1,1,1,1,1,1,1
0.721231750,1,1,1,1,1,1,1,1
0.721240500,0,1,1,1,1,1,1,1
0.721273250,1,1,1,1,1,1,1,1
0.721282000,0,1,1,1,1,1,1,1
0.721290750,1,1,1,1,1,1,1,1
0.721299500,0,1,1,1,1,1,1,1
0.721308250,1,1,1,1,1,1,1,1
0.721317000,0,1,1,1,1,1,1,1
0.721349750,1,1,1,1,1,1,1,1
0.721358500,0,1,1,1,1,1,1,1
0.721383250,1,1,1,1,1,1,1,1
0.721400000,0,1,1,1,1,1,1,1
0.721416750,1,1,1,1,1,1,1,1
0.721425500,0,1,1,1,1,1,1,1
0.721442250,1,1,1,1,1,1,1,1
0.721451000,0,1,1,1,1,1,1,1
0.721475750,1,1,1,1,1,1,1,1
0.721484500,0,1,1,1,1,1,1,1
0.721493250,1,1,1,1,1,1,1,1
0.721518000,0,1,1,1,1,1,1,1
0.721534750,1,1,1,1,1,1,1,1
0.721703250,0,1,1,1,1,1,1,1
0.721735500,1,1,1,1,1,1,1,1
0.721767250,0,1,1,1,1,1,1,1
0.721776000,1,1,1,1,1,1,1,1
0.721784250,0,1,1,1,1,1,1,1
0.721793000,1,1,1,1,1,1,1,1
0.721801750,0,1,1,1,1,1,1,1
0.721818500,1,1,1,1,1,1,1,1
0.721827250,0,1,1,1,1,1,1,1
0.721836000,1,1,1,1,1,1,1,1
0.721852750,0,1,1,1,1,1,1,1
0.721861500,1,1,1,1,1,1,1,1
0.721869750,0,1,1,1,1,1,1,1
0.721878500,1,1,1,1,1,1,1,1
0.721886750,0,1,1,1,1,1,1,1
0.721903500,1,1,1,1,1,1,1,1
0.721928250,0,1,1,1,1,1,1,1
0.721945000,1,1,1,1,1,1,1,1
0.721953750,0,1,1,1,1,1,1,1
0.721986500,1,1,1,1,1,1,1,1
0.721995250,0,1,1,1,1,1,1,1
0.722028000,1,1,1,1,1,1,1,1
0.722036750,0,1,1,1,1,1,1,1
0.722069500,1,1,1,1,1,1,1,1
0.722078250,0,1,1,1,1,1,1,1
0.722111000,1,1,1,1,1,1,1,1
0.722119750,0,1,1,1,1,1,1,1
0.722152500,1,1,1,1,1,1,1,1
0.722161250,0,1,1,1,1,1,1,1
0.722194000,1,1,1,1,1,1,1,1
0.722202750,0,1,1,1,1,1,1,1
0.722235500,1,1,1,1,1,1,1,1
0.722244250,0,1,1,1,1,1,1,1
0.722277000,1,1,1,1,1,1,1,1
0.722285750,0,1,1,1,1,1,1,1
0.722318500,1,1,1,1,1,1,1,1
0.722327250,0,1,1,1,1,1,1,1
0.722360000,1,1,1,1,1,1,1,1
0.722376750,0,1,1,1,1,1,1,1
0.722401500,1,1,1,1,1,1,1,1
0.722426250,0,1,1,1,1,1,1,1
0.722443000,1,1,1,1,1,1,1,1
0.722467750,0,1,1,1,1,1,1,1
0.722476500,1,1,1,1,1,1,1,1
0.722484750,0,1,1,1,1,1,1,1
0.722493500,1,1,1,1,1,1,1,1
0.722502250,0,1,1,1,1,1,1,1
0.722511000,1,1,1,1,1,1,1,1
0.722519250,0,1,1,1,1,1,1,1
0.722536000,1,1,1,1,1,1,1,1
0.722544500,0,1,1,1,1,1,1,1
0.722553500,1,1,1,1,1,1,1,1
0.733377500,0,1,1,1,1,1,1,1
0.733410000,1,1,1,1,1,1,1,1
0.733441500,0,1,1,1,1,1,1,1
0.733450500,1,1,1,1,1,1,1,1
0.733467000,0,1,1,1,1,1,1,1
0.733492000,1,1,1,1,1,1,1,1
0.733508500,0,1,1,1,1,1,1,1
0.733517500,1,1,1,1,1,1,1,1
0.733526000,0,1,1,1,1,1,1,1
0.733535000,1,1,1,1,1,1,1,1
0.733543500,0,1,1,1,1,1,1,1
0.733552500,1,1,1,1,1,1,1,1
0.733561000,0,1,1,1,1,1,1,1
0.733578000,1,1,1,1,1,1,1,1
0.733594500,0,1,1,1,1,1,1,1
0.733619500,1,1,1,1,1,1,1,1
0.733636000,0,1,1,1,1,1,1,1
0.733661000,1,1,1,1,1,1,1,1
0.733701500,0,1,1,1,1,1,1,1
0.733742500,1,1,1,1,1,1,1,1
0.733751000,0,1,1,1,1,1,1,1
0.733776000,1,1,1,1,1,1,1,1
0.733784500,0,1,1,1,1,1,1,1
0.733793500,1,1,1,1,1,1,1,1
0.733826000,0,1,1,1,1,1,1,1
0.733835000,1,1,1,1,1,1,1,1
0.733867500,0,1,1,1,1,1,1,1
0.733892500,1,1,1,1,1,1,1,1
0.733909000,0,1,1,1,1,1,1,1
0.733950000,1,1,1,1,1,1,1,1
0.733990500,0,1,1,1,1,1,1,1
0.734007500,1,1,1,1,1,1,1,1
0.734016000,0,1,1,1,1,1,1,1
0.734025000,1,1,1,1,1,1,1,1
0.734033500,0,1,1,1,1,1,1,1
0.734074500,1,1,1,1,1,1,1,1
0.734083000,0,1,1,1,1,1,1,1
0.734092000,1,1,1,1,1,1,1,1
0.734100500,0,1,1,1,1,1,1,1
0.734109500,1,1,1,1,1,1,1,1
0.734118000,0,1,1,1,1,1,1,1
0.734127000,1,1,1,1,1,1,1,1
0.734135500,0,1,1,1,1,1,1,1
0.734160500,1,1,1,1,1,1,1,1
0.734177000,0,1,1,1,1,1,1,1
0.734186000,1,1,1,1,1,1,1,1
0.734194500,0,1,1,1,1,1,1,1
0.734203500,1,1,1,1,1,1,1,1
0.734212000,0,1,1,1,1,1,1,1
0.734221000,1,1,1,1,1,1,1,1
0.734245500,0,1,1,1,1,1,1,1
0.734270500,1,1,1,1,1,1,1,1
0.734279000,0,1,1,1,1,1,1,1
0.734288000,1,1,1,1,1,1,1,1
0.734328500,0,1,1,1,1,1,1,1
0.734377500,1,1,1,1,1,1,1,1
0.768467750,0,1,1,1,1,1,1,1
0.768500250,1,1,1,1,1,1,1,1
0.768531750,0,1,1,1,1,1,1,1
0.768540750,1,1,1,1,1,1,1,1
0.768557250,0,1,1,1,1,1,1,1
0.768582250,1,1,1,1,1,1,1,1
0.768590750,0,1,1,1,1,1,1,1
0.768607750,1,1,1,1,1,1,1,1
0.768616250,0,1,1,1,1,1,1,1
0.768625250,1,1,1,1,1,1,1,1
0.768633750,0,1,1,1,1,1,1,1
0.768642750,1,1,1,1,1,1,1,1
0.768651250,0,1,1,1,1,1,1,1
0.768668250,1,1,1,1,1,1,1,1
0.768684750,0,1,1,1,1,1,1,1
0.768709750,1,1,1,1,1,1,1,1
0.768718250,0,1,1,1,1,1,1,1
0.768751250,1,1,1,1,1,1,1,1
0.768759750,0,1,1,1,1,1,1,1
0.768792750,1,1,1,1,1,1,1,1
0.768801250,0,1,1,1,1,1,1,1
0.768834250,1,1,1,1,1,1,1,1
0.768842750,0,1,1,1,1,1,1,1
0.768875750,1,1,1,1,1,1,1,1
0.768884250,0,1,1,1,1,1,1,1
0.768917250,1,1,1,1,1,1,1,1
0.768925750,0,1,1,1,1,1,1,1
0.768958750,1,1,1,1,1,1,1,1
0.768967250,0,1,1,1,1,1,1,1
0.769000250,1,1,1,1,1,1,1,1
0.769008750,0,1,1,1,1,1,1,1
0.769041750,1,1,1,1,1,1,1,1
0.769050250,0,1,1,1,1,1,1,1
0.769083250,1,1,1,1,1,1,1,1
0.769091750,0,1,1,1,1,1,1,1
0.769124750,1,1,1,1,1,1,1,1
0.769133250,0,1,1,1,1,1,1,1
0.769166250,1,1,1,1,1,1,1,1
0.769174750,0,1,1,1,1,1,1,1
0.769207750,1,1,1,1,1,1,1,1
0.769216250,0,1,1,1,1,1,1,1
0.769225250,1,1,1,1,1,1,1,1
0.769233750,0,1,1,1,1,1,1,1
0.769242750,1,1,1,1,1,1,1,1
0.769251250,0,1,1,1,1,1,1,1
0.769284250,1,1,1,1,1,1,1,1
0.769292750,0,1,1,1,1,1,1,1
0.769317750,1,1,1,1,1,1,1,1
0.769334250,0,1,1,1,1,1,1,1
0.769351250,1,1,1,1,1,1,1,1
0.769359750,0,1,1,1,1,1,1,1
0.769376750,1,1,1,1,1,1,1,1
0.769385250,0,1,1,1,1,1,1,1
0.769410250,1,1,1,1,1,1,1,1
0.769418750,0,1,1,1,1,1,1,1
0.769427750,1,1,1,1,1,1,1,1
0.769452250,0,1,1,1,1,1,1,1
0.769469250,1,1,1,1,1,1,1,1
0.777141000,0,1,1,1,1,1,1,1
0.777172750,1,1,1,1,1,1,1,1
0.777204250,0,1,1,1,1,1,1,1
0.777212750,1,1,1,1,1,1,1,1
0.777221250,0,1,1,1,1,1,1,1
0.777229750,1,1,1,1,1,1,1,1
0.777246000,0,1,1,1,1,1,1,1
0.777254500,1,1,1,1,1,1,1,1
0.777262750,0,1,1,1,1,1,1,1
0.777271250,1,1,1,1,1,1,1,1
0.777287500,0,1,1,1,1,1,1,1
0.777296000,1,1,1,1,1,1,1,1
0.777304250,0,1,1,1,1,1,1,1
0.777312750,1,1,1,1,1,1,1,1
0.777321250,0,1,1,1,1,1,1,1
0.777337750,1,1,1,1,1,1,1,1
0.777361750,0,1,1,1,1,1,1,1
0.777378250,1,1,1,1,1,1,1,1
0.777386500,0,1,1,1,1,1,1,1
0.777418750,1,1,1,1,1,1,1,1
0.777427250,0,1,1,1,1,1,1,1
0.777459500,1,1,1,1,1,1,1,1
0.777467750,0,1,1,1,1,1,1,1
0.777500000,1,1,1,1,1,1,1,1
0.777508500,0,1,1,1,1,1,1,1
0.777540750,1,1,1,1,1,1,1,1
0.777549000,0,1,1,1,1,1,1,1
0.777581250,1,1,1,1,1,1,1,1
0.777605500,0,1,1,1,1,1,1,1
0.777622000,1,1,1,1,1,1,1,1
0.777630250,0,1,1,1,1,1,1,1
0.777662500,1,1,1,1,1,1,1,1
0.777671000,0,1,1,1,1,1,1,1
0.777679500,1,1,1,1,1,1,1,1
0.777687750,0,1,1,1,1,1,1,1
0.777704250,1,1,1,1,1,1,1,1
0.777744250,0,1,1,1,1,1,1,1
0.777752750,1,1,1,1,1,1,1,1
0.777784750,0,1,1,1,1,1,1,1
0.777793250,1,1,1,1,1,1,1,1
0.777825500,0,1,1,1,1,1,1,1
0.777834000,1,1,1,1,1,1,1,1
0.777866000,0,1,1,1,1,1,1,1
0.777906250,1,1,1,1,1,1,1,1
0.777914500,0,1,1,1,1,1,1,1
0.777946750,1,1,1,1,1,1,1,1
0.777987000,0,1,1,1,1,1,1,1
0.777995500,1,1,1,1,1,1,1,1
0.778027500,0,1,1,1,1,1,1,1
0.778036000,1,1,1,1,1,1,1,1
0.778068000,0,1,1,1,1,1,1,1
0.778076750,1,1,1,1,1,1,1,1
0.778108750,0,1,1,1,1,1,1,1
0.778117250,1,1,1,1,1,1,1,1
0.778149250,0,1,1,1,1,1,1,1
0.778157750,1,1,1,1,1,1,1,1
0.778190000,0,1,1,1,1,1,1,1
0.778230250,1,1,1,1,1,1,1,1
0.778238500,0,1,1,1,1,1,1,1
0.778270750,1,1,1,1,1,1,1,1
0.778279000,0,1,1,1,1,1,1,1
0.778287500,1,1,1,1,1,1,1,1
0.778311750,0,1,1,1,1,1,1,1
0.778344000,1,1,1,1,1,1,1,1
0.778352500,0,1,1,1,1,1,1,1
0.778384750,1,1,1,1,1,1,1,1
0.778393000,0,1,1,1,1,1,1,1
0.778409500,1,1,1,1,1,1,1,1
0.778417750,0,1,1,1,1,1,1,1
0.778442250,1,1,1,1,1,1,1,1
0.778450750,0,1,1,1,1,1,1,1
0.778459750,1,1,1,1,1,1,1,1
0.788499750,0,1,1,1,1,1,1,1
0.788532250,1,1,1,1,1,1,1,1
0.788563750,0,1,1,1,1,1,1,1
0.788572750,1,1,1,1,1,1,1,1
0.788581250,0,1,1,1,1,1,1,1
0.788590250,1,1,1,1,1,1,1,1
0.788598750,0,1,1,1,1,1,1,1
0.788615750,1,1,1,1,1,1,1,1
0.788656250,0,1,1,1,1,1,1,1
0.788665250,1,1,1,1,1,1,1,1
0.788681750,0,1,1,1,1,1,1,1
0.788698750,1,1,1,1,1,1,1,1
0.788723250,0,1,1,1,1,1,1,1
0.788740250,1,1,1,1,1,1,1,1
0.788764750,0,1,1,1,1,1,1,1
0.788781750,1,1,1,1,1,1,1,1
0.788790250,0,1,1,1,1,1,1,1
0.788823250,1,1,1,1,1,1,1,1
0.788831750,0,1,1,1,1,1,1,1
0.788864750,1,1,1,1,1,1,1,1
0.788873250,0,1,1,1,1,1,1,1
0.788906250,1,1,1,1,1,1,1,1
0.788914750,0,1,1,1,1,1,1,1
0.788947750,1,1,1,1,1,1,1,1
0.788956250,0,1,1,1,1,1,1,1
0.788981250,1,1,1,1,1,1,1,1
0.788989750,0,1,1,1,1,1,1,1
0.789014750,1,1,1,1,1,1,1,1
0.789023250,0,1,1,1,1,1,1,1
0.789032250,1,1,1,1,1,1,1,1
0.789056750,0,1,1,1,1,1,1,1
0.789073750,1,1,1,1,1,1,1,1
0.789114250,0,1,1,1,1,1,1,1
0.789155250,1,1,1,1,1,1,1,1
0.789163750,0,1,1,1,1,1,1,1
0.789196750,1,1,1,1,1,1,1,1
0.789205250,0,1,1,1,1,1,1,1
0.789238250,1,1,1,1,1,1,1,1
0.789278750,0,1,1,1,1,1,1,1
0.789287750,1,1,1,1,1,1,1,1
0.789320250,0,1,1,1,1,1,1,1
0.789345250,1,1,1,1,1,1,1,1
0.789353750,0,1,1,1,1,1,1,1
0.789362750,1,1,1,1,1,1,1,1
0.789371250,0,1,1,1,1,1,1,1
0.789404250,1,1,1,1,1,1,1,1
0.789412750,0,1,1,1,1,1,1,1
0.789421750,1,1,1,1,1,1,1,1
0.789430250,0,1,1,1,1,1,1,1
0.789447250,1,1,1,1,1,1,1,1
0.789455750,0,1,1,1,1,1,1,1
0.789472750,1,1,1,1,1,1,1,1
0.789481250,0,1,1,1,1,1,1,1
0.789490250,1,1,1,1,1,1,1,1
0.789498750,0,1,1,1,1,1,1,1
0.789531750,1,1,1,1,1,1,1,1
0.789540250,0,1,1,1,1,1,1,1
0.789573250,1,1,1,1,1,1,1,1
0.789581750,0,1,1,1,1,1,1,1
0.789614750,1,1,1,1,1,1,1,1
0.789623250,0,1,1,1,1,1,1,1
0.789656250,1,1,1,1,1,1,1,1
0.789664750,0,1,1,1,1,1,1,1
0.789681750,1,1,1,1,1,1,1,1
0.789698250,0,1,1,1,1,1,1,1
0.789707250,1,1,1,1,1,1,1,1
0.789723750,0,1,1,1,1,1,1,1
0.789732750,1,1,1,1,1,1,1,1
0.789741250,0,1,1,1,1,1,1,1
0.789750250,1,1,1,1,1,1,1,1
0.789758750,0,1,1,1,1,1,1,1
0.789767750,1,1,1,1,1,1,1,1
0.789776250,0,1,1,1,1,1,1,1
0.789785250,1,1,1,1,1,1,1,1
0.789793750,0,1,1,1,1,1,1,1
0.789802750,1,1,1,1,1,1,1,1
0.789811250,0,1,1,1,1,1,1,1
0.789836250,1,1,1,1,1,1,1,1
0.789844750,0,1,1,1,1,1,1,1
0.789853250,1,1,1,1,1,1,1,1
0.818742750,0,1,1,1,1,1,1,1
0.818775250,1,1,1,1,1,1,1,1
0.818806750,0,1,1,1,1,1,1,1
0.818815750,1,1,1,1,1,1,1,1
0.818832250,0,1,1,1,1,1,1,1
0.818857250,1,1,1,1,1,1,1,1
0.818865750,0,1,1,1,1,1,1,1
0.818882750,1,1,1,1,1,1,1,1
0.818891250,0,1,1,1,1,1,1,1
0.818900250,1,1,1,1,1,1,1,1
0.818908750,0,1,1,1,1,1,1,1
0.818917750,1,1,1,1,1,1,1,1
0.818926250,0,1,1,1,1,1,1,1
0.818943250,1,1,1,1,1,1,1,1
0.818959750,0,1,1,1,1,1,1,1
0.818984750,1,1,1,1,1,1,1,1
0.818993250,0,1,1,1,1,1,1,1
0.819026250,1,1,1,1,1,1,1,1
0.819034750,0,1,1,1,1,1,1,1
0.819067750,1,1,1,1,1,1,1,1
0.819076250,0,1,1,1,1,1,1,1
0.819109250,1,1,1,1,1,1,1,1
0.819117750,0,1,1,1,1,1,1,1
0.819150750,1,1,1,1,1,1,1,1
0.819159250,0,1,1,1,1,1,1,1
0.819192250,1,1,1,1,1,1,1,1
0.819200750,0,1,1,1,1,1,1,1
0.819233750,1,1,1,1,1,1,1,1
0.819242250,0,1,1,1,1,1,1,1
0.819275250,1,1,1,1,1,1,1,1
0.819283750,0,1,1,1,1,1,1,1
0.819316750,1,1,1,1,1,1,1,1
0.819325250,0,1,1,1,1,1,1,1
0.819358250,1,1,1,1,1,1,1,1
0.819366750,0,1,1,1,1,1,1,1
0.819399750,1,1,1,1,1,1,1,1
0.819408250,0,1,1,1,1,1,1,1
0.819441250,1,1,1,1,1,1,1,1
0.819449750,0,1,1,1,1,1,1,1
0.819482750,1,1,1,1,1,1,1,1
0.819491250,0,1,1,1,1,1,1,1
0.819500250,1,1,1,1,1,1,1,1
0.819508750,0,1,1,1,1,1,1,1
0.819517750,1,1,1,1,1,1,1,1
0.819526250,0,1,1,1,1,1,1,1
0.819559250,1,1,1,1,1,1,1,1
0.819567750,0,1,1,1,1,1,1,1
0.819592750,1,1,1,1,1,1,1,1
0.819609250,0,1,1,1,1,1,1,1
0.819626250,1,1,1,1,1,1,1,1
0.819634750,0,1,1,1,1,1,1,1
0.819651750,1,1,1,1,1,1,1,1
0.819660250,0,1,1,1,1,1,1,1
0.819685250,1,1,1,1,1,1,1,1
0.819693750,0,1,1,1,1,1,1,1
0.819702750,1,1,1,1,1,1,1,1
0.819727250,0,1,1,1,1,1,1,1
0.819744250,1,1,1,1,1,1,1,1
0.821984750,0,1,1,1,1,1,1,1
0.822017000,1,1,1,1,1,1,1,1
0.822048750,0,1,1,1,1,1,1,1
0.822057500,1,1,1,1,1,1,1,1
0.822065750,0,1,1,1,1,1,1,1
0.822074500,1,1,1,1,1,1,1,1
0.822083250,0,1,1,1,1,1,1,1
0.822100000,1,1,1,1,1,1,1,1
0.822108750,0,1,1,1,1,1,1,1
0.822117500,1,1,1,1,1,1,1,1
0.822134250,0,1,1,1,1,1,1,1
0.822143000,1,1,1,1,1,1,1,1
0.822151250,0,1,1,1,1,1,1,1
0.822160000,1,1,1,1,1,1,1,1
0.822168250,0,1,1,1,1,1,1,1
0.822185000,1,1,1,1,1,1,1,1
0.822209750,0,1,1,1,1,1,1,1
0.822226500,1,1,1,1,1,1,1,1
0.822235250,0,1,1,1,1,1,1,1
0.822268000,1,1,1,1,1,1,1,1
0.822276750,0,1,1,1,1,1,1,1
0.822309500,1,1,1,1,1,1,1,1
0.822318250,0,1,1,1,1,1,1,1
0.822351000,1,1,1,1,1,1,1,1
0.822359750,0,1,1,1,1,1,1,1
0.822392500,1,1,1,1,1,1,1,1
0.822401250,0,1,1,1,1,1,1,1
0.822434000,1,1,1,1,1,1,1,1
0.822442750,0,1,1,1,1,1,1,1
0.822475500,1,1,1,1,1,1,1,1
0.822484250,0,1,1,1,1,1,1,1
0.822517000,1,1,1,1,1,1,1,1
0.822525750,0,1,1,1,1,1,1,1
0.822558500,1,1,1,1,1,1,1,1
0.822567250,0,1,1,1,1,1,1,1
0.822600000,1,1,1,1,1,1,1,1
0.822608750,0,1,1,1,1,1,1,1
0.822641500,1,1,1,1,1,1,1,1
0.822658250,0,1,1,1,1,1,1,1
0.822683000,1,1,1,1,1,1,1,1
0.822707750,0,1,1,1,1,1,1,1
0.822724500,1,1,1,1,1,1,1,1
0.822749250,0,1,1,1,1,1,1,1
0.822758000,1,1,1,1,1,1,1,1
0.822766250,0,1,1,1,1,1,1,1
0.822775000,1,1,1,1,1,1,1,1
0.822783750,0,1,1,1,1,1,1,1
0.822792500,1,1,1,1,1,1,1,1
0.822800750,0,1,1,1,1,1,1,1
0.822817500,1,1,1,1,1,1,1,1
0.822826000,0,1,1,1,1,1,1,1
0.822834750,1,1,1,1,1,1,1,1
0.835584500,0,1,1,1,1,1,1,1
0.835616500,1,1,1,1,1,1,1,1
0.835648000,0,1,1,1,1,1,1,1
0.835656750,1,1,1,1,1,1,1,1
0.835665000,0,1,1,1,1,1,1,1
0.835673750,1,1,1,1,1,1,1,1
0.835682000,0,1,1,1,1,1,1,1
0.835690500,1,1,1,1,1,1,1,1
0.835698750,0,1,1,1,1,1,1,1
0.835707500,1,1,1,1,1,1,1,1
0.835731750,0,1,1,1,1,1,1,1
0.835740250,1,1,1,1,1,1,1,1
0.835748750,0,1,1,1,1,1,1,1
0.835757250,1,1,1,1,1,1,1,1
0.835765500,0,1,1,1,1,1,1,1
0.835782250,1,1,1,1,1,1,1,1
0.835806250,0,1,1,1,1,1,1,1
0.835823000,1,1,1,1,1,1,1,1
0.835831250,0,1,1,1,1,1,1,1
0.835847750,1,1,1,1,1,1,1,1
0.835856250,0,1,1,1,1,1,1,1
0.835864750,1,1,1,1,1,1,1,1
0.835873000,0,1,1,1,1,1,1,1
0.835905500,1,1,1,1,1,1,1,1
0.835913750,0,1,1,1,1,1,1,1
0.835938500,1,1,1,1,1,1,1,1
0.835946750,0,1,1,1,1,1,1,1
0.835955250,1,1,1,1,1,1,1,1
0.835979500,0,1,1,1,1,1,1,1
0.835988250,1,1,1,1,1,1,1,1
0.836004500,0,1,1,1,1,1,1,1
0.836029000,1,1,1,1,1,1,1,1
0.836045250,0,1,1,1,1,1,1,1
0.836054000,1,1,1,1,1,1,1,1
0.836062250,0,1,1,1,1,1,1,1
0.836070750,1,1,1,1,1,1,1,1
0.836079000,0,1,1,1,1,1,1,1
0.836087750,1,1,1,1,1,1,1,1
0.836096000,0,1,1,1,1,1,1,1
0.836104750,1,1,1,1,1,1,1,1
0.836113000,0,1,1,1,1,1,1,1
0.836161500,1,1,1,1,1,1,1,1
0.836170000,0,1,1,1,1,1,1,1
0.836179000,1,1,1,1,1,1,1,1
0.868948250,0,1,1,1,1,1,1,1
0.868980500,1,1,1,1,1,1,1,1
0.869012250,0,1,1,1,1,1,1,1
0.869021000,1,1,1,1,1,1,1,1
0.869037750,0,1,1,1,1,1,1,1
0.869062500,1,1,1,1,1,1,1,1
0.869071250,0,1,1,1,1,1,1,1
0.869088000,1,1,1,1,1,1,1,1
0.869096750,0,1,1,1,1,1,1,1
0.869105500,1,1,1,1,1,1,1,1
0.869114250,0,1,1,1,1,1,1,1
0.869123000,1,1,1,1,1,1,1,1
0.869131750,0,1,1,1,1,1,1,1
0.869148500,1,1,1,1,1,1,1,1
0.869165250,0,1,1,1,1,1,1,1
0.869190000,1,1,1,1,1,1,1,1
0.869198750,0,1,1,1,1,1,1,1
0.869231500,1,1,1,1,1,1,1,1
0.869240250,0,1,1,1,1,1,1,1
0.869273000,1,1,1,1,1,1,1,1
0.869281750,0,1,1,1,1,1,1,1
0.869314750,1,1,1,1,1,1,1,1
0.869323250,0,1,1,1,1,1,1,1
0.869356250,1,1,1,1,1,1,1,1
0.869364750,0,1,1,1,1,1,1,1
0.869397750,1,1,1,1,1,1,1,1
0.869406250,0,1,1,1,1,1,1,1
0.869439250,1,1,1,1,1,1,1,1
0.869447750,0,1,1,1,1,1,1,1
0.869480750,1,1,1,1,1,1,1,1
0.869489250,0,1,1,1,1,1,1,1
0.869522250,1,1,1,1,1,1,1,1
0.869530750,0,1,1,1,1,1,1,1
0.869563750,1,1,1,1,1,1,1,1
0.869572250,0,1,1,1,1,1,1,1
0.869605250,1,1,1,1,1,1,1,1
0.869613750,0,1,1,1,1,1,1,1
0.869646750,1,1,1,1,1,1,1,1
0.869655250,0,1,1,1,1,1,1,1
0.869688250,1,1,1,1,1,1,1,1
0.869696750,0,1,1,1,1,1,1,1
0.869705750,1,1,1,1,1,1,1,1
0.869714250,0,1,1,1,1,1,1,1
0.869723250,1,1,1,1,1,1,1,1
0.869731750,0,1,1,1,1,1,1,1
0.869764750,1,1,1,1,1,1,1,1
0.869773250,0,1,1,1,1,1,1,1
0.869798250,1,1,1,1,1,1,1,1
0.869814750,0,1,1,1,1,1,1,1
0.869831750,1,1,1,1,1,1,1,1
0.869840250,0,1,1,1,1,1,1,1
0.869857250,1,1,1,1,1,1,1,1
0.869865750,0,1,1,1,1,1,1,1
0.869890750,1,1,1,1,1,1,1,1
0.869899250,0,1,1,1,1,1,1,1
0.869908250,1,1,1,1,1,1,1,1
0.869932750,0,1,1,1,1,1,1,1
0.869949750,1,1,1,1,1,1,1,1
0.888951250,0,1,1,1,1,1,1,1
0.888983500,1,1,1,1,1,1,1,1
0.889015250,0,1,1,1,1,1,1,1
0.889024000,1,1,1,1,1,1,1,1
0.889032750,0,1,1,1,1,1,1,1
0.889041500,1,1,1,1,1,1,1,1
0.889050250,0,1,1,1,1,1,1,1
0.889067000,1,1,1,1,1,1,1,1
0.889091750,0,1,1,1,1,1,1,1
0.889100500,1,1,1,1,1,1,1,1
0.889109250,0,1,1,1,1,1,1,1
0.889118000,1,1,1,1,1,1,1,1
0.889134750,0,1,1,1,1,1,1,1
0.889151500,1,1,1,1,1,1,1,1
0.889176250,0,1,1,1,1,1,1,1
0.889193000,1,1,1,1,1,1,1,1
0.889209750,0,1,1,1,1,1,1,1
0.889234500,1,1,1,1,1,1,1,1
0.889243250,0,1,1,1,1,1,1,1
0.889276000,1,1,1,1,1,1,1,1
0.889284750,0,1,1,1,1,1,1,1
0.889317500,1,1,1,1,1,1,1,1
0.889326250,0,1,1,1,1,1,1,1
0.889359000,1,1,1,1,1,1,1,1
0.889399750,0,1,1,1,1,1,1,1
0.889408500,1,1,1,1,1,1,1,1
0.889441250,0,1,1,1,1,1,1,1
0.889482000,1,1,1,1,1,1,1,1
0.889490750,0,1,1,1,1,1,1,1
0.889507500,1,1,1,1,1,1,1,1
0.889516250,0,1,1,1,1,1,1,1
0.889525000,1,1,1,1,1,1,1,1
0.889541750,0,1,1,1,1,1,1,1
0.889558500,1,1,1,1,1,1,1,1
0.889567250,0,1,1,1,1,1,1,1
0.889576000,1,1,1,1,1,1,1,1
0.889592750,0,1,1,1,1,1,1,1
0.889609500,1,1,1,1,1,1,1,1
0.889650250,0,1,1,1,1,1,1,1
0.889659000,1,1,1,1,1,1,1,1
0.889691750,0,1,1,1,1,1,1,1
0.889700500,1,1,1,1,1,1,1,1
0.889733250,0,1,1,1,1,1,1,1
0.889742250,1,1,1,1,1,1,1,1
0.889774750,0,1,1,1,1,1,1,1
0.889807750,1,1,1,1,1,1,1,1
0.889816250,0,1,1,1,1,1,1,1
0.889825250,1,1,1,1,1,1,1,1
0.889841750,0,1,1,1,1,1,1,1
0.889858750,1,1,1,1,1,1,1,1
0.889867250,0,1,1,1,1,1,1,1
0.889876250,1,1,1,1,1,1,1,1
0.889884750,0,1,1,1,1,1,1,1
0.889901750,1,1,1,1,1,1,1,1
0.889918250,0,1,1,1,1,1,1,1
0.889927250,1,1,1,1,1,1,1,1
0.889935750,0,1,1,1,1,1,1,1
0.889952750,1,1,1,1,1,1,1,1
0.889961250,0,1,1,1,1,1,1,1
0.889970000,1,1,1,1,1,1,1,1
0.919147250,0,1,1,1,1,1,1,1
0.919179500,1,1,1,1,1,1,1,1
0.919211250,0,1,1,1,1,1,1,1
0.919220000,1,1,1,1,1,1,1,1
0.919236750,0,1,1,1,1,1,1,1
0.919261500,1,1,1,1,1,1,1,1
0.919270250,0,1,1,1,1,1,1,1
0.919287000,1,1,1,1,1,1,1,1
0.919295750,0,1,1,1,1,1,1,1
0.919304500,1,1,1,1,1,1,1,1
0.919313250,0,1,1,1,1,1,1,1
0.919322000,1,1,1,1,1,1,1,1
0.919330750,0,1,1,1,1,1,1,1
0.919347500,1,1,1,1,1,1,1,1
0.919364250,0,1,1,1,1,1,1,1
0.919389000,1,1,1,1,1,1,1,1
0.919397750,0,1,1,1,1,1,1,1
0.919430500,1,1,1,1,1,1,1,1
0.919439250,0,1,1,1,1,1,1,1
0.919472000,1,1,1,1,1,1,1,1
0.919480750,0,1,1,1,1,1,1,1
0.919513500,1,1,1,1,1,1,1,1
0.919522250,0,1,1,1,1,1,1,1
0.919555000,1,1,1,1,1,1,1,1
0.919563750,0,1,1,1,1,1,1,1
0.919596500,1,1,1,1,1,1,1,1
0.919605250,0,1,1,1,1,1,1,1
0.919638000,1,1,1,1,1,1,1,1
0.919646750,0,1,1,1,1,1,1,1
0.919679500,1,1,1,1,1,1,1,1
0.919688250,0,1,1,1,1,1,1,1
0.919721000,1,1,1,1,1,1,1,1
0.919729750,0,1,1,1,1,1,1,1
0.919762500,1,1,1,1,1,1,1,1
0.919771250,0,1,1,1,1,1,1,1
0.919804000,1,1,1,1,1,1,1,1
0.919812750,0,1,1,1,1,1,1,1
0.919845500,1,1,1,1,1,1,1,1
0.919854250,0,1,1,1,1,1,1,1
0.919887000,1,1,1,1,1,1,1,1
0.919895750,0,1,1,1,1,1,1,1
0.919904500,1,1,1,1,1,1,1,1
0.919913250,0,1,1,1,1,1,1,1
0.919922000,1,1,1,1,1,1,1,1
0.919930750,0,1,1,1,1,1,1,1
0.919963500,1,1,1,1,1,1,1,1
0.919972250,0,1,1,1,1,1,1,1
0.919997000,1,1,1,1,1,1,1,1
0.920013750,0,1,1,1,1,1,1,1
0.920030500,1,1,1,1,1,1,1,1
0.920039250,0,1,1,1,1,1,1,1
0.920056000,1,1,1,1,1,1,1,1
0.920064750,0,1,1,1,1,1,1,1
0.920089500,1,1,1,1,1,1,1,1
0.920098250,0,1,1,1,1,1,1,1
0.920107000,1,1,1,1,1,1,1,1
0.920131750,0,1,1,1,1,1,1,1
0.920148500,1,1,1,1,1,1,1,1
0.922333250,0,1,1,1,1,1,1,1
0.922365500,1,1,1,1,1,1,1,1
0.922397250,0,1,1,1,1,1,1,1
0.922406000,1,1,1,1,1,1,1,1
0.922414250,0,1,1,1,1,1,1,1
0.922423000,1,1,1,1,1,1,1,1
0.922431750,0,1,1,1,1,1,1,1
0.922448500,1,1,1,1,1,1,1,1
0.922457250,0,1,1,1,1,1,1,1
0.922466000,1,1,1,1,1,1,1,1
0.922482250,0,1,1,1,1,1,1,1
0.922491000,1,1,1,1,1,1,1,1
0.922499250,0,1,1,1,1,1,1,1
0.922508000,1,1,1,1,1,1,1,1
0.922516250,0,1,1,1,1,1,1,1
0.922533000,1,1,1,1,1,1,1,1
0.922557750,0,1,1,1,1,1,1,1
0.922574500,1,1,1,1,1,1,1,1
0.922583250,0,1,1,1,1,1,1,1
0.922616000,1,1,1,1,1,1,1,1
0.922624750,0,1,1,1,1,1,1,1
0.922657500,1,1,1,1,1,1,1,1
0.922666250,0,1,1,1,1,1,1,1
0.922699000,1,1,1,1,1,1,1,1
0.922707750,0,1,1,1,1,1,1,1
0.922740500,1,1,1,1,1,1,1,1
0.922749250,0,1,1,1,1,1,1,1
0.922782000,1,1,1,1,1,1,1,1
0.922790750,0,1,1,1,1,1,1,1
0.922823500,1,1,1,1,1,1,1,1
0.922832250,0,1,1,1,1,1,1,1
0.922865000,1,1,1,1,1,1,1,1
0.922873750,0,1,1,1,1,1,1,1
0.922906500,1,1,1,1,1,1,1,1
0.922915250,0,1,1,1,1,1,1,1
0.922948000,1,1,1,1,1,1,1,1
0.922956750,0,1,1,1,1,1,1,1
0.922989500,1,1,1,1,1,1,1,1
0.923006250,0,1,1,1,1,1,1,1
0.923031000,1,1,1,1,1,1,1,1
0.923055750,0,1,1,1,1,1,1,1
0.923072500,1,1,1,1,1,1,1,1
0.923097250,0,1,1,1,1,1,1,1
0.923106000,1,1,1,1,1,1,1,1
0.923114250,0,1,1,1,1,1,1,1
0.923123000,1,1,1,1,1,1,1,1
0.923131750,0,1,1,1,1,1,1,1
0.923140500,1,1,1,1,1,1,1,1
0.923148750,0,1,1,1,1,1,1,1
0.923165500,1,1,1,1,1,1,1,1
0.923173750,0,1,1,1,1,1,1,1
0.923182750,1,1,1,1,1,1,1,1
0.969336750,0,1,1,1,1,1,1,1
0.969369000,1,1,1,1,1,1,1,1
0.969400750,0,1,1,1,1,1,1,1
0.969409500,1,1,1,1,1,1,1,1
0.969426250,0,1,1,1,1,1,1,1
0.969451000,1,1,1,1,1,1,1,1
0.969459750,0,1,1,1,1,1,1,1
0.969476500,1,1,1,1,1,1,1,1
0.969485250,0,1,1,1,1,1,1,1
0.969494000,1,1,1,1,1,1,1,1
0.969502750,0,1,1,1,1,1,1,1
0.969511500,1,1,1,1,1,1,1,1
0.969520250,0,1,1,1,1,1,1,1
0.969537000,1,1,1,1,1,1,1,1
0.969553750,0,1,1,1,1,1,1,1
0.969578500,1,1,1,1,1,1,1,1
0.969587250,0,1,1,1,1,1,1,1
0.969620000,1,1,1,1,1,1,1,1
0.969628750,0,1,1,1,1,1,1,1
0.969661500,1,1,1,1,1,1,1,1
0.969670250,0,1,1,1,1,1,1,1
0.969703000,1,1,1,1,1,1,1,1
0.969711750,0,1,1,1,1,1,1,1
0.969744500,1,1,1,1,1,1,1,1
0.969753250,0,1,1,1,1,1,1,1
0.969786000,1,1,1,1,1,1,1,1
0.969794750,0,1,1,1,1,1,1,1
0.969827500,1,1,1,1,1,1,1,1
0.969836250,0,1,1,1,1,1,1,1
0.969869000,1,1,1,1,1,1,1,1
0.969877750,0,1,1,1,1,1,1,1
0.969910500,1,1,1,1,1,1,1,1
0.969919250,0,1,1,1,1,1,1,1
0.969952000,1,1,1,1,1,1,1,1
0.969960750,0,1,1,1,1,1,1,1
0.969993500,1,1,1,1,1,1,1,1
0.970002250,0,1,1,1,1,1,1,1
0.970035000,1,1,1,1,1,1,1,1
0.970043750,0,1,1,1,1,1,1,1
0.970076500,1,1,1,1,1,1,1,1
0.970085250,0,1,1,1,1,1,1,1
0.970094000,1,1,1,1,1,1,1,1
0.970102750,0,1,1,1,1,1,1,1
0.970111500,1,1,1,1,1,1,1,1
0.970120250,0,1,1,1,1,1,1,1
0.970153000,1,1,1,1,1,1,1,1
0.970161750,0,1,1,1,1,1,1,1
0.970186500,1,1,1,1,1,1,1,1
0.970203250,0,1,1,1,1,1,1,1
0.970220000,1,1,1,1,1,1,1,1
0.970228750,0,1,1,1,1,1,1,1
0.970245500,1,1,1,1,1,1,1,1
0.970254250,0,1,1,1,1,1,1,1
0.970279000,1,1,1,1,1,1,1,1
0.970287750,0,1,1,1,1,1,1,1
0.970296500,1,1,1,1,1,1,1,1
0.970321250,0,1,1,1,1,1,1,1
0.970338000,1,1,1,1,1,1,1,1
0.979299000,0,1,1,1,1,1,1,1
0.979331500,1,1,1,1,1,1,1,1
0.979363000,0,1,1,1,1,1,1,1
0.979372000,1,1,1,1,1,1,1,1
0.979380500,0,1,1,1,1,1,1,1
0.979389500,1,1,1,1,1,1,1,1
0.979398000,0,1,1,1,1,1,1,1
0.979407000,1,1,1,1,1,1,1,1
0.979415500,0,1,1,1,1,1,1,1
0.979440500,1,1,1,1,1,1,1,1
0.979449000,0,1,1,1,1,1,1,1
0.979458000,1,1,1,1,1,1,1,1
0.979466500,0,1,1,1,1,1,1,1
0.979475500,1,1,1,1,1,1,1,1
0.979484000,0,1,1,1,1,1,1,1
0.979501000,1,1,1,1,1,1,1,1
0.979517500,0,1,1,1,1,1,1,1
0.979542500,1,1,1,1,1,1,1,1
0.979551000,0,1,1,1,1,1,1,1
0.979584000,1,1,1,1,1,1,1,1
0.979592500,0,1,1,1,1,1,1,1
0.979625500,1,1,1,1,1,1,1,1
0.979634250,0,1,1,1,1,1,1,1
0.979667000,1,1,1,1,1,1,1,1
0.979675750,0,1,1,1,1,1,1,1
0.979708500,1,1,1,1,1,1,1,1
0.979717250,0,1,1,1,1,1,1,1
0.979750000,1,1,1,1,1,1,1,1
0.979758750,0,1,1,1,1,1,1,1
0.979791500,1,1,1,1,1,1,1,1
0.979800250,0,1,1,1,1,1,1,1
0.979833000,1,1,1,1,1,1,1,1
0.979841750,0,1,1,1,1,1,1,1
0.979858500,1,1,1,1,1,1,1,1
0.979875250,0,1,1,1,1,1,1,1
0.979916000,1,1,1,1,1,1,1,1
0.979924750,0,1,1,1,1,1,1,1
0.979957500,1,1,1,1,1,1,1,1
0.979966250,0,1,1,1,1,1,1,1
0.979999000,1,1,1,1,1,1,1,1
0.980007750,0,1,1,1,1,1,1,1
0.980016500,1,1,1,1,1,1,1,1
0.980025250,0,1,1,1,1,1,1,1
0.980034000,1,1,1,1,1,1,1,1
0.980042750,0,1,1,1,1,1,1,1
0.980083500,1,1,1,1,1,1,1,1
0.980092250,0,1,1,1,1,1,1,1
0.980125000,1,1,1,1,1,1,1,1
0.980133750,0,1,1,1,1,1,1,1
0.980166500,1,1,1,1,1,1,1,1
0.980175250,0,1,1,1,1,1,1,1
0.980208000,1,1,1,1,1,1,1,1
0.980216750,0,1,1,1,1,1,1,1
0.980225500,1,1,1,1,1,1,1,1
0.980234250,0,1,1,1,1,1,1,1
0.980251000,1,1,1,1,1,1,1,1
0.980259750,0,1,1,1,1,1,1,1
0.980292500,1,1,1,1,1,1,1,1
0.980333250,0,1,1,1,1,1,1,1
0.980342000,1,1,1,1,1,1,1,1
0.980374750,0,1,1,1,1,1,1,1
0.980415500,1,1,1,1,1,1,1,1
0.980424250,0,1,1,1,1,1,1,1
0.980457000,1,1,1,1,1,1,1,1
0.980465750,0,1,1,1,1,1,1,1
0.980498500,1,1,1,1,1,1,1,1
0.980507250,0,1,1,1,1,1,1,1
0.980540000,1,1,1,1,1,1,1,1
0.980548750,0,1,1,1,1,1,1,1
0.980581500,1,1,1,1,1,1,1,1
0.980590250,0,1,1,1,1,1,1,1
0.980623000,1,1,1,1,1,1,1,1
0.980631750,0,1,1,1,1,1,1,1
0.980664500,1,1,1,1,1,1,1,1
0.980673250,0,1,1,1,1,1,1,1
0.980706000,1,1,1,1,1,1,1,1
0.980738750,0,1,1,1,1,1,1,1
0.980747500,1,1,1,1,1,1,1,1
0.980764250,0,1,1,1,1,1,1,1
0.980781000,1,1,1,1,1,1,1,1
0.980789750,0,1,1,1,1,1,1,1
0.980798500,1,1,1,1,1,1,1,1
0.980815250,0,1,1,1,1,1,1,1
0.980824000,1,1,1,1,1,1,1,1
0.980832750,0,1,1,1,1,1,1,1
0.980841500,1,1,1,1,1,1,1,1
0.980850250,0,1,1,1,1,1,1,1
0.980859000,1,1,1,1,1,1,1,1
0.980867750,0,1,1,1,1,1,1,1
0.980884500,1,1,1,1,1,1,1,1
0.980996250,0,1,1,1,1,1,1,1
0.981028000,1,1,1,1,1,1,1,1
0.981059750,0,1,1,1,1,1,1,1
0.981068250,1,1,1,1,1,1,1,1
0.981076500,0,1,1,1,1,1,1,1
0.981085000,1,1,1,1,1,1,1,1
0.981101250,0,1,1,1,1,1,1,1
0.981109750,1,1,1,1,1,1,1,1
0.981118000,0,1,1,1,1,1,1,1
0.981126500,1,1,1,1,1,1,1,1
0.981142750,0,1,1,1,1,1,1,1
0.981151250,1,1,1,1,1,1,1,1
0.981159750,0,1,1,1,1,1,1,1
0.981168250,1,1,1,1,1,1,1,1
0.981176500,0,1,1,1,1,1,1,1
0.981193000,1,1,1,1,1,1,1,1
0.981217250,0,1,1,1,1,1,1,1
0.981233500,1,1,1,1,1,1,1,1
0.981242000,0,1,1,1,1,1,1,1
0.981274250,1,1,1,1,1,1,1,1
0.981282500,0,1,1,1,1,1,1,1
0.981314750,1,1,1,1,1,1,1,1
0.981323250,0,1,1,1,1,1,1,1
0.981355500,1,1,1,1,1,1,1,1
0.981363750,0,1,1,1,1,1,1,1
0.981396000,1,1,1,1,1,1,1,1
0.981404500,0,1,1,1,1,1,1,1
0.981436750,1,1,1,1,1,1,1,1
0.981460750,0,1,1,1,1,1,1,1
0.981477250,1,1,1,1,1,1,1,1
0.981485500,0,1,1,1,1,1,1,1
0.981518000,1,1,1,1,1,1,1,1
0.981526250,0,1,1,1,1,1,1,1
0.981534750,1,1,1,1,1,1,1,1
0.981543000,0,1,1,1,1,1,1,1
0.981559500,1,1,1,1,1,1,1,1
0.981599500,0,1,1,1,1,1,1,1
0.981608000,1,1,1,1,1,1,1,1
0.981640250,0,1,1,1,1,1,1,1
0.981648750,1,1,1,1,1,1,1,1
0.981680750,0,1,1,1,1,1,1,1
0.981689250,1,1,1,1,1,1,1,1
0.981721500,0,1,1,1,1,1,1,1
0.981761500,1,1,1,1,1,1,1,1
0.981770000,0,1,1,1,1,1,1,1
0.981802250,1,1,1,1,1,1,1,1
0.981842250,0,1,1,1,1,1,1,1
0.981850750,1,1,1,1,1,1,1,1
0.981882750,0,1,1,1,1,1,1,1
0.981891250,1,1,1,1,1,1,1,1
0.981923500,0,1,1,1,1,1,1,1
0.981932000,1,1,1,1,1,1,1,1
0.981964000,0,1,1,1,1,1,1,1
0.981972500,1,1,1,1,1,1,1,1
0.982004750,0,1,1,1,1,1,1,1
0.982013250,1,1,1,1,1,1,1,1
0.982045250,0,1,1,1,1,1,1,1
0.982085500,1,1,1,1,1,1,1,1
0.982093750,0,1,1,1,1,1,1,1
0.982126250,1,1,1,1,1,1,1,1
0.982134500,0,1,1,1,1,1,1,1
0.982143000,1,1,1,1,1,1,1,1
0.982167250,0,1,1,1,1,1,1,1
0.982199500,1,1,1,1,1,1,1,1
0.982207750,0,1,1,1,1,1,1,1
0.982240000,1,1,1,1,1,1,1,1
0.982248250,0,1,1,1,1,1,1,1
0.982264750,1,1,1,1,1,1,1,1
0.982273250,0,1,1,1,1,1,1,1
0.982297500,1,1,1,1,1,1,1,1
0.982306250,0,1,1,1,1,1,1,1
0.982315250,1,1,1,1,1,1,1,1
0.989339000,0,1,1,1,1,1,1,1
0.989371500,1,1,1,1,1,1,1,1
0.989403000,0,1,1,1,1,1,1,1
0.989412000,1,1,1,1,1,1,1,1
0.989420500,0,1,1,1,1,1,1,1
0.989429500,1,1,1,1,1,1,1,1
0.989438000,0,1,1,1,1,1,1,1
0.989455000,1,1,1,1,1,1,1,1
0.989495500,0,1,1,1,1,1,1,1
0.989504500,1,1,1,1,1,1,1,1
0.989521000,0,1,1,1,1,1,1,1
0.989538000,1,1,1,1,1,1,1,1
0.989562500,0,1,1,1,1,1,1,1
0.989579500,1,1,1,1,1,1,1,1
0.989604000,0,1,1,1,1,1,1,1
0.989621000,1,1,1,1,1,1,1,1
0.989629500,0,1,1,1,1,1,1,1
0.989662500,1,1,1,1,1,1,1,1
0.989671000,0,1,1,1,1,1,1,1
0.989704000,1,1,1,1,1,1,1,1
0.989712500,0,1,1,1,1,1,1,1
0.989745500,1,1,1,1,1,1,1,1
0.989754000,0,1,1,1,1,1,1,1
0.989787000,1,1,1,1,1,1,1,1
0.989795750,0,1,1,1,1,1,1,1
0.989820500,1,1,1,1,1,1,1,1
0.989829250,0,1,1,1,1,1,1,1
0.989854000,1,1,1,1,1,1,1,1
0.989862750,0,1,1,1,1,1,1,1
0.989871500,1,1,1,1,1,1,1,1
0.989896250,0,1,1,1,1,1,1,1
0.989913000,1,1,1,1,1,1,1,1
0.989953750,0,1,1,1,1,1,1,1
0.989994500,1,1,1,1,1,1,1,1
0.990003250,0,1,1,1,1,1,1,1
0.990036000,1,1,1,1,1,1,1,1
0.990044750,0,1,1,1,1,1,1,1
0.990077500,1,1,1,1,1,1,1,1
0.990118250,0,1,1,1,1,1,1,1
0.990127000,1,1,1,1,1,1,1,1
0.990159750,0,1,1,1,1,1,1,1
0.990184500,1,1,1,1,1,1,1,1
0.990193250,0,1,1,1,1,1,1,1
0.990202000,1,1,1,1,1,1,1,1
0.990210750,0,1,1,1,1,1,1,1
0.990243500,1,1,1,1,1,1,1,1
0.990252250,0,1,1,1,1,1,1,1
0.990261000,1,1,1,1,1,1,1,1
0.990269750,0,1,1,1,1,1,1,1
0.990286500,1,1,1,1,1,1,1,1
0.990295250,0,1,1,1,1,1,1,1
0.990312000,1,1,1,1,1,1,1,1
0.990320750,0,1,1,1,1,1,1,1
0.990329500,1,1,1,1,1,1,1,1
0.990338250,0,1,1,1,1,1,1,1
0.990371000,1,1,1,1,1,1,1,1
0.990379750,0,1,1,1,1,1,1,1
0.990412500,1,1,1,1,1,1,1,1
0.990421250,0,1,1,1,1,1,1,1
0.990454000,1,1,1,1,1,1,1,1
0.990462750,0,1,1,1,1,1,1,1
0.990495500,1,1,1,1,1,1,1,1
0.990504250,0,1,1,1,1,1,1,1
0.990521000,1,1,1,1,1,1,1,1
0.990537750,0,1,1,1,1,1,1,1
0.990546500,1,1,1,1,1,1,1,1
0.990563250,0,1,1,1,1,1,1,1
0.990572000,1,1,1,1,1,1,1,1
0.990580750,0,1,1,1,1,1,1,1
0.990589500,1,1,1,1,1,1,1,1
0.990598250,0,1,1,1,1,1,1,1
0.990607000,1,1,1,1,1,1,1,1
0.990615750,0,1,1,1,1,1,1,1
0.990624500,1,1,1,1,1,1,1,1
0.990633250,0,1,1,1,1,1,1,1
0.990642000,1,1,1,1,1,1,1,1
0.990650750,0,1,1,1,1,1,1,1
0.990675500,1,1,1,1,1,1,1,1
0.990684250,0,1,1,1,1,1,1,1
0.990692750,1,1,1,1,1,1,1,1
1.019542000,0,1,1,1,1,1,1,1
1.019574500,1,1,1,1,1,1,1,1
1.019606000,0,1,1,1,1,1,1,1
1.019615000,1,1,1,1,1,1,1,1
1.019631500,0,1,1,1,1,1,1,1
1.019656500,1,1,1,1,1,1,1,1
1.019665000,0,1,1,1,1,1,1,1
1.019682000,1,1,1,1,1,1,1,1
1.019690500,0,1,1,1,1,1,1,1
1.019699500,1,1,1,1,1,1,1,1
1.019708000,0,1,1,1,1,1,1,1
1.019717000,1,1,1,1,1,1,1,1
1.019725500,0,1,1,1,1,1,1,1
1.019742500,1,1,1,1,1,1,1,1
1.019759000,0,1,1,1,1,1,1,1
1.019784000,1,1,1,1,1,1,1,1
1.019792500,0,1,1,1,1,1,1,1
1.019825500,1,1,1,1,1,1,1,1
1.019834000,0,1,1,1,1,1,1,1
1.019867000,1,1,1,1,1,1,1,1
1.019875500,0,1,1,1,1,1,1,1
1.019908500,1,1,1,1,1,1,1,1
1.019917000,0,1,1,1,1,1,1,1
1.019950000,1,1,1,1,1,1,1,1
1.019958500,0,1,1,1,1,1,1,1
1.019991500,1,1,1,1,1,1,1,1
1.020000000,0,1,1,1,1,1,1,1
1.020033000,1,1,1,1,1,1,1,1
1.020041500,0,1,1,1,1,1,1,1
1.020074500,1,1,1,1,1,1,1,1
1.020083000,0,1,1,1,1,1,1,1
1.020116000,1,1,1,1,1,1,1,1
1.020124500,0,1,1,1,1,1,1,1
1.020157500,1,1,1,1,1,1,1,1
1.020166000,0,1,1,1,1,1,1,1
1.020199000,1,1,1,1,1,1,1,1
1.020207500,0,1,1,1,1,1,1,1
1.020240500,1,1,1,1,1,1,1,1
1.020249000,0,1,1,1,1,1,1,1
1.020282000,1,1,1,1,1,1,1,1
1.020290500,0,1,1,1,1,1,1,1
1.020299500,1,1,1,1,1,1,1,1
1.020308000,0,1,1,1,1,1,1,1
1.020317000,1,1,1,1,1,1,1,1
1.020325500,0,1,1,1,1,1,1,1
1.020358500,1,1,1,1,1,1,1,1
1.020367000,0,1,1,1,1,1,1,1
1.020392000,1,1,1,1,1,1,1,1
1.020408750,0,1,1,1,1,1,1,1
1.020425500,1,1,1,1,1,1,1,1
1.020434250,0,1,1,1,1,1,1,1
1.020451000,1,1,1,1,1,1,1,1
1.020459750,0,1,1,1,1,1,1,1
1.020484500,1,1,1,1,1,1,1,1
1.020493250,0,1,1,1,1,1,1,1
1.020502000,1,1,1,1,1,1,1,1
1.020526750,0,1,1,1,1,1,1,1
1.020543500,1,1,1,1,1,1,1,1
1.022696000,0,1,1,1,1,1,1,1
1.022728250,1,1,1,1,1,1,1,1
1.022760000,0,1,1,1,1,1,1,1
1.022768750,1,1,1,1,1,1,1,1
1.022777500,0,1,1,1,1,1,1,1
1.022786250,1,1,1,1,1,1,1,1
1.022794500,0,1,1,1,1,1,1,1
1.022811250,1,1,1,1,1,1,1,1
1.022820000,0,1,1,1,1,1,1,1
1.022828750,1,1,1,1,1,1,1,1
1.022845500,0,1,1,1,1,1,1,1
1.022854250,1,1,1,1,1,1,1,1
1.022862500,0,1,1,1,1,1,1,1
1.022871250,1,1,1,1,1,1,1,1
1.022879500,0,1,1,1,1,1,1,1
1.022896250,1,1,1,1,1,1,1,1
1.022921000,0,1,1,1,1,1,1,1
1.022937750,1,1,1,1,1,1,1,1
1.022946500,0,1,1,1,1,1,1,1
1.022979250,1,1,1,1,1,1,1,1
1.022988000,0,1,1,1,1,1,1,1
1.023020750,1,1,1,1,1,1,1,1
1.023029500,0,1,1,1,1,1,1,1
1.023062250,1,1,1,1,1,1,1,1
1.023071000,0,1,1,1,1,1,1,1
1.023103750,1,1,1,1,1,1,1,1
1.023112500,0,1,1,1,1,1,1,1
1.023145250,1,1,1,1,1,1,1,1
1.023154000,0,1,1,1,1,1,1,1
1.023186750,1,1,1,1,1,1,1,1
1.023195500,0,1,1,1,1,1,1,1
1.023228250,1,1,1,1,1,1,1,1
1.023237000,0,1,1,1,1,1,1,1
1.023269750,1,1,1,1,1,1,1,1
1.023278500,0,1,1,1,1,1,1,1
1.023311250,1,1,1,1,1,1,1,1
1.023320000,0,1,1,1,1,1,1,1
1.023352750,1,1,1,1,1,1,1,1
1.023369500,0,1,1,1,1,1,1,1
1.023394250,1,1,1,1,1,1,1,1
1.023419000,0,1,1,1,1,1,1,1
1.023435750,1,1,1,1,1,1,1,1
1.023460500,0,1,1,1,1,1,1,1
1.023469250,1,1,1,1,1,1,1,1
1.023478000,0,1,1,1,1,1,1,1
1.023486750,1,1,1,1,1,1,1,1
1.023495000,0,1,1,1,1,1,1,1
1.023503750,1,1,1,1,1,1,1,1
1.023512500,0,1,1,1,1,1,1,1
1.023529250,1,1,1,1,1,1,1,1
1.023537750,0,1,1,1,1,1,1,1
1.023546750,1,1,1,1,1,1,1,1
1.069724500,0,1,1,1,1,1,1,1
1.069757000,1,1,1,1,1,1,1,1
1.069788500,0,1,1,1,1,1,1,1
1.069797500,1,1,1,1,1,1,1,1
1.069814000,0,1,1,1,1,1,1,1
1.069839000,1,1,1,1,1,1,1,1
1.069847500,0,1,1,1,1,1,1,1
1.069864500,1,1,1,1,1,1,1,1
1.069873000,0,1,1,1,1,1,1,1
1.069882000,1,1,1,1,1,1,1,1
1.069890500,0,1,1,1,1,1,1,1
1.069899500,1,1,1,1,1,1,1,1
1.069908000,0,1,1,1,1,1,1,1
1.069925000,1,1,1,1,1,1,1,1
1.069941500,0,1,1,1,1,1,1,1
1.069966500,1,1,1,1,1,1,1,1
1.069975000,0,1,1,1,1,1,1,1
1.070008000,1,1,1,1,1,1,1,1
1.070016500,0,1,1,1,1,1,1,1
1.070049500,1,1,1,1,1,1,1,1
1.070058000,0,1,1,1,1,1,1,1
1.070091000,1,1,1,1,1,1,1,1
1.070099500,0,1,1,1,1,1,1,1
1.070132500,1,1,1,1,1,1,1,1
1.070141000,0,1,1,1,1,1,1,1
1.070174000,1,1,1,1,1,1,1,1
1.070182500,0,1,1,1,1,1,1,1
1.070215500,1,1,1,1,1,1,1,1
1.070224000,0,1,1,1,1,1,1,1
1.070257000,1,1,1,1,1,1,1,1
1.070265500,0,1,1,1,1,1,1,1
1.070298500,1,1,1,1,1,1,1,1
1.070307000,0,1,1,1,1,1,1,1
1.070340000,1,1,1,1,1,1,1,1
1.070348500,0,1,1,1,1,1,1,1
1.070381500,1,1,1,1,1,1,1,1
1.070390000,0,1,1,1,1,1,1,1
1.070423000,1,1,1,1,1,1,1,1
1.070431500,0,1,1,1,1,1,1,1
1.070464500,1,1,1,1,1,1,1,1
1.070473000,0,1,1,1,1,1,1,1
1.070482000,1,1,1,1,1,1,1,1
1.070490500,0,1,1,1,1,1,1,1
1.070499500,1,1,1,1,1,1,1,1
1.070508000,0,1,1,1,1,1,1,1
1.070541000,1,1,1,1,1,1,1,1
1.070549500,0,1,1,1,1,1,1,1
1.070574500,1,1,1,1,1,1,1,1
1.070591000,0,1,1,1,1,1,1,1
1.070608000,1,1,1,1,1,1,1,1
1.070616500,0,1,1,1,1,1,1,1
1.070633500,1,1,1,1,1,1,1,1
1.070642000,0,1,1,1,1,1,1,1
1.070667000,1,1,1,1,1,1,1,1
1.070675500,0,1,1,1,1,1,1,1
1.070684500,1,1,1,1,1,1,1,1
1.070709000,0,1,1,1,1,1,1,1
1.070726000,1,1,1,1,1,1,1,1
1.089727500,0,1,1,1,1,1,1,1
1.089760000,1,1,1,1,1,1,1,1
1.089791500,0,1,1,1,1,1,1,1
1.089800500,1,1,1,1,1,1,1,1
1.089809000,0,1,1,1,1,1,1,1
1.089818000,1,1,1,1,1,1,1,1
1.089826500,0,1,1,1,1,1,1,1
1.089843500,1,1,1,1,1,1,1,1
1.089868000,0,1,1,1,1,1,1,1
1.089877000,1,1,1,1,1,1,1,1
1.089885500,0,1,1,1,1,1,1,1
1.089894500,1,1,1,1,1,1,1,1
1.089911000,0,1,1,1,1,1,1,1
1.089928000,1,1,1,1,1,1,1,1
1.089944500,0,1,1,1,1,1,1,1
1.089969500,1,1,1,1,1,1,1,1
1.089986000,0,1,1,1,1,1,1,1
1.090011000,1,1,1,1,1,1,1,1
1.090019500,0,1,1,1,1,1,1,1
1.090052500,1,1,1,1,1,1,1,1
1.090061000,0,1,1,1,1,1,1,1
1.090094000,1,1,1,1,1,1,1,1
1.090102500,0,1,1,1,1,1,1,1
1.090135500,1,1,1,1,1,1,1,1
1.090176000,0,1,1,1,1,1,1,1
1.090185000,1,1,1,1,1,1,1,1
1.090217500,0,1,1,1,1,1,1,1
1.090258500,1,1,1,1,1,1,1,1
1.090267000,0,1,1,1,1,1,1,1
1.090284000,1,1,1,1,1,1,1,1
1.090292500,0,1,1,1,1,1,1,1
1.090301500,1,1,1,1,1,1,1,1
1.090318000,0,1,1,1,1,1,1,1
1.090335000,1,1,1,1,1,1,1,1
1.090343500,0,1,1,1,1,1,1,1
1.090352500,1,1,1,1,1,1,1,1
1.090369000,0,1,1,1,1,1,1,1
1.090386000,1,1,1,1,1,1,1,1
1.090426500,0,1,1,1,1,1,1,1
1.090435500,1,1,1,1,1,1,1,1
1.090468000,0,1,1,1,1,1,1,1
1.090477000,1,1,1,1,1,1,1,1
1.090509500,0,1,1,1,1,1,1,1
1.090518500,1,1,1,1,1,1,1,1
1.090551000,0,1,1,1,1,1,1,1
1.090568000,1,1,1,1,1,1,1,1
1.090576500,0,1,1,1,1,1,1,1
1.090593500,1,1,1,1,1,1,1,1
1.090602000,0,1,1,1,1,1,1,1
1.090611000,1,1,1,1,1,1,1,1
1.090619500,0,1,1,1,1,1,1,1
1.090628500,1,1,1,1,1,1,1,1
1.090637000,0,1,1,1,1,1,1,1
1.090646000,1,1,1,1,1,1,1,1
1.090670500,0,1,1,1,1,1,1,1
1.090679500,1,1,1,1,1,1,1,1
1.090696000,0,1,1,1,1,1,1,1
1.090729000,1,1,1,1,1,1,1,1
1.095929250,0,1,1,1,1,1,1,1
1.095961250,1,1,1,1,1,1,1,1
1.095993000,0,1,1,1,1,1,1,1
1.096001750,1,1,1,1,1,1,1,1
1.096010000,0,1,1,1,1,1,1,1
1.096018500,1,1,1,1,1,1,1,1
1.096026750,0,1,1,1,1,1,1,1
1.096043500,1,1,1,1,1,1,1,1
1.096075500,0,1,1,1,1,1,1,1
1.096084250,1,1,1,1,1,1,1,1
1.096108500,0,1,1,1,1,1,1,1
1.096125000,1,1,1,1,1,1,1,1
1.096165250,0,1,1,1,1,1,1,1
1.096173750,1,1,1,1,1,1,1,1
1.096182000,0,1,1,1,1,1,1,1
1.096198750,1,1,1,1,1,1,1,1
1.096207000,0,1,1,1,1,1,1,1
1.096223500,1,1,1,1,1,1,1,1
1.096247750,0,1,1,1,1,1,1,1
1.096264500,1,1,1,1,1,1,1,1
1.096280750,0,1,1,1,1,1,1,1
1.096289250,1,1,1,1,1,1,1,1
1.096305500,0,1,1,1,1,1,1,1
1.096338000,1,1,1,1,1,1,1,1
1.119236000,0,1,1,1,1,1,1,1
1.119268500,1,1,1,1,1,1,1,1
1.119300000,0,1,1,1,1,1,1,1
1.119309000,1,1,1,1,1,1,1,1
1.119325500,0,1,1,1,1,1,1,1
1.119350500,1,1,1,1,1,1,1,1
1.119359000,0,1,1,1,1,1,1,1
1.119376000,1,1,1,1,1,1,1,1
1.119384500,0,1,1,1,1,1,1,1
1.119393500,1,1,1,1,1,1,1,1
1.119402000,0,1,1,1,1,1,1,1
1.119411000,1,1,1,1,1,1,1,1
1.119419500,0,1,1,1,1,1,1,1
1.119436500,1,1,1,1,1,1,1,1
1.119453000,0,1,1,1,1,1,1,1
1.119478000,1,1,1,1,1,1,1,1
1.119486500,0,1,1,1,1,1,1,1
1.119519500,1,1,1,1,1,1,1,1
1.119528000,0,1,1,1,1,1,1,1
1.119561000,1,1,1,1,1,1,1,1
1.119569500,0,1,1,1,1,1,1,1
1.119602500,1,1,1,1,1,1,1,1
1.119611000,0,1,1,1,1,1,1,1
1.119644000,1,1,1,1,1,1,1,1
1.119652500,0,1,1,1,1,1,1,1
1.119685500,1,1,1,1,1,1,1,1
1.119694000,0,1,1,1,1,1,1,1
1.119727000,1,1,1,1,1,1,1,1
1.119735500,0,1,1,1,1,1,1,1
1.119768500,1,1,1,1,1,1,1,1
1.119777000,0,1,1,1,1,1,1,1
1.119810000,1,1,1,1,1,1,1,1
1.119818500,0,1,1,1,1,1,1,1
1.119851500,1,1,1,1,1,1,1,1
1.119860000,0,1,1,1,1,1,1,1
1.119893000,1,1,1,1,1,1,1,1
1.119901500,0,1,1,1,1,1,1,1
1.119934500,1,1,1,1,1,1,1,1
1.119943000,0,1,1,1,1,1,1,1
1.119976000,1,1,1,1,1,1,1,1
1.119984500,0,1,1,1,1,1,1,1
1.119993500,1,1,1,1,1,1,1,1
1.120002000,0,1,1,1,1,1,1,1
1.120011000,1,1,1,1,1,1,1,1
1.120019500,0,1,1,1,1,1,1,1
1.120052500,1,1,1,1,1,1,1,1
1.120061000,0,1,1,1,1,1,1,1
1.120086000,1,1,1,1,1,1,1,1
1.120102500,0,1,1,1,1,1,1,1
1.120119500,1,1,1,1,1,1,1,1
1.120128000,0,1,1,1,1,1,1,1
1.120145000,1,1,1,1,1,1,1,1
1.120153500,0,1,1,1,1,1,1,1
1.120178500,1,1,1,1,1,1,1,1
1.120187000,0,1,1,1,1,1,1,1
1.120196000,1,1,1,1,1,1,1,1
1.120220500,0,1,1,1,1,1,1,1
1.120237500,1,1,1,1,1,1,1,1
1.123046000,0,1,1,1,1,1,1,1
1.123078250,1,1,1,1,1,1,1,1
1.123110000,0,1,1,1,1,1,1,1
1.123118750,1,1,1,1,1,1,1,1
1.123127000,0,1,1,1,1,1,1,1
1.123135750,1,1,1,1,1,1,1,1
1.123144000,0,1,1,1,1,1,1,1
1.123160750,1,1,1,1,1,1,1,1
1.123169500,0,1,1,1,1,1,1,1
1.123178250,1,1,1,1,1,1,1,1
1.123195000,0,1,1,1,1,1,1,1
1.123203750,1,1,1,1,1,1,1,1
1.123212500,0,1,1,1,1,1,1,1
1.123221250,1,1,1,1,1,1,1,1
1.123229500,0,1,1,1,1,1,1,1
1.123246250,1,1,1,1,1,1,1,1
1.123271000,0,1,1,1,1,1,1,1
1.123287750,1,1,1,1,1,1,1,1
1.123296500,0,1,1,1,1,1,1,1
1.123329250,1,1,1,1,1,1,1,1
1.123338000,0,1,1,1,1,1,1,1
1.123370750,1,1,1,1,1,1,1,1
1.123379500,0,1,1,1,1,1,1,1
1.123412250,1,1,1,1,1,1,1,1
1.123421000,0,1,1,1,1,1,1,1
1.123453750,1,1,1,1,1,1,1,1
1.123462500,0,1,1,1,1,1,1,1
1.123495250,1,1,1,1,1,1,1,1
1.123504000,0,1,1,1,1,1,1,1
1.123536750,1,1,1,1,1,1,1,1
1.123545500,0,1,1,1,1,1,1,1
1.123578250,1,1,1,1,1,1,1,1
1.123587000,0,1,1,1,1,1,1,1
1.123619750,1,1,1,1,1,1,1,1
1.123628500,0,1,1,1,1,1,1,1
1.123661250,1,1,1,1,1,1,1,1
1.123670000,0,1,1,1,1,1,1,1
1.123702750,1,1,1,1,1,1,1,1
1.123719500,0,1,1,1,1,1,1,1
1.123744250,1,1,1,1,1,1,1,1
1.123769000,0,1,1,1,1,1,1,1
1.123785750,1,1,1,1,1,1,1,1
1.123810500,0,1,1,1,1,1,1,1
1.123819250,1,1,1,1,1,1,1,1
1.123827500,0,1,1,1,1,1,1,1
1.123836250,1,1,1,1,1,1,1,1
1.123845000,0,1,1,1,1,1,1,1
1.123853750,1,1,1,1,1,1,1,1
1.123862000,0,1,1,1,1,1,1,1
1.123878750,1,1,1,1,1,1,1,1
1.123887250,0,1,1,1,1,1,1,1
1.123896000,1,1,1,1,1,1,1,1
1.135032250,0,1,1,1,1,1,1,1
1.135064750,1,1,1,1,1,1,1,1
1.135096250,0,1,1,1,1,1,1,1
1.135105250,1,1,1,1,1,1,1,1
1.135121750,0,1,1,1,1,1,1,1
1.135138750,1,1,1,1,1,1,1,1
1.135147250,0,1,1,1,1,1,1,1
1.135156250,1,1,1,1,1,1,1,1
1.135172750,0,1,1,1,1,1,1,1
1.135189750,1,1,1,1,1,1,1,1
1.135198250,0,1,1,1,1,1,1,1
1.135207250,1,1,1,1,1,1,1,1
1.135215750,0,1,1,1,1,1,1,1
1.135232750,1,1,1,1,1,1,1,1
1.135257250,0,1,1,1,1,1,1,1
1.135274250,1,1,1,1,1,1,1,1
1.135282750,0,1,1,1,1,1,1,1
1.135315750,1,1,1,1,1,1,1,1
1.135324250,0,1,1,1,1,1,1,1
1.135357250,1,1,1,1,1,1,1,1
1.135373750,0,1,1,1,1,1,1,1
1.135398750,1,1,1,1,1,1,1,1
1.135407250,0,1,1,1,1,1,1,1
1.135440250,1,1,1,1,1,1,1,1
1.135464750,0,1,1,1,1,1,1,1
1.135473750,1,1,1,1,1,1,1,1
1.135482250,0,1,1,1,1,1,1,1
1.135499250,1,1,1,1,1,1,1,1
1.135507750,0,1,1,1,1,1,1,1
1.135524750,1,1,1,1,1,1,1,1
1.135557250,0,1,1,1,1,1,1,1
1.135566250,1,1,1,1,1,1,1,1
1.135574750,0,1,1,1,1,1,1,1
1.135591750,1,1,1,1,1,1,1,1
1.135600250,0,1,1,1,1,1,1,1
1.135617250,1,1,1,1,1,1,1,1
1.135625750,0,1,1,1,1,1,1,1
1.135634500,1,1,1,1,1,1,1,1
1.170132000,0,1,1,1,1,1,1,1
1.170164500,1,1,1,1,1,1,1,1
1.170196000,0,1,1,1,1,1,1,1
1.170205000,1,1,1,1,1,1,1,1
1.170221500,0,1,1,1,1,1,1,1
1.170246500,1,1,1,1,1,1,1,1
1.170255000,0,1,1,1,1,1,1,1
1.170272000,1,1,1,1,1,1,1,1
1.170280500,0,1,1,1,1,1,1,1
1.170289500,1,1,1,1,1,1,1,1
1.170298000,0,1,1,1,1,1,1,1
1.170307000,1,1,1,1,1,1,1,1
1.170315500,0,1,1,1,1,1,1,1
1.170332500,1,1,1,1,1,1,1,1
1.170349000,0,1,1,1,1,1,1,1
1.170374000,1,1,1,1,1,1,1,1
1.170382500,0,1,1,1,1,1,1,1
1.170415500,1,1,1,1,1,1,1,1
1.170424000,0,1,1,1,1,1,1,1
1.170457000,1,1,1,1,1,1,1,1
1.170465500,0,1,1,1,1,1,1,1
1.170498500,1,1,1,1,1,1,1,1
1.170507000,0,1,1,1,1,1,1,1
1.170540000,1,1,1,1,1,1,1,1
1.170548500,0,1,1,1,1,1,1,1
1.170581500,1,1,1,1,1,1,1,1
1.170590000,0,1,1,1,1,1,1,1
1.170623000,1,1,1,1,1,1,1,1
1.170631500,0,1,1,1,1,1,1,1
1.170664500,1,1,1,1,1,1,1,1
1.170673000,0,1,1,1,1,1,1,1
1.170706000,1,1,1,1,1,1,1,1
1.170714500,0,1,1,1,1,1,1,1
1.170747500,1,1,1,1,1,1,1,1
1.170756000,0,1,1,1,1,1,1,1
1.170789000,1,1,1,1,1,1,1,1
1.170797500,0,1,1,1,1,1,1,1
1.170830500,1,1,1,1,1,1,1,1
1.170839000,0,1,1,1,1,1,1,1
1.170872000,1,1,1,1,1,1,1,1
1.170880500,0,1,1,1,1,1,1,1
1.170889500,1,1,1,1,1,1,1,1
1.170898000,0,1,1,1,1,1,1,1
1.170907000,1,1,1,1,1,1,1,1
1.170915500,0,1,1,1,1,1,1,1
1.170948500,1,1,1,1,1,1,1,1
1.170957000,0,1,1,1,1,1,1,1
1.170982000,1,1,1,1,1,1,1,1
1.170998500,0,1,1,1,1,1,1,1
1.171015500,1,1,1,1,1,1,1,1
1.171024000,0,1,1,1,1,1,1,1
1.171041000,1,1,1,1,1,1,1,1
1.171049500,0,1,1,1,1,1,1,1
1.171074500,1,1,1,1,1,1,1,1
1.171083000,0,1,1,1,1,1,1,1
1.171092000,1,1,1,1,1,1,1,1
1.171116500,0,1,1,1,1,1,1,1
1.171133500,1,1,1,1,1,1,1,1
1.182886250,0,1,1,1,1,1,1,1
1.182918000,1,1,1,1,1,1,1,1
1.182949750,0,1,1,1,1,1,1,1
1.182958250,1,1,1,1,1,1,1,1
1.182966500,0,1,1,1,1,1,1,1
1.182975000,1,1,1,1,1,1,1,1
1.182991250,0,1,1,1,1,1,1,1
1.182999750,1,1,1,1,1,1,1,1
1.183008000,0,1,1,1,1,1,1,1
1.183016500,1,1,1,1,1,1,1,1
1.183032750,0,1,1,1,1,1,1,1
1.183041250,1,1,1,1,1,1,1,1
1.183049750,0,1,1,1,1,1,1,1
1.183058250,1,1,1,1,1,1,1,1
1.183066500,0,1,1,1,1,1,1,1
1.183083000,1,1,1,1,1,1,1,1
1.183107250,0,1,1,1,1,1,1,1
1.183123500,1,1,1,1,1,1,1,1
1.183132000,0,1,1,1,1,1,1,1
1.183164250,1,1,1,1,1,1,1,1
1.183172500,0,1,1,1,1,1,1,1
1.183204750,1,1,1,1,1,1,1,1
1.183213250,0,1,1,1,1,1,1,1
1.183245500,1,1,1,1,1,1,1,1
1.183253750,0,1,1,1,1,1,1,1
1.183286000,1,1,1,1,1,1,1,1
1.183294500,0,1,1,1,1,1,1,1
1.183326750,1,1,1,1,1,1,1,1
1.183350750,0,1,1,1,1,1,1,1
1.183367250,1,1,1,1,1,1,1,1
1.183375500,0,1,1,1,1,1,1,1
1.183408000,1,1,1,1,1,1,1,1
1.183416250,0,1,1,1,1,1,1,1
1.183424750,1,1,1,1,1,1,1,1
1.183433000,0,1,1,1,1,1,1,1
1.183449500,1,1,1,1,1,1,1,1
1.183489500,0,1,1,1,1,1,1,1
1.183498000,1,1,1,1,1,1,1,1
1.183530250,0,1,1,1,1,1,1,1
1.183538750,1,1,1,1,1,1,1,1
1.183570750,0,1,1,1,1,1,1,1
1.183579250,1,1,1,1,1,1,1,1
1.183611500,0,1,1,1,1,1,1,1
1.183651500,1,1,1,1,1,1,1,1
1.183660000,0,1,1,1,1,1,1,1
1.183692250,1,1,1,1,1,1,1,1
1.183732250,0,1,1,1,1,1,1,1
1.183740750,1,1,1,1,1,1,1,1
1.183772750,0,1,1,1,1,1,1,1
1.183781250,1,1,1,1,1,1,1,1
1.183813500,0,1,1,1,1,1,1,1
1.183822000,1,1,1,1,1,1,1,1
1.183854000,0,1,1,1,1,1,1,1
1.183862500,1,1,1,1,1,1,1,1
1.183894750,0,1,1,1,1,1,1,1
1.183903250,1,1,1,1,1,1,1,1
1.183935250,0,1,1,1,1,1,1,1
1.183975500,1,1,1,1,1,1,1,1
1.183983750,0,1,1,1,1,1,1,1
1.184016250,1,1,1,1,1,1,1,1
1.184024500,0,1,1,1,1,1,1,1
1.184033000,1,1,1,1,1,1,1,1
1.184057250,0,1,1,1,1,1,1,1
1.184089500,1,1,1,1,1,1,1,1
1.184097750,0,1,1,1,1,1,1,1
1.184130000,1,1,1,1,1,1,1,1
1.184138250,0,1,1,1,1,1,1,1
1.184154750,1,1,1,1,1,1,1,1
1.184163250,0,1,1,1,1,1,1,1
1.184187500,1,1,1,1,1,1,1,1
1.184196250,0,1,1,1,1,1,1,1
1.184205000,1,1,1,1,1,1,1,1
1.190133000,0,1,1,1,1,1,1,1
1.190165250,1,1,1,1,1,1,1,1
1.190197000,0,1,1,1,1,1,1,1
1.190205750,1,1,1,1,1,1,1,1
1.190214500,0,1,1,1,1,1,1,1
1.190223250,1,1,1,1,1,1,1,1
1.190232000,0,1,1,1,1,1,1,1
1.190248750,1,1,1,1,1,1,1,1
1.190289500,0,1,1,1,1,1,1,1
1.190298250,1,1,1,1,1,1,1,1
1.190315000,0,1,1,1,1,1,1,1
1.190331750,1,1,1,1,1,1,1,1
1.190356500,0,1,1,1,1,1,1,1
1.190373500,1,1,1,1,1,1,1,1
1.190398000,0,1,1,1,1,1,1,1
1.190415000,1,1,1,1,1,1,1,1
1.190423500,0,1,1,1,1,1,1,1
1.190456500,1,1,1,1,1,1,1,1
1.190465000,0,1,1,1,1,1,1,1
1.190498000,1,1,1,1,1,1,1,1
1.190506500,0,1,1,1,1,1,1,1
1.190539500,1,1,1,1,1,1,1,1
1.190548000,0,1,1,1,1,1,1,1
1.190581000,1,1,1,1,1,1,1,1
1.190589500,0,1,1,1,1,1,1,1
1.190614500,1,1,1,1,1,1,1,1
1.190623000,0,1,1,1,1,1,1,1
1.190648000,1,1,1,1,1,1,1,1
1.190656500,0,1,1,1,1,1,1,1
1.190665500,1,1,1,1,1,1,1,1
1.190690000,0,1,1,1,1,1,1,1
1.190707000,1,1,1,1,1,1,1,1
1.190747500,0,1,1,1,1,1,1,1
1.190788500,1,1,1,1,1,1,1,1
1.190797000,0,1,1,1,1,1,1,1
1.190830000,1,1,1,1,1,1,1,1
1.190838500,0,1,1,1,1,1,1,1
1.190871500,1,1,1,1,1,1,1,1
1.190912000,0,1,1,1,1,1,1,1
1.190921000,1,1,1,1,1,1,1,1
1.190953500,0,1,1,1,1,1,1,1
1.190978500,1,1,1,1,1,1,1,1
1.190987000,0,1,1,1,1,1,1,1
1.190996000,1,1,1,1,1,1,1,1
1.191004500,0,1,1,1,1,1,1,1
1.191037500,1,1,1,1,1,1,1,1
1.191046000,0,1,1,1,1,1,1,1
1.191055000,1,1,1,1,1,1,1,1
1.191063500,0,1,1,1,1,1,1,1
1.191080500,1,1,1,1,1,1,1,1
1.191089000,0,1,1,1,1,1,1,1
1.191106000,1,1,1,1,1,1,1,1
1.191114500,0,1,1,1,1,1,1,1
1.191123500,1,1,1,1,1,1,1,1
1.191132000,0,1,1,1,1,1,1,1
1.191165000,1,1,1,1,1,1,1,1
1.191173500,0,1,1,1,1,1,1,1
1.191206500,1,1,1,1,1,1,1,1
1.191215000,0,1,1,1,1,1,1,1
1.191248000,1,1,1,1,1,1,1,1
1.191256500,0,1,1,1,1,1,1,1
1.191289500,1,1,1,1,1,1,1,1
1.191298000,0,1,1,1,1,1,1,1
1.191315000,1,1,1,1,1,1,1,1
1.191331500,0,1,1,1,1,1,1,1
1.191340500,1,1,1,1,1,1,1,1
1.191357000,0,1,1,1,1,1,1,1
1.191366000,1,1,1,1,1,1,1,1
1.191374500,0,1,1,1,1,1,1,1
