t_s,wall_time,spd_count,data0,data1,rpm_count,seq
0.002,23:21:51.467,0,28,30,7198,76
0.002,23:21:51.470,0,28,0,7168,76
0.002,23:21:51.470,0,28,2,7170,76
0.002,23:21:51.470,0,28,46,7214,76
0.002,23:21:51.471,0,28,58,7226,77
0.002,23:21:51.471,0,28,74,7242,77
0.002,23:21:51.471,0,28,38,7206,77
0.002,23:21:51.471,0,28,74,7242,77
0.002,23:21:51.472,0,28,60,7228,78
0.002,23:21:51.472,0,27,234,7146,78
0.002,23:21:51.472,0,28,14,7182,78
0.002,23:21:51.476,0,27,252,7164,78
0.002,23:21:51.476,0,27,254,7166,78
0.002,23:21:51.476,0,27,204,7116,78
0.002,23:21:51.476,0,27,218,7130,79
0.002,23:21:51.477,0,28,30,7198,79
0.002,23:21:51.477,0,28,8,7176,79
0.002,23:21:51.477,0,28,26,7194,79
0.002,23:21:51.477,0,28,34,7202,80
0.002,23:21:51.477,0,27,238,7150,80
0.002,23:21:51.478,0,27,206,7118,80
0.002,23:21:51.478,0,27,222,7134,80
0.002,23:21:51.478,0,27,234,7146,81
0.002,23:21:51.478,0,28,20,7188,81
0.002,23:21:51.478,0,27,220,7132,81
0.002,23:21:51.479,0,28,10,7178,81
0.002,23:21:51.479,0,28,72,7240,82
0.002,23:21:51.479,0,28,36,7204,82
0.002,23:21:51.479,0,28,32,7200,82
0.002,23:21:51.479,0,28,24,7192,82
0.002,23:21:51.480,0,27,246,7158,83
0.002,23:21:51.480,0,28,24,7192,83
0.002,23:21:51.480,0,28,56,7224,83
0.002,23:21:51.480,0,28,24,7192,83
0.002,23:21:51.481,0,27,252,7164,83
0.002,23:21:51.481,0,27,202,7114,84
0.002,23:21:51.481,0,28,42,7210,84
0.002,23:21:51.481,0,28,60,7228,84
0.002,23:21:51.481,0,28,90,7258,84
0.002,23:21:51.482,0,28,48,7216,85
0.002,23:21:51.482,0,27,218,7130,85
0.002,23:21:51.482,0,27,254,7166,85
0.002,23:21:51.482,0,28,34,7202,85
0.002,23:21:51.482,0,28,48,7216,86
0.002,23:21:51.483,0,28,12,7180,86
0.002,23:21:51.483,0,28,10,7178,86
0.002,23:21:51.483,0,28,98,7266,86
0.002,23:21:51.483,0,28,98,7266,87
0.002,23:21:51.483,0,28,100,7268,87
0.002,23:21:51.484,0,28,18,7186,87
0.002,23:21:51.484,0,28,44,7212,87
0.002,23:21:51.484,0,28,108,7276,88
0.002,23:21:51.484,0,28,28,7196,88
0.002,23:21:51.486,0,28,42,7210,89
0.002,23:21:51.486,0,28,24,7192,89
0.002,23:21:51.486,0,28,56,7224,89
0.002,23:21:51.486,0,28,86,7254,89
0.002,23:21:51.487,0,28,92,7260,89
0.002,23:21:51.487,0,28,90,7258,89
0.002,23:21:51.487,0,28,32,7200,90
0.002,23:21:51.487,0,28,20,7188,90
0.002,23:21:51.488,0,27,230,7142,90
0.002,23:21:51.488,0,27,214,7126,90
0.002,23:21:51.488,0,28,42,7210,91
0.002,23:21:51.489,0,28,86,7254,91
0.002,23:21:51.489,0,28,108,7276,91
0.002,23:21:51.489,0,28,100,7268,91
0.002,23:21:51.489,0,28,4,7172,92
0.002,23:21:51.490,0,27,250,7162,92
0.002,23:21:51.490,0,27,250,7162,92
0.002,23:21:51.490,0,27,238,7150,92
0.002,23:21:51.491,0,28,24,7192,92
0.002,23:21:51.491,0,28,62,7230,92
0.002,23:21:51.491,0,28,74,7242,93
0.002,23:21:51.491,0,28,92,7260,93
0.002,23:21:51.492,0,28,12,7180,93
0.002,23:21:51.492,0,28,26,7194,93
0.002,23:21:51.492,0,28,74,7242,94
0.002,23:21:51.492,0,28,58,7226,94
0.002,23:21:51.493,0,28,34,7202,94
0.002,23:21:51.493,0,28,38,7206,94
0.002,23:21:51.493,0,28,4,7172,95
0.002,23:21:51.493,0,28,58,7226,95
0.002,23:21:51.494,0,28,122,7290,95
0.002,23:21:51.494,0,28,110,7278,95
0.002,23:21:51.494,0,28,108,7276,95
0.002,23:21:51.494,0,28,92,7260,95
0.002,23:21:51.495,0,28,58,7226,96
0.002,23:21:51.495,0,28,30,7198,96
0.002,23:21:51.495,0,27,246,7158,96
0.002,23:21:51.495,0,27,242,7154,96
0.002,23:21:51.496,0,27,198,7110,97
0.002,23:21:51.496,0,28,8,7176,97
0.002,23:21:51.496,0,28,88,7256,97
0.002,23:21:51.496,0,28,82,7250,97
0.002,23:21:51.497,0,28,92,7260,98
0.002,23:21:51.497,0,28,56,7224,98
0.002,23:21:51.497,0,28,20,7188,98
0.002,23:21:51.497,0,28,24,7192,98
0.002,23:21:51.498,0,28,24,7192,98
0.002,23:21:51.498,0,28,70,7238,98
0.002,23:21:51.498,0,28,52,7220,99
0.002,23:21:51.498,0,28,44,7212,99
0.002,23:21:51.499,0,27,236,7148,99
0.002,23:21:51.499,0,28,30,7198,100
0.002,23:21:51.499,0,27,238,7150,100
0.002,23:21:51.499,0,28,38,7206,100
0.002,23:21:51.500,0,28,38,7206,101
0.002,23:21:51.500,0,28,32,7200,101
0.002,23:21:51.500,0,28,38,7206,101
0.002,23:21:51.500,0,28,40,7208,101
0.002,23:21:51.501,0,28,60,7228,101
0.002,23:21:51.501,0,28,68,7236,102
0.002,23:21:51.501,0,28,122,7290,102
0.002,23:21:51.501,0,28,62,7230,102
0.002,23:21:51.501,0,28,42,7210,103
0.002,23:21:51.502,0,28,62,7230,103
0.002,23:21:51.502,0,28,28,7196,103
0.002,23:21:51.502,0,28,38,7206,103
0.002,23:21:51.502,0,28,32,7200,104
0.002,23:21:51.503,0,28,44,7212,104
0.002,23:21:51.503,0,28,74,7242,104
0.002,23:21:51.503,0,28,106,7274,104
0.002,23:21:51.503,0,28,98,7266,105
0.876,23:21:52.319,0,28,16,7184,105
0.876,23:21:52.319,0,28,40,7208,105
0.876,23:21:52.319,0,28,32,7200,105
0.876,23:21:52.320,0,28,72,7240,105
0.876,23:21:52.320,0,28,72,7240,106
0.876,23:21:52.320,0,28,82,7250,106
0.876,23:21:52.320,0,28,0,7168,106
0.876,23:21:52.320,0,27,206,7118,107
0.876,23:21:52.321,0,27,210,7122,107
0.876,23:21:52.321,0,28,18,7186,107
0.876,23:21:52.321,0,28,22,7190,108
0.876,23:21:52.321,0,28,52,7220,108
0.876,23:21:52.323,0,28,66,7234,108
0.876,23:21:52.323,0,28,24,7192,108
1.615,23:21:53.057,0,28,20,7188,108
1.615,23:21:53.059,0,28,54,7222,108
1.615,23:21:53.059,0,28,28,7196,109
1.615,23:21:53.060,0,27,226,7138,109
1.615,23:21:53.060,0,27,250,7162,109
1.615,23:21:53.060,0,28,24,7192,110
1.615,23:21:53.061,0,27,234,7146,110
1.615,23:21:53.061,0,27,236,7148,110
1.615,23:21:53.061,0,27,252,7164,111
1.615,23:21:53.074,0,28,20,7188,111
1.615,23:21:53.074,0,28,26,7194,111
1.615,23:21:53.074,0,28,48,7216,111
2.338,23:21:53.780,0,28,2,7170,111
2.338,23:21:53.781,0,28,22,7190,112
2.338,23:21:53.781,0,28,40,7208,112
2.338,23:21:53.781,0,28,38,7206,112
2.338,23:21:53.781,0,28,54,7222,112
2.338,23:21:53.782,0,28,84,7252,113
2.338,23:21:53.782,0,28,90,7258,113
2.338,23:21:53.782,0,28,96,7264,113
2.338,23:21:53.782,0,27,252,7164,113
2.338,23:21:53.782,0,28,20,7188,114
2.338,23:21:53.782,0,28,44,7212,114
2.338,23:21:53.783,0,27,254,7166,114
2.338,23:21:53.783,0,28,10,7178,114
2.338,23:21:53.783,0,28,50,7218,115
2.338,23:21:53.783,0,28,82,7250,115
2.999,23:21:54.442,0,28,32,7200,115
2.999,23:21:54.442,0,28,38,7206,115
2.999,23:21:54.442,0,28,10,7178,115
2.999,23:21:54.443,0,28,22,7190,116
2.999,23:21:54.443,0,28,24,7192,116
2.999,23:21:54.443,0,28,8,7176,116
2.999,23:21:54.443,0,27,244,7156,116
2.999,23:21:54.443,0,27,240,7152,117
2.999,23:21:54.443,0,28,22,7190,117
2.999,23:21:54.444,0,28,18,7186,117
2.999,23:21:54.444,0,28,36,7204,117
2.999,23:21:54.444,0,28,42,7210,117
3.644,23:21:55.087,0,28,60,7228,117
3.644,23:21:55.088,0,28,68,7236,118
3.644,23:21:55.088,0,28,28,7196,118
3.644,23:21:55.088,0,27,234,7146,118
3.644,23:21:55.089,0,28,48,7216,119
3.644,23:21:55.089,0,28,56,7224,119
3.644,23:21:55.089,0,28,28,7196,119
3.644,23:21:55.089,0,28,54,7222,119
3.644,23:21:55.089,0,28,56,7224,120
3.644,23:21:55.092,0,28,74,7242,120
3.644,23:21:55.092,0,28,62,7230,120
3.644,23:21:55.092,0,28,48,7216,120
4.325,23:21:55.769,0,28,46,7214,121
4.325,23:21:55.769,0,28,28,7196,121
4.325,23:21:55.769,0,28,12,7180,121
4.325,23:21:55.769,0,28,42,7210,121
4.325,23:21:55.770,0,27,234,7146,121
4.325,23:21:55.770,0,27,214,7126,121
4.325,23:21:55.770,0,27,218,7130,122
4.325,23:21:55.770,0,27,234,7146,122
4.325,23:21:55.770,0,28,32,7200,122
4.325,23:21:55.771,0,28,46,7214,122
4.325,23:21:55.771,0,28,40,7208,123
4.325,23:21:55.771,0,28,6,7174,123
4.325,23:21:55.771,0,28,10,7178,123
4.990,23:21:56.432,0,28,46,7214,123
4.990,23:21:56.434,0,28,82,7250,124
4.990,23:21:56.434,0,28,112,7280,124
4.990,23:21:56.436,0,28,38,7206,124
4.990,23:21:56.436,0,27,216,7128,124
4.990,23:21:56.436,0,27,156,7068,124
4.990,23:21:56.436,0,27,220,7132,124
4.990,23:21:56.436,0,27,224,7136,125
4.990,23:21:56.436,0,27,240,7152,125
4.990,23:21:56.437,0,28,40,7208,125
4.990,23:21:56.437,0,28,38,7206,125
4.990,23:21:56.437,0,28,92,7260,126
4.990,23:21:56.437,0,28,62,7230,126
5.560,23:21:57.003,0,28,54,7222,126
5.560,23:21:57.004,0,28,22,7190,127
5.560,23:21:57.004,0,28,38,7206,127
5.560,23:21:57.004,0,28,72,7240,127
5.560,23:21:57.004,0,28,56,7224,127
5.560,23:21:57.004,0,28,60,7228,127
5.560,23:21:57.005,0,28,74,7242,127
5.560,23:21:57.005,0,28,38,7206,128
5.560,23:21:57.005,0,28,84,7252,128
5.560,23:21:57.006,0,28,56,7224,128
5.560,23:21:57.006,0,28,12,7180,128
6.165,23:21:57.608,0,28,8,7176,129
6.165,23:21:57.608,0,28,0,7168,129
6.165,23:21:57.609,0,28,70,7238,129
6.165,23:21:57.609,0,28,98,7266,129
6.165,23:21:57.609,0,28,128,7296,130
6.165,23:21:57.611,0,28,134,7302,130
6.165,23:21:57.611,0,28,44,7212,130
6.165,23:21:57.611,0,28,28,7196,130
6.165,23:21:57.612,0,27,240,7152,130
6.165,23:21:57.612,0,27,216,7128,130
6.165,23:21:57.612,0,28,30,7198,131
6.165,23:21:57.612,0,28,16,7184,131
6.768,23:21:58.211,0,28,20,7188,131
6.768,23:21:58.212,0,28,36,7204,131
6.768,23:21:58.212,0,28,26,7194,132
6.768,23:21:58.212,0,28,28,7196,132
6.768,23:21:58.212,0,28,30,7198,132
6.768,23:21:58.212,0,28,14,7182,132
6.768,23:21:58.213,0,28,84,7252,133
6.768,23:21:58.213,0,28,84,7252,133
6.768,23:21:58.213,0,28,18,7186,133
6.768,23:21:58.214,0,27,250,7162,133
6.768,23:21:58.214,0,28,36,7204,133
7.355,23:21:58.799,0,28,84,7252,134
7.355,23:21:58.799,0,28,44,7212,134
7.355,23:21:58.799,0,28,66,7234,134
7.355,23:21:58.800,0,28,50,7218,134
7.355,23:21:58.800,0,28,42,7210,135
7.355,23:21:58.800,0,28,66,7234,135
7.355,23:21:58.801,0,28,4,7172,135
7.355,23:21:58.801,0,27,250,7162,135
7.355,23:21:58.802,0,28,30,7198,136
7.355,23:21:58.802,0,28,2,7170,136
7.355,23:21:58.802,0,28,44,7212,136
7.975,23:21:59.418,0,28,32,7200,137
7.975,23:21:59.418,0,28,40,7208,137
7.975,23:21:59.418,0,28,32,7200,137
7.975,23:21:59.419,0,28,30,7198,137
7.975,23:21:59.419,0,28,44,7212,137
7.975,23:21:59.420,0,28,64,7232,137
7.975,23:21:59.420,0,28,98,7266,138
7.975,23:21:59.420,0,28,24,7192,138
7.975,23:21:59.421,0,28,20,7188,138
7.975,23:21:59.421,0,28,42,7210,139
8.562,23:22:00.006,0,28,78,7246,139
8.562,23:22:00.006,0,28,60,7228,139
8.562,23:22:00.007,0,28,96,7264,140
8.562,23:22:00.007,0,28,58,7226,140
8.562,23:22:00.007,0,28,12,7180,140
8.562,23:22:00.008,0,27,224,7136,140
8.562,23:22:00.008,0,27,200,7112,140
8.562,23:22:00.008,0,28,80,7248,140
8.562,23:22:00.012,0,28,96,7264,141
8.562,23:22:00.013,0,28,104,7272,141
8.562,23:22:00.013,0,28,112,7280,141
8.562,23:22:00.013,0,28,54,7222,141
9.137,23:22:00.580,0,28,48,7216,142
9.137,23:22:00.580,0,28,96,7264,142
9.137,23:22:00.581,0,28,38,7206,142
9.137,23:22:00.581,0,27,222,7134,142
9.137,23:22:00.581,0,28,8,7176,143
9.137,23:22:00.581,0,28,54,7222,143
9.137,23:22:00.582,0,28,64,7232,143
9.137,23:22:00.582,0,28,30,7198,143
9.137,23:22:00.583,0,27,210,7122,143
9.137,23:22:00.583,0,27,226,7138,143
9.137,23:22:00.583,0,28,8,7176,144
9.847,23:22:01.291,0,28,82,7250,144
9.847,23:22:01.291,0,28,92,7260,144
9.847,23:22:01.291,0,28,102,7270,145
9.847,23:22:01.292,0,28,92,7260,145
9.847,23:22:01.292,0,28,62,7230,145
9.847,23:22:01.292,0,28,64,7232,145
9.847,23:22:01.293,0,27,222,7134,146
9.847,23:22:01.293,0,27,184,7096,146
9.847,23:22:01.293,0,27,198,7110,146
9.847,23:22:01.294,0,27,244,7156,146
9.847,23:22:01.294,0,28,50,7218,146
9.847,23:22:01.294,0,28,58,7226,146
9.847,23:22:01.295,0,28,82,7250,147
10.467,23:22:01.910,0,28,66,7234,147
10.467,23:22:01.910,0,28,32,7200,147
10.467,23:22:01.911,0,28,38,7206,147
10.467,23:22:01.911,0,28,30,7198,148
10.467,23:22:01.912,0,28,50,7218,148
10.467,23:22:01.913,0,28,70,7238,148
10.467,23:22:01.913,0,28,50,7218,148
10.467,23:22:01.914,0,28,52,7220,149
10.467,23:22:01.918,0,28,18,7186,149
10.467,23:22:01.919,0,28,16,7184,149
10.467,23:22:01.919,0,27,252,7164,149
11.116,23:22:02.559,0,27,232,7144,149
11.116,23:22:02.559,0,27,248,7160,150
11.116,23:22:02.560,0,27,212,7124,150
11.116,23:22:02.560,0,27,218,7130,150
11.116,23:22:02.560,0,27,216,7128,150
11.116,23:22:02.561,0,28,0,7168,151
11.116,23:22:02.561,0,28,48,7216,151
11.116,23:22:02.563,0,28,86,7254,151
11.116,23:22:02.564,0,28,56,7224,152
11.116,23:22:02.564,0,28,22,7190,152
11.116,23:22:02.564,0,28,28,7196,152
11.719,23:22:03.162,0,27,254,7166,153
11.719,23:22:03.163,0,28,34,7202,153
11.719,23:22:03.163,0,28,48,7216,153
11.719,23:22:03.163,0,28,24,7192,153
11.719,23:22:03.164,0,27,246,7158,153
11.719,23:22:03.164,0,28,46,7214,154
11.719,23:22:03.164,0,28,44,7212,154
11.719,23:22:03.164,0,28,70,7238,154
11.719,23:22:03.165,0,28,66,7234,154
11.719,23:22:03.165,0,28,16,7184,155
11.719,23:22:03.165,0,27,248,7160,155
12.295,23:22:03.738,0,28,56,7224,155
12.295,23:22:03.738,0,28,40,7208,155
12.295,23:22:03.738,0,28,22,7190,155
12.295,23:22:03.739,0,28,14,7182,155
12.295,23:22:03.739,0,28,60,7228,156
12.295,23:22:03.739,0,28,96,7264,156
12.295,23:22:03.740,0,28,78,7246,156
12.295,23:22:03.740,0,27,242,7154,157
12.295,23:22:03.740,0,27,226,7138,157
12.295,23:22:03.741,0,27,198,7110,157
12.898,23:22:04.341,0,27,230,7142,158
12.898,23:22:04.342,0,28,34,7202,158
12.898,23:22:04.342,0,28,20,7188,158
12.898,23:22:04.343,0,28,138,7306,159
12.898,23:22:04.343,0,28,136,7304,159
12.898,23:22:04.343,0,28,106,7274,159
12.898,23:22:04.343,0,27,178,7090,159
12.898,23:22:04.344,0,27,220,7132,160
12.898,23:22:04.344,0,27,192,7104,160
13.502,23:22:04.945,0,27,236,7148,160
13.502,23:22:04.945,0,27,200,7112,160
13.502,23:22:04.945,0,27,220,7132,160
13.502,23:22:04.948,0,28,14,7182,160
13.502,23:22:04.948,0,27,208,7120,161
13.502,23:22:04.948,0,28,6,7174,161
13.502,23:22:04.949,0,28,40,7208,161
13.502,23:22:04.949,0,28,110,7278,162
13.502,23:22:04.949,0,28,114,7282,162
13.502,23:22:04.950,0,28,120,7288,162
14.088,23:22:05.531,0,27,208,7120,162
14.088,23:22:05.531,0,27,234,7146,162
14.088,23:22:05.531,0,27,174,7086,163
14.088,23:22:05.533,0,27,244,7156,163
14.088,23:22:05.533,0,27,254,7166,163
14.088,23:22:05.534,0,28,46,7214,164
14.088,23:22:05.534,0,27,244,7156,164
14.088,23:22:05.534,0,27,248,7160,164
14.088,23:22:05.535,0,27,254,7166,165
14.088,23:22:05.535,0,28,34,7202,165
14.799,23:22:06.241,0,28,62,7230,165
14.799,23:22:06.242,0,28,54,7222,165
14.799,23:22:06.242,0,28,100,7268,165
14.799,23:22:06.242,0,28,30,7198,166
14.799,23:22:06.243,0,28,28,7196,166
14.799,23:22:06.243,0,28,60,7228,166
14.799,23:22:06.243,0,28,98,7266,166
14.799,23:22:06.244,0,28,74,7242,167
14.799,23:22:06.244,0,28,88,7256,167
14.799,23:22:06.244,0,28,38,7206,167
14.799,23:22:06.245,0,28,48,7216,168
14.799,23:22:06.245,0,28,80,7248,168
14.799,23:22:06.245,0,28,82,7250,168
15.540,23:22:06.983,0,28,26,7194,168
15.540,23:22:06.984,0,28,30,7198,168
15.540,23:22:06.984,0,27,252,7164,168
15.540,23:22:06.985,0,27,216,7128,169
15.540,23:22:06.985,0,28,30,7198,169
15.540,23:22:06.985,0,28,32,7200,169
15.540,23:22:06.986,0,28,8,7176,169
15.540,23:22:06.986,0,28,22,7190,170
15.540,23:22:06.986,0,28,40,7208,170
15.540,23:22:06.987,0,28,86,7254,170
15.540,23:22:06.987,0,28,60,7228,170
15.540,23:22:06.994,0,28,14,7182,171
15.540,23:22:06.994,0,28,22,7190,171
15.540,23:22:06.994,0,28,46,7214,171
15.540,23:22:06.995,0,28,68,7236,171
16.235,23:22:07.678,0,28,54,7222,171
16.235,23:22:07.679,0,28,36,7204,171
16.235,23:22:07.679,0,28,60,7228,172
16.235,23:22:07.679,0,28,82,7250,172
16.235,23:22:07.680,0,28,90,7258,172
16.235,23:22:07.680,0,28,116,7284,172
16.235,23:22:07.681,0,27,238,7150,173
16.235,23:22:07.681,0,27,224,7136,173
16.235,23:22:07.681,0,27,210,7122,173
16.235,23:22:07.681,0,27,226,7138,174
16.235,23:22:07.682,0,27,236,7148,174
16.235,23:22:07.682,0,28,24,7192,174
16.992,23:22:08.436,0,28,56,7224,174
16.992,23:22:08.436,0,27,240,7152,175
16.992,23:22:08.436,0,27,194,7106,175
16.992,23:22:08.437,0,27,216,7128,175
16.992,23:22:08.437,0,28,34,7202,175
16.992,23:22:08.438,0,28,4,7172,175
16.992,23:22:08.438,0,27,182,7094,176
16.992,23:22:08.438,0,27,236,7148,176
16.992,23:22:08.439,0,28,8,7176,176
16.992,23:22:08.439,0,28,30,7198,176
16.992,23:22:08.439,0,28,42,7210,177
16.992,23:22:08.439,0,28,56,7224,177
16.992,23:22:08.440,0,28,38,7206,177
16.992,23:22:08.440,0,28,22,7190,177
17.561,23:22:09.004,0,28,18,7186,178
17.561,23:22:09.005,0,28,60,7228,178
17.561,23:22:09.005,0,28,64,7232,178
17.561,23:22:09.006,0,28,82,7250,178
17.561,23:22:09.006,0,28,32,7200,178
17.561,23:22:09.006,0,27,228,7140,178
17.561,23:22:09.006,0,27,250,7162,179
17.561,23:22:09.007,0,28,12,7180,179
17.561,23:22:09.007,0,28,12,7180,179
17.561,23:22:09.007,0,28,70,7238,180
17.561,23:22:09.009,0,28,104,7272,180
18.162,23:22:09.605,0,28,116,7284,180
18.162,23:22:09.605,0,28,42,7210,180
18.162,23:22:09.605,0,27,244,7156,181
18.162,23:22:09.606,0,27,252,7164,181
18.162,23:22:09.606,0,27,228,7140,181
18.162,23:22:09.606,0,28,2,7170,181
18.162,23:22:09.606,0,28,56,7224,181
18.162,23:22:09.607,0,28,74,7242,181
18.162,23:22:09.607,0,28,80,7248,182
18.162,23:22:09.607,0,28,50,7218,182
18.162,23:22:09.607,0,28,84,7252,182
18.162,23:22:09.608,0,27,240,7152,182
18.749,23:22:10.192,0,27,216,7128,183
18.749,23:22:10.193,0,27,220,7132,183
18.749,23:22:10.193,0,27,238,7150,183
18.749,23:22:10.194,0,28,28,7196,183
18.749,23:22:10.194,0,28,42,7210,184
18.749,23:22:10.194,0,28,54,7222,184
18.749,23:22:10.195,0,28,86,7254,184
18.749,23:22:10.195,0,28,76,7244,184
18.749,23:22:10.195,0,27,212,7124,185
18.749,23:22:10.196,0,27,198,7110,185
18.749,23:22:10.196,0,28,14,7182,185
19.369,23:22:10.811,0,28,62,7230,185
19.369,23:22:10.813,0,28,74,7242,186
19.369,23:22:10.813,0,28,22,7190,186
19.369,23:22:10.813,0,28,12,7180,186
19.369,23:22:10.814,0,28,44,7212,186
19.369,23:22:10.814,0,28,60,7228,187
19.369,23:22:10.814,0,28,42,7210,187
19.369,23:22:10.815,0,28,44,7212,187
19.369,23:22:10.815,0,28,118,7286,188
19.369,23:22:10.815,0,28,132,7300,188
20.002,23:22:11.446,0,28,72,7240,188
20.002,23:22:11.446,0,28,18,7186,188
20.002,23:22:11.446,0,27,206,7118,189
20.002,23:22:11.448,0,27,234,7146,189
20.002,23:22:11.449,0,27,254,7166,189
20.002,23:22:11.449,0,28,26,7194,189
20.002,23:22:11.450,0,28,40,7208,190
20.002,23:22:11.450,0,27,238,7150,190
20.576,23:22:12.020,0,28,18,7186,191
20.576,23:22:12.020,0,28,110,7278,191
20.576,23:22:12.020,0,27,242,7154,191
20.576,23:22:12.021,0,28,34,7202,192
20.576,23:22:12.021,0,28,38,7206,192
20.576,23:22:12.021,0,28,22,7190,192
20.576,23:22:12.022,0,28,52,7220,192
20.576,23:22:12.022,0,28,64,7232,192
20.576,23:22:12.022,0,28,2,7170,192
20.576,23:22:12.022,0,28,32,7200,193
20.576,23:22:12.023,0,28,14,7182,193
21.179,23:22:12.622,0,28,8,7176,193
21.179,23:22:12.622,0,28,32,7200,193
21.179,23:22:12.623,0,28,10,7178,194
21.179,23:22:12.623,0,28,30,7198,194
21.179,23:22:12.623,0,28,12,7180,194
21.179,23:22:12.624,0,28,8,7176,194
21.179,23:22:12.624,0,28,56,7224,195
21.179,23:22:12.624,0,28,56,7224,195
21.179,23:22:12.625,0,28,22,7190,195
21.179,23:22:12.625,0,28,78,7246,195
21.179,23:22:12.625,0,28,102,7270,195
21.179,23:22:12.626,0,28,94,7262,195
21.796,23:22:13.238,0,28,60,7228,196
21.796,23:22:13.239,0,28,96,7264,196
21.796,23:22:13.239,0,28,68,7236,196
21.796,23:22:13.239,0,27,192,7104,196
21.796,23:22:13.240,0,27,178,7090,197
21.796,23:22:13.240,0,28,14,7182,197
21.796,23:22:13.240,0,28,30,7198,197
21.796,23:22:13.240,0,28,64,7232,197
21.796,23:22:13.241,0,27,216,7128,198
21.796,23:22:13.241,0,27,234,7146,198
21.796,23:22:13.241,0,28,28,7196,198
21.796,23:22:13.243,0,28,54,7222,198
22.428,23:22:13.872,0,28,68,7236,198
22.428,23:22:13.872,0,28,32,7200,198
22.428,23:22:13.872,0,28,28,7196,199
22.428,23:22:13.873,0,28,50,7218,199
22.428,23:22:13.873,0,28,48,7216,199
22.428,23:22:13.874,0,28,96,7264,199
22.428,23:22:13.874,0,28,138,7306,200
22.428,23:22:13.874,0,28,90,7258,200
22.428,23:22:13.874,0,28,20,7188,200
22.428,23:22:13.875,0,28,18,7186,200
22.428,23:22:13.875,0,28,4,7172,201
22.428,23:22:13.875,0,28,22,7190,201
22.428,23:22:13.876,0,28,50,7218,201
23.045,23:22:14.488,0,28,20,7188,201
23.045,23:22:14.488,0,27,240,7152,201
23.045,23:22:14.488,0,28,16,7184,201
23.045,23:22:14.489,0,28,18,7186,202
23.045,23:22:14.489,0,28,78,7246,202
23.045,23:22:14.489,0,28,54,7222,202
23.045,23:22:14.490,0,28,2,7170,202
23.045,23:22:14.490,0,27,216,7128,203
23.045,23:22:14.490,0,27,208,7120,203
23.045,23:22:14.491,0,27,238,7150,203
23.045,23:22:14.491,0,27,244,7156,203
23.045,23:22:14.491,0,28,42,7210,204
23.647,23:22:15.090,0,27,234,7146,204
23.647,23:22:15.090,0,27,244,7156,204
23.647,23:22:15.091,0,28,44,7212,204
23.647,23:22:15.091,0,28,12,7180,204
23.647,23:22:15.091,0,28,50,7218,205
23.647,23:22:15.092,0,28,24,7192,205
23.647,23:22:15.092,0,27,242,7154,205
23.647,23:22:15.092,0,28,8,7176,205
23.647,23:22:15.092,0,28,6,7174,206
23.647,23:22:15.093,0,28,6,7174,206
23.647,23:22:15.093,0,28,12,7180,206
24.231,23:22:15.675,0,28,34,7202,207
24.231,23:22:15.675,0,28,52,7220,207
24.231,23:22:15.677,0,28,76,7244,207
24.231,23:22:15.678,0,28,80,7248,207
24.231,23:22:15.678,0,28,52,7220,207
24.231,23:22:15.679,0,28,6,7174,207
24.231,23:22:15.679,0,27,246,7158,208
24.231,23:22:15.680,0,28,0,7168,208
24.231,23:22:15.680,0,27,254,7166,208
24.231,23:22:15.680,0,28,94,7262,209
24.880,23:22:16.322,0,28,96,7264,209
24.880,23:22:16.323,0,28,22,7190,209
24.880,23:22:16.323,0,28,2,7170,209
24.880,23:22:16.323,0,28,4,7172,210
24.880,23:22:16.324,0,28,20,7188,210
24.880,23:22:16.324,0,27,250,7162,210
24.880,23:22:16.324,0,27,250,7162,210
24.880,23:22:16.325,0,28,52,7220,210
24.880,23:22:16.325,0,28,76,7244,210
24.880,23:22:16.325,0,28,32,7200,211
24.880,23:22:16.326,0,28,58,7226,211
24.880,23:22:16.326,0,28,46,7214,211
25.447,23:22:16.890,0,28,52,7220,211
25.447,23:22:16.891,0,28,58,7226,212
25.447,23:22:16.891,0,27,250,7162,212
25.447,23:22:16.891,0,28,28,7196,212
25.447,23:22:16.892,0,28,20,7188,213
25.447,23:22:16.892,0,28,54,7222,213
25.447,23:22:16.892,0,28,20,7188,213
25.447,23:22:16.893,0,28,78,7246,214
25.447,23:22:16.893,0,28,96,7264,214
25.447,23:22:16.893,0,28,82,7250,214
26.046,23:22:17.489,0,28,84,7252,214
26.046,23:22:17.490,0,28,62,7230,214
26.046,23:22:17.490,0,27,214,7126,215
26.046,23:22:17.490,0,28,28,7196,215
26.046,23:22:17.491,0,28,60,7228,215
26.046,23:22:17.491,0,28,24,7192,216
26.046,23:22:17.491,0,27,210,7122,216
26.046,23:22:17.491,0,27,226,7138,216
26.046,23:22:17.492,0,27,242,7154,217
26.614,23:22:18.057,0,28,82,7250,217
26.614,23:22:18.057,0,28,32,7200,217
26.614,23:22:18.057,0,28,22,7190,217
26.614,23:22:18.058,0,28,84,7252,218
26.614,23:22:18.058,0,28,34,7202,218
26.614,23:22:18.058,0,28,26,7194,218
26.614,23:22:18.059,0,28,50,7218,219
26.614,23:22:18.059,0,28,4,7172,219
27.259,23:22:18.702,0,28,30,7198,219
27.259,23:22:18.703,0,28,10,7178,219
27.259,23:22:18.703,0,28,108,7276,220
27.259,23:22:18.703,0,28,142,7310,220
27.259,23:22:18.703,0,28,48,7216,220
27.259,23:22:18.704,0,28,32,7200,220
27.259,23:22:18.704,0,28,50,7218,220
27.259,23:22:18.704,0,28,28,7196,220
27.259,23:22:18.705,0,28,0,7168,221
27.259,23:22:18.705,0,27,254,7166,221
27.259,23:22:18.705,0,28,20,7188,221
27.259,23:22:18.706,0,28,36,7204,221
27.259,23:22:18.706,0,28,32,7200,222
27.890,23:22:19.333,0,28,68,7236,222
27.890,23:22:19.333,0,28,28,7196,222
27.890,23:22:19.333,0,28,30,7198,222
27.890,23:22:19.334,0,28,26,7194,223
27.890,23:22:19.334,0,27,236,7148,223
27.890,23:22:19.334,0,27,252,7164,223
27.890,23:22:19.335,0,28,16,7184,223
27.890,23:22:19.335,0,28,8,7176,223
27.890,23:22:19.335,0,28,82,7250,223
27.890,23:22:19.335,0,28,112,7280,224
27.890,23:22:19.336,0,28,56,7224,224
27.890,23:22:19.336,0,28,82,7250,224
28.493,23:22:19.936,0,28,16,7184,224
28.493,23:22:19.937,0,28,8,7176,225
28.493,23:22:19.937,0,28,14,7182,225
28.493,23:22:19.937,0,28,12,7180,225
28.493,23:22:19.938,0,28,18,7186,225
28.493,23:22:19.938,0,28,52,7220,226
28.493,23:22:19.938,0,28,44,7212,226
28.493,23:22:19.938,0,28,64,7232,226
28.493,23:22:19.941,0,28,78,7246,226
28.493,23:22:19.941,0,28,82,7250,226
28.493,23:22:19.941,0,28,86,7254,226
28.493,23:22:19.942,0,28,8,7176,227
28.493,23:22:19.942,0,28,2,7170,227
29.064,23:22:20.507,0,28,2,7170,227
29.064,23:22:20.508,0,27,252,7164,227
29.064,23:22:20.508,0,28,18,7186,228
29.064,23:22:20.509,0,28,38,7206,228
29.064,23:22:20.509,0,28,90,7258,228
29.064,23:22:20.509,0,28,126,7294,228
29.064,23:22:20.510,0,28,62,7230,229
29.064,23:22:20.510,0,28,64,7232,229
29.064,23:22:20.510,0,28,24,7192,229
29.064,23:22:20.510,0,27,214,7126,229
29.064,23:22:20.511,0,27,230,7142,229
29.679,23:22:21.121,0,28,6,7174,229
29.679,23:22:21.122,0,28,58,7226,230
29.679,23:22:21.122,0,28,130,7298,230
29.679,23:22:21.122,0,28,90,7258,230
29.679,23:22:21.122,0,28,12,7180,230
29.679,23:22:21.123,0,27,252,7164,231
29.679,23:22:21.123,0,28,4,7172,231
29.679,23:22:21.123,0,28,66,7234,231
29.679,23:22:21.123,0,27,252,7164,231
29.679,23:22:21.124,0,27,218,7130,232
29.679,23:22:21.124,0,27,232,7144,232
29.679,23:22:21.124,0,27,232,7144,232
30.293,23:22:21.736,0,27,254,7166,232
30.293,23:22:21.737,0,27,254,7166,232
30.293,23:22:21.737,0,28,32,7200,233
30.293,23:22:21.737,0,28,30,7198,233
30.293,23:22:21.738,0,28,50,7218,233
30.293,23:22:21.738,0,28,78,7246,233
30.293,23:22:21.738,0,28,56,7224,234
30.293,23:22:21.738,0,28,38,7206,234
30.293,23:22:21.739,0,28,20,7188,234
30.293,23:22:21.739,0,28,30,7198,234
30.894,23:22:22.339,0,28,64,7232,235
30.894,23:22:22.339,0,28,54,7222,235
30.894,23:22:22.339,0,28,90,7258,235
30.894,23:22:22.340,0,28,52,7220,236
30.894,23:22:22.340,0,28,24,7192,236
30.894,23:22:22.340,0,28,8,7176,236
30.894,23:22:22.341,0,28,18,7186,236
30.894,23:22:22.341,0,28,68,7236,237
30.894,23:22:22.341,0,28,26,7194,237
30.894,23:22:22.342,0,28,18,7186,237
30.894,23:22:22.342,0,28,50,7218,237
30.894,23:22:22.342,0,28,16,7184,237
31.479,23:22:22.923,0,28,90,7258,237
31.479,23:22:22.923,0,28,100,7268,238
31.479,23:22:22.923,0,28,68,7236,238
31.479,23:22:22.924,0,28,66,7234,238
31.479,23:22:22.924,0,28,56,7224,238
31.479,23:22:22.924,0,28,16,7184,239
31.479,23:22:22.925,0,27,248,7160,239
31.479,23:22:22.925,0,27,220,7132,239
31.479,23:22:22.925,0,28,60,7228,239
31.479,23:22:22.926,0,28,36,7204,240
31.479,23:22:22.926,0,28,64,7232,240
31.479,23:22:22.926,0,28,74,7242,240
32.092,23:22:23.535,0,28,66,7234,240
32.092,23:22:23.536,0,28,104,7272,241
32.092,23:22:23.536,0,28,136,7304,241
32.092,23:22:23.536,0,28,44,7212,241
32.092,23:22:23.537,0,27,252,7164,241
32.092,23:22:23.537,0,28,80,7248,242
32.092,23:22:23.537,0,28,78,7246,242
32.092,23:22:23.538,0,28,46,7214,243
32.694,23:22:24.137,0,28,10,7178,243
32.694,23:22:24.138,0,28,56,7224,243
32.694,23:22:24.138,0,28,68,7236,243
32.694,23:22:24.138,0,28,72,7240,243
32.694,23:22:24.139,0,28,70,7238,244
32.694,23:22:24.139,0,28,14,7182,244
32.694,23:22:24.139,0,27,196,7108,244
32.694,23:22:24.140,0,27,214,7126,244
32.694,23:22:24.140,0,27,252,7164,245
32.694,23:22:24.140,0,28,32,7200,245
33.340,23:22:24.782,0,28,14,7182,245
33.340,23:22:24.782,0,28,44,7212,246
33.340,23:22:24.784,0,28,38,7206,246
33.340,23:22:24.784,0,27,254,7166,246
33.340,23:22:24.784,0,28,0,7168,246
33.340,23:22:24.785,0,28,58,7226,247
33.340,23:22:24.785,0,28,60,7228,247
33.340,23:22:24.785,0,28,102,7270,247
33.340,23:22:24.786,0,28,72,7240,247
33.340,23:22:24.786,0,27,208,7120,248
33.340,23:22:24.786,0,27,212,7124,248
33.955,23:22:25.398,0,27,244,7156,248
33.955,23:22:25.399,0,27,252,7164,248
33.955,23:22:25.399,0,28,36,7204,249
33.955,23:22:25.399,0,28,52,7220,249
33.955,23:22:25.400,0,28,96,7264,249
33.955,23:22:25.400,0,28,32,7200,249
33.955,23:22:25.400,0,28,32,7200,249
33.955,23:22:25.401,0,28,56,7224,249
33.955,23:22:25.401,0,28,22,7190,250
33.955,23:22:25.401,0,28,24,7192,250
33.955,23:22:25.401,0,28,70,7238,250
33.955,23:22:25.402,0,28,50,7218,250
34.571,23:22:26.014,0,28,80,7248,251
34.571,23:22:26.014,0,28,68,7236,251
34.571,23:22:26.014,0,28,42,7210,251
34.571,23:22:26.015,0,28,36,7204,251
34.571,23:22:26.015,0,27,236,7148,252
34.571,23:22:26.015,0,27,242,7154,252
34.571,23:22:26.016,0,28,56,7224,252
34.571,23:22:26.016,0,28,70,7238,252
34.571,23:22:26.016,0,28,64,7232,252
34.571,23:22:26.017,0,28,102,7270,253
34.571,23:22:26.017,0,28,88,7256,253
34.571,23:22:26.017,0,27,240,7152,253
35.185,23:22:26.628,0,27,182,7094,253
35.185,23:22:26.630,0,27,246,7158,254
35.185,23:22:26.631,0,27,252,7164,254
35.185,23:22:26.631,0,28,48,7216,254
35.185,23:22:26.632,0,27,230,7142,255
35.185,23:22:26.632,0,27,212,7124,255
35.185,23:22:26.632,0,27,246,7158,255
35.185,23:22:26.632,0,28,54,7222,255
35.185,23:22:26.633,0,28,98,7266,255
35.185,23:22:26.633,0,28,80,7248,255
35.185,23:22:26.633,0,28,48,7216,0
35.829,23:22:27.272,0,28,10,7178,0
35.829,23:22:27.273,0,27,198,7110,1
35.829,23:22:27.273,0,27,230,7142,1
35.829,23:22:27.273,0,28,8,7176,1
35.829,23:22:27.274,0,28,42,7210,1
35.829,23:22:27.274,0,28,62,7230,1
35.829,23:22:27.274,0,28,20,7188,1
35.829,23:22:27.274,0,28,8,7176,2
35.829,23:22:27.275,0,28,20,7188,2
35.829,23:22:27.275,0,28,26,7194,2
35.829,23:22:27.275,0,28,70,7238,2
35.829,23:22:27.276,0,28,8,7176,3
35.829,23:22:27.276,0,28,18,7186,3
36.416,23:22:27.859,0,28,68,7236,3
36.416,23:22:27.859,0,28,86,7254,3
36.416,23:22:27.860,0,28,108,7276,4
36.416,23:22:27.860,0,28,52,7220,4
36.416,23:22:27.861,0,27,242,7154,4
36.416,23:22:27.861,0,28,34,7202,4
36.416,23:22:27.861,0,28,20,7188,4
36.416,23:22:27.861,0,28,24,7192,4
36.416,23:22:27.862,0,28,18,7186,5
36.416,23:22:27.862,0,28,68,7236,5
36.416,23:22:27.863,0,28,58,7226,5
37.004,23:22:28.446,0,27,238,7150,5
37.004,23:22:28.448,0,28,20,7188,6
37.004,23:22:28.448,0,28,78,7246,6
37.004,23:22:28.448,0,28,48,7216,7
37.004,23:22:28.448,0,28,20,7188,7
37.004,23:22:28.449,0,27,246,7158,7
37.004,23:22:28.449,0,28,24,7192,7
37.004,23:22:28.449,0,28,42,7210,8
37.572,23:22:29.015,0,28,42,7210,8
37.572,23:22:29.015,0,27,254,7166,8
37.572,23:22:29.015,0,28,46,7214,9
37.572,23:22:29.015,0,28,100,7268,9
37.572,23:22:29.016,0,28,34,7202,9
37.572,23:22:29.016,0,27,248,7160,10
37.572,23:22:29.016,0,27,208,7120,10
37.572,23:22:29.017,0,27,234,7146,10
38.173,23:22:29.616,0,28,44,7212,10
38.173,23:22:29.616,0,28,6,7174,10
38.173,23:22:29.617,0,27,240,7152,11
38.173,23:22:29.617,0,27,232,7144,11
38.173,23:22:29.617,0,28,10,7178,11
38.173,23:22:29.618,0,28,24,7192,12
38.173,23:22:29.618,0,27,240,7152,12
38.173,23:22:29.618,0,27,248,7160,12
38.173,23:22:29.619,0,27,236,7148,12
38.173,23:22:29.619,0,28,32,7200,13
38.786,23:22:30.229,0,27,250,7162,13
38.786,23:22:30.229,0,28,52,7220,13
38.786,23:22:30.230,0,28,14,7182,13
38.786,23:22:30.230,0,27,242,7154,13
38.786,23:22:30.230,0,28,32,7200,14
38.786,23:22:30.231,0,28,50,7218,14
38.786,23:22:30.231,0,28,66,7234,14
38.786,23:22:30.231,0,28,40,7208,14
38.786,23:22:30.232,0,27,222,7134,15
38.786,23:22:30.232,0,28,32,7200,15
38.786,23:22:30.232,0,28,36,7204,15
38.786,23:22:30.232,0,27,248,7160,15
38.786,23:22:30.233,0,27,246,7158,16
39.358,23:22:30.801,0,28,20,7188,16
39.358,23:22:30.802,0,28,10,7178,16
39.358,23:22:30.802,0,28,14,7182,16
39.358,23:22:30.802,0,27,242,7154,16
39.358,23:22:30.802,0,28,50,7218,16
39.358,23:22:30.803,0,28,64,7232,17
39.358,23:22:30.805,0,28,16,7184,17
39.358,23:22:30.805,0,28,20,7188,17
39.358,23:22:30.806,0,28,56,7224,17
39.358,23:22:30.806,0,28,68,7236,18
39.358,23:22:30.806,0,28,108,7276,18
40.005,23:22:31.449,0,28,90,7258,18
40.005,23:22:31.449,0,28,84,7252,18
40.005,23:22:31.449,0,27,224,7136,19
40.005,23:22:31.450,0,27,218,7130,19
40.005,23:22:31.450,0,27,224,7136,19
40.005,23:22:31.450,0,28,8,7176,19
40.005,23:22:31.450,0,28,20,7188,20
40.005,23:22:31.451,0,28,48,7216,20
40.005,23:22:31.451,0,28,44,7212,20
40.005,23:22:31.451,0,28,20,7188,21
40.624,23:22:32.067,0,28,30,7198,21
40.624,23:22:32.067,0,28,94,7262,21
40.624,23:22:32.068,0,28,96,7264,21
40.624,23:22:32.068,0,28,46,7214,22
40.624,23:22:32.069,0,28,50,7218,22
40.624,23:22:32.069,0,27,220,7132,22
40.624,23:22:32.069,0,27,228,7140,22
40.624,23:22:32.070,0,27,246,7158,22
40.624,23:22:32.070,0,27,240,7152,22
40.624,23:22:32.071,0,28,38,7206,23
40.624,23:22:32.071,0,28,62,7230,23
40.624,23:22:32.072,0,28,52,7220,23
41.241,23:22:32.684,0,28,76,7244,23
41.241,23:22:32.685,0,28,60,7228,24
41.241,23:22:32.685,0,28,52,7220,24
41.241,23:22:32.685,0,27,204,7116,24
41.241,23:22:32.686,0,27,154,7066,24
41.241,23:22:32.686,0,27,138,7050,25
41.241,23:22:32.686,0,27,142,7054,25
41.241,23:22:32.686,0,27,206,7118,25
41.241,23:22:32.687,0,27,188,7100,25
41.241,23:22:32.687,0,27,168,7080,26
41.241,23:22:32.687,0,27,206,7118,26
41.241,23:22:32.688,0,27,250,7162,26
41.809,23:22:33.252,0,28,0,7168,26
41.809,23:22:33.253,0,28,64,7232,26
41.809,23:22:33.253,0,28,62,7230,26
41.809,23:22:33.253,0,28,54,7222,27
41.809,23:22:33.254,0,28,26,7194,27
41.809,23:22:33.254,0,28,38,7206,27
41.809,23:22:33.254,0,27,196,7108,28
41.809,23:22:33.255,0,27,200,7112,28
41.809,23:22:33.255,0,27,220,7132,28
41.809,23:22:33.255,0,27,212,7124,28
41.809,23:22:33.255,0,27,238,7150,29
42.458,23:22:33.900,0,28,22,7190,29
42.458,23:22:33.901,0,28,4,7172,29
42.458,23:22:33.901,0,27,234,7146,29
42.458,23:22:33.901,0,27,246,7158,29
42.458,23:22:33.901,0,27,226,7138,29
42.458,23:22:33.902,0,28,14,7182,30
42.458,23:22:33.902,0,28,8,7176,30
42.458,23:22:33.902,0,28,16,7184,30
42.458,23:22:33.902,0,28,36,7204,30
42.458,23:22:33.903,0,28,38,7206,31
42.458,23:22:33.903,0,28,36,7204,31
42.458,23:22:33.903,0,28,8,7176,31
42.458,23:22:33.904,0,28,6,7174,31
43.026,23:22:34.470,0,28,14,7182,32
43.026,23:22:34.470,0,28,44,7212,32
43.026,23:22:34.470,0,28,46,7214,32
43.026,23:22:34.471,0,27,250,7162,32
43.026,23:22:34.471,0,28,6,7174,32
43.026,23:22:34.471,0,28,62,7230,33
43.026,23:22:34.471,0,28,52,7220,33
43.026,23:22:34.471,0,28,54,7222,33
43.026,23:22:34.472,0,27,244,7156,34
43.687,23:22:35.130,0,28,78,7246,34
43.687,23:22:35.131,0,27,242,7154,35
43.687,23:22:35.131,0,27,148,7060,35
43.687,23:22:35.131,0,27,188,7100,35
43.687,23:22:35.132,0,27,236,7148,36
43.687,23:22:35.132,0,27,254,7166,36
43.687,23:22:35.133,0,27,218,7130,36
43.687,23:22:35.133,0,27,236,7148,36
43.687,23:22:35.134,0,28,74,7242,36
43.687,23:22:35.134,0,28,68,7236,36
44.289,23:22:35.732,0,28,44,7212,37
44.289,23:22:35.733,0,28,28,7196,37
44.289,23:22:35.733,0,28,68,7236,37
44.289,23:22:35.733,0,28,88,7256,38
44.289,23:22:35.734,0,28,70,7238,38
44.289,23:22:35.734,0,28,46,7214,38
44.289,23:22:35.734,0,27,242,7154,38
44.289,23:22:35.734,0,27,190,7102,39
44.289,23:22:35.735,0,27,198,7110,39
44.289,23:22:35.735,0,27,172,7084,39
44.289,23:22:35.735,0,27,196,7108,39
44.890,23:22:36.333,0,27,200,7112,39
44.890,23:22:36.333,0,27,222,7134,40
44.890,23:22:36.334,0,27,248,7160,40
44.890,23:22:36.334,0,28,96,7264,40
44.890,23:22:36.334,0,28,104,7272,40
44.890,23:22:36.335,0,28,92,7260,40
44.890,23:22:36.335,0,28,84,7252,40
44.890,23:22:36.335,0,28,6,7174,41
44.890,23:22:36.336,0,27,222,7134,41
44.890,23:22:36.336,0,27,250,7162,41
44.890,23:22:36.337,0,27,254,7166,42
45.537,23:22:36.979,0,28,16,7184,42
45.537,23:22:36.981,0,27,250,7162,42
45.537,23:22:36.981,0,27,206,7118,42
45.537,23:22:36.981,0,28,6,7174,42
45.537,23:22:36.982,0,28,14,7182,43
45.537,23:22:36.982,0,28,8,7176,43
45.537,23:22:36.982,0,28,34,7202,43
45.537,23:22:36.982,0,28,18,7186,43
45.537,23:22:36.983,0,28,32,7200,44
45.537,23:22:36.983,0,28,42,7210,44
45.537,23:22:36.983,0,28,12,7180,44
45.537,23:22:36.984,0,28,28,7196,44
45.537,23:22:36.984,0,28,116,7284,44
46.167,23:22:37.609,0,28,106,7274,44
46.167,23:22:37.610,0,28,50,7218,45
46.167,23:22:37.610,0,27,238,7150,45
46.167,23:22:37.610,0,27,224,7136,45
46.167,23:22:37.611,0,27,180,7092,46
46.167,23:22:37.611,0,27,216,7128,46
46.167,23:22:37.612,0,27,218,7130,46
46.167,23:22:37.612,0,27,206,7118,46
46.167,23:22:37.612,0,27,202,7114,46
46.167,23:22:37.613,0,28,0,7168,47
46.167,23:22:37.613,0,28,36,7204,47
46.167,23:22:37.613,0,28,64,7232,47
46.167,23:22:37.614,0,28,62,7230,47
46.828,23:22:38.271,0,28,42,7210,47
46.828,23:22:38.272,0,28,64,7232,47
46.828,23:22:38.272,0,28,26,7194,48
46.828,23:22:38.272,0,27,228,7140,48
46.828,23:22:38.273,0,27,230,7142,48
46.828,23:22:38.273,0,28,12,7180,49
46.828,23:22:38.273,0,28,16,7184,49
46.828,23:22:38.274,0,27,238,7150,49
46.828,23:22:38.274,0,28,8,7176,49
46.828,23:22:38.274,0,28,12,7180,50
46.828,23:22:38.274,0,28,54,7222,50
46.828,23:22:38.275,0,28,124,7292,50
47.383,23:22:38.826,0,28,92,7260,50
47.383,23:22:38.827,0,28,108,7276,51
47.383,23:22:38.827,0,28,114,7282,51
47.383,23:22:38.827,0,28,14,7182,51
47.383,23:22:38.828,0,28,52,7220,51
47.383,23:22:38.828,0,27,246,7158,51
47.383,23:22:38.829,0,27,224,7136,52
47.383,23:22:38.829,0,28,6,7174,52
47.383,23:22:38.829,0,28,54,7222,52
47.383,23:22:38.830,0,28,106,7274,52
47.383,23:22:38.830,0,28,106,7274,53
47.997,23:22:39.440,0,28,38,7206,53
47.997,23:22:39.440,0,28,86,7254,53
47.997,23:22:39.441,0,28,106,7274,53
47.997,23:22:39.441,0,28,100,7268,54
47.997,23:22:39.442,0,28,50,7218,54
47.997,23:22:39.442,0,28,74,7242,54
47.997,23:22:39.442,0,28,28,7196,54
47.997,23:22:39.443,0,28,28,7196,54
47.997,23:22:39.443,0,28,4,7172,54
47.997,23:22:39.443,0,28,22,7190,55
47.997,23:22:39.443,0,28,34,7202,55
47.997,23:22:39.444,0,28,44,7212,55
48.566,23:22:40.009,0,28,78,7246,55
48.566,23:22:40.010,0,28,60,7228,56
48.566,23:22:40.010,0,28,68,7236,56
48.566,23:22:40.010,0,28,44,7212,56
48.566,23:22:40.011,0,27,182,7094,57
48.566,23:22:40.011,0,28,8,7176,57
48.566,23:22:40.012,0,28,26,7194,57
48.566,23:22:40.012,0,28,72,7240,58
49.167,23:22:40.610,0,28,80,7248,58
49.167,23:22:40.611,0,28,26,7194,58
49.167,23:22:40.611,0,28,44,7212,59
49.167,23:22:40.611,0,28,22,7190,59
49.167,23:22:40.612,0,28,40,7208,59
49.167,23:22:40.612,0,28,62,7230,59
49.167,23:22:40.612,0,28,74,7242,59
49.167,23:22:40.612,0,28,82,7250,59
49.167,23:22:40.613,0,28,64,7232,60
49.167,23:22:40.613,0,28,50,7218,60
49.167,23:22:40.613,0,27,222,7134,60
49.167,23:22:40.614,0,27,182,7094,60
49.768,23:22:41.210,0,28,0,7168,61
49.768,23:22:41.212,0,28,32,7200,61
49.768,23:22:41.212,0,28,64,7232,61
49.768,23:22:41.212,0,28,80,7248,61
49.768,23:22:41.213,0,28,56,7224,62
49.768,23:22:41.213,0,28,6,7174,62
49.768,23:22:41.213,0,28,44,7212,62
49.768,23:22:41.214,0,28,48,7216,62
49.768,23:22:41.214,0,28,72,7240,62
49.768,23:22:41.214,0,28,68,7236,62
49.768,23:22:41.215,0,28,58,7226,63
49.768,23:22:41.215,0,28,98,7266,63
50.355,23:22:41.798,0,28,102,7270,63
50.355,23:22:41.799,0,28,104,7272,63
50.355,23:22:41.799,0,28,54,7222,64
50.355,23:22:41.799,0,27,246,7158,64
50.355,23:22:41.799,0,27,226,7138,64
50.355,23:22:41.800,0,27,244,7156,64
50.355,23:22:41.800,0,28,40,7208,65
50.355,23:22:41.800,0,28,10,7178,65
50.355,23:22:41.801,0,27,234,7146,65
51.006,23:22:42.449,0,28,4,7172,66
51.006,23:22:42.449,0,27,248,7160,66
51.006,23:22:42.450,0,27,224,7136,66
51.006,23:22:42.450,0,27,218,7130,67
51.006,23:22:42.450,0,27,228,7140,67
51.006,23:22:42.452,0,27,150,7062,67
51.006,23:22:42.452,0,27,220,7132,68
51.006,23:22:42.452,0,27,226,7138,68
51.006,23:22:42.453,0,27,208,7120,68
51.006,23:22:42.453,0,27,250,7162,68
51.607,23:22:43.049,0,28,22,7190,68
51.607,23:22:43.050,0,27,246,7158,69
51.607,23:22:43.050,0,28,18,7186,69
51.607,23:22:43.050,0,27,246,7158,69
51.607,23:22:43.052,0,27,166,7078,70
51.607,23:22:43.052,0,27,154,7066,70
51.607,23:22:43.052,0,27,144,7056,71
51.607,23:22:43.053,0,27,104,7016,71
51.607,23:22:43.053,0,27,126,7038,71
52.209,23:22:43.651,0,27,128,7040,71
52.209,23:22:43.652,0,27,90,7002,71
52.209,23:22:43.652,0,27,152,7064,71
52.209,23:22:43.652,0,27,176,7088,72
52.209,23:22:43.653,0,27,126,7038,72
52.209,23:22:43.653,0,27,118,7030,72
52.209,23:22:43.653,0,27,36,6948,72
52.209,23:22:43.653,0,27,62,6974,73
52.209,23:22:43.654,0,27,114,7026,73
52.209,23:22:43.654,0,27,84,6996,73
52.209,23:22:43.655,0,27,132,7044,73
52.209,23:22:43.655,0,27,236,7148,74
52.823,23:22:44.266,0,28,150,7318,74
52.823,23:22:44.267,0,28,216,7384,74
52.823,23:22:44.267,0,29,150,7574,74
52.823,23:22:44.267,0,30,72,7752,75
52.823,23:22:44.268,0,30,152,7832,75
52.823,23:22:44.268,0,31,96,8032,75
52.823,23:22:44.268,0,32,34,8226,75
52.823,23:22:44.268,0,32,124,8316,76
52.823,23:22:44.269,0,33,104,8552,76
52.823,23:22:44.269,0,34,70,8774,76
52.823,23:22:44.269,0,35,8,8968,76
52.823,23:22:44.270,0,35,188,9148,77
53.440,23:22:44.883,0,36,168,9384,77
53.440,23:22:44.884,0,37,148,9620,77
53.440,23:22:44.884,0,38,176,9904,77
53.440,23:22:44.884,0,39,218,10202,78
53.440,23:22:44.885,0,39,162,10146,78
53.440,23:22:44.885,0,38,128,9856,79
53.440,23:22:44.885,0,38,58,9786,79
53.440,23:22:44.886,0,37,204,9676,80
53.440,23:22:44.886,0,37,118,9590,80
53.440,23:22:44.886,0,37,4,9476,80
53.440,23:22:44.886,0,36,244,9460,81
54.054,23:22:45.497,0,36,254,9470,81
54.054,23:22:45.497,0,36,176,9392,81
54.054,23:22:45.498,0,36,86,9302,81
54.054,23:22:45.498,0,34,142,8846,82
54.054,23:22:45.498,0,34,58,8762,82
54.054,23:22:45.499,0,34,44,8748,83
54.054,23:22:45.499,0,33,204,8652,83
54.054,23:22:45.499,0,33,118,8566,83
54.054,23:22:45.500,0,33,16,8464,83
54.054,23:22:45.500,0,32,224,8416,84
54.054,23:22:45.500,0,32,88,8280,84
54.054,23:22:45.501,0,32,32,8224,84
54.054,23:22:45.501,0,31,108,8044,84
54.638,23:22:46.080,0,31,56,7992,85
54.638,23:22:46.082,0,30,92,7772,85
54.638,23:22:46.082,0,30,48,7728,85
54.638,23:22:46.082,0,30,0,7680,85
54.638,23:22:46.083,0,29,102,7526,86
54.638,23:22:46.083,0,29,56,7480,86
54.638,23:22:46.083,0,29,60,7484,86
54.638,23:22:46.083,0,29,32,7456,86
54.638,23:22:46.084,0,28,254,7422,87
54.638,23:22:46.084,0,28,124,7292,87
55.237,23:22:46.681,0,27,232,7144,88
55.237,23:22:46.681,0,27,170,7082,88
55.237,23:22:46.682,0,27,124,7036,88
55.237,23:22:46.682,0,27,16,6928,88
55.237,23:22:46.683,0,26,234,6890,89
55.237,23:22:46.683,0,26,50,6706,89
55.237,23:22:46.684,0,25,204,6604,89
55.237,23:22:46.684,0,25,144,6544,89
55.237,23:22:46.685,0,25,40,6440,90
55.237,23:22:46.685,0,25,10,6410,90
55.237,23:22:46.686,0,24,252,6396,90
55.867,23:22:47.309,0,25,28,6428,90
55.867,23:22:47.310,0,25,114,6514,91
55.867,23:22:47.310,0,25,220,6620,91
55.867,23:22:47.311,0,26,188,6844,91
55.867,23:22:47.311,0,27,50,6962,91
55.867,23:22:47.311,0,28,70,7238,92
55.867,23:22:47.311,0,27,230,7142,93
55.867,23:22:47.312,0,26,22,6678,93
55.867,23:22:47.312,0,25,190,6590,94
56.482,23:22:47.925,0,25,144,6544,94
56.482,23:22:47.926,0,25,130,6530,94
56.482,23:22:47.926,0,25,158,6558,95
56.482,23:22:47.926,0,25,172,6572,95
56.482,23:22:47.927,0,25,120,6520,95
56.482,23:22:47.927,0,25,60,6460,96
56.482,23:22:47.927,0,25,108,6508,96
56.482,23:22:47.928,0,25,120,6520,96
56.482,23:22:47.928,0,25,160,6560,96
56.482,23:22:47.928,0,25,108,6508,97
56.482,23:22:47.929,1,25,118,6518,97
57.037,23:22:48.481,1,25,148,6548,97
57.037,23:22:48.481,1,25,122,6522,97
57.037,23:22:48.482,1,25,84,6484,98
57.037,23:22:48.482,1,25,78,6478,98
57.037,23:22:48.483,1,25,140,6540,98
57.037,23:22:48.483,1,25,112,6512,98
57.037,23:22:48.483,1,25,46,6446,99
57.037,23:22:48.484,1,25,66,6466,99
57.037,23:22:48.484,1,25,144,6544,100
57.037,23:22:48.484,1,25,200,6600,100
57.037,23:22:48.485,1,25,96,6496,100
57.655,23:22:49.097,1,25,38,6438,100
57.655,23:22:49.099,1,25,122,6522,101
57.655,23:22:49.099,1,25,166,6566,101
57.655,23:22:49.099,1,25,104,6504,101
57.655,23:22:49.100,1,25,0,6400,101
57.655,23:22:49.100,1,25,26,6426,102
57.655,23:22:49.100,1,25,152,6552,102
57.655,23:22:49.100,1,25,144,6544,102
57.655,23:22:49.101,1,25,112,6512,102
57.655,23:22:49.101,1,25,156,6556,103
57.655,23:22:49.101,1,25,112,6512,103
57.655,23:22:49.102,1,25,24,6424,104
58.315,23:22:49.757,1,25,36,6436,104
58.315,23:22:49.759,1,25,112,6512,104
58.315,23:22:49.759,1,25,126,6526,104
58.315,23:22:49.759,1,25,104,6504,105
58.315,23:22:49.759,1,25,96,6496,105
58.315,23:22:49.760,1,25,22,6422,105
58.315,23:22:49.760,1,25,74,6474,105
58.315,23:22:49.760,1,25,146,6546,106
58.315,23:22:49.761,1,26,24,6680,106
58.315,23:22:49.761,1,26,102,6758,106
58.315,23:22:49.761,1,27,6,6918,106
58.315,23:22:49.762,1,27,108,7020,107
58.315,23:22:49.762,1,27,188,7100,107
58.315,23:22:49.762,1,27,234,7146,108
58.884,23:22:50.328,1,27,222,7134,108
58.884,23:22:50.328,1,27,194,7106,108
58.884,23:22:50.329,1,27,138,7050,108
58.884,23:22:50.329,1,27,18,6930,109
58.884,23:22:50.329,1,26,200,6856,109
58.884,23:22:50.330,1,26,156,6812,110
58.884,23:22:50.330,1,26,186,6842,110
58.884,23:22:50.330,1,27,22,6934,110
58.884,23:22:50.331,1,27,74,6986,110
58.884,23:22:50.331,1,27,168,7080,111
58.884,23:22:50.331,1,27,228,7140,111
59.485,23:22:50.928,1,28,204,7372,112
59.485,23:22:50.929,1,29,34,7458,112
59.485,23:22:50.929,1,30,6,7686,112
59.485,23:22:50.929,1,30,218,7898,112
59.485,23:22:50.929,1,31,46,7982,113
59.485,23:22:50.930,1,32,26,8218,113
59.485,23:22:50.930,1,32,222,8414,114
59.485,23:22:50.930,1,33,36,8484,114
59.485,23:22:50.931,1,33,114,8562,115
59.485,23:22:50.931,1,33,152,8600,115
59.485,23:22:50.931,1,33,172,8620,116
59.485,23:22:50.931,1,33,194,8642,116
60.084,23:22:51.526,1,33,196,8644,117
60.084,23:22:51.527,1,33,160,8608,117
60.084,23:22:51.527,1,33,176,8624,117
60.084,23:22:51.527,1,33,246,8694,117
60.084,23:22:51.527,1,34,26,8730,118
60.084,23:22:51.528,1,34,144,8848,118
60.084,23:22:51.528,1,35,14,8974,119
60.084,23:22:51.528,1,35,172,9132,119
60.084,23:22:51.530,1,36,40,9256,120
60.084,23:22:51.530,1,36,154,9370,120
60.084,23:22:51.530,1,37,16,9488,121
60.716,23:22:52.160,1,37,208,9680,122
60.716,23:22:52.160,1,38,10,9738,122
60.716,23:22:52.160,1,38,52,9780,123
60.716,23:22:52.161,1,38,142,9870,124
60.716,23:22:52.161,1,38,214,9942,124
60.716,23:22:52.162,1,39,22,10006,125
60.716,23:22:52.163,1,39,148,10132,126
60.716,23:22:52.163,1,39,158,10142,126
60.716,23:22:52.163,1,39,178,10162,127
61.314,23:22:52.757,1,39,218,10202,128
61.314,23:22:52.757,1,39,220,10204,128
61.314,23:22:52.758,1,39,244,10228,129
61.314,23:22:52.758,1,40,54,10294,130
61.314,23:22:52.758,1,40,86,10326,130
61.314,23:22:52.759,1,40,130,10370,131
61.314,23:22:52.759,1,40,184,10424,132
61.314,23:22:52.759,1,40,216,10456,132
61.314,23:22:52.760,1,40,238,10478,133
61.961,23:22:53.404,1,41,30,10526,134
61.961,23:22:53.405,1,41,82,10578,134
61.961,23:22:53.405,1,41,242,10738,135
61.961,23:22:53.405,1,42,150,10902,136
61.961,23:22:53.406,1,43,2,11010,136
61.961,23:22:53.406,1,43,42,11050,137
61.961,23:22:53.406,1,43,102,11110,139
61.961,23:22:53.406,1,43,110,11118,139
61.961,23:22:53.407,1,43,116,11124,140
61.961,23:22:53.407,1,43,122,11130,141
62.607,23:22:54.049,1,43,122,11130,141
62.607,23:22:54.049,1,43,110,11118,142
62.607,23:22:54.051,1,43,88,11096,142
62.607,23:22:54.051,1,43,92,11100,143
62.607,23:22:54.051,1,43,46,11054,143
62.607,23:22:54.052,1,43,50,11058,144
62.607,23:22:54.052,2,43,12,11020,146
62.607,23:22:54.052,2,42,226,10978,146
62.607,23:22:54.053,2,42,210,10962,147
62.607,23:22:54.053,2,42,100,10852,148
62.607,23:22:54.053,2,42,82,10834,148
63.224,23:22:54.667,2,42,36,10788,149
63.224,23:22:54.668,2,41,190,10686,150
63.224,23:22:54.669,2,41,196,10692,150
63.224,23:22:54.669,2,41,180,10676,151
63.224,23:22:54.670,2,41,156,10652,152
63.224,23:22:54.670,2,41,126,10622,152
63.224,23:22:54.670,2,41,114,10610,153
63.224,23:22:54.670,2,41,102,10598,153
63.224,23:22:54.671,2,41,58,10554,154
63.224,23:22:54.671,2,40,246,10486,154
63.839,23:22:55.282,2,40,226,10466,155
63.839,23:22:55.283,2,40,88,10328,156
63.839,23:22:55.283,2,40,64,10304,156
63.839,23:22:55.284,2,40,38,10278,157
63.839,23:22:55.284,2,40,8,10248,158
63.839,23:22:55.284,2,39,234,10218,158
63.839,23:22:55.284,2,39,224,10208,159
63.839,23:22:55.284,2,39,244,10228,159
63.839,23:22:55.285,2,39,240,10224,160
63.839,23:22:55.285,2,39,242,10226,160
63.839,23:22:55.285,2,39,242,10226,161
64.438,23:22:55.881,2,39,254,10238,161
64.438,23:22:55.882,2,40,40,10280,162
64.438,23:22:55.882,3,40,32,10272,162
64.438,23:22:55.882,3,40,30,10270,163
64.438,23:22:55.883,3,40,6,10246,164
64.438,23:22:55.883,3,40,32,10272,164
64.438,23:22:55.883,3,40,60,10300,165
64.438,23:22:55.883,3,40,90,10330,165
64.438,23:22:55.884,3,40,138,10378,166
64.438,23:22:55.884,3,40,166,10406,166
64.438,23:22:55.884,3,40,196,10436,167
65.055,23:22:56.497,3,40,210,10450,167
65.055,23:22:56.498,3,40,236,10476,168
65.055,23:22:56.498,3,40,242,10482,169
65.055,23:22:56.498,3,41,28,10524,169
65.055,23:22:56.498,3,41,44,10540,169
65.055,23:22:56.498,3,41,86,10582,169
65.055,23:22:56.498,3,41,80,10576,171
65.055,23:22:56.499,3,41,104,10600,171
65.055,23:22:56.499,3,41,186,10682,171
65.055,23:22:56.499,3,41,224,10720,171
65.055,23:22:56.499,3,42,0,10752,172
65.705,23:22:57.147,3,42,194,10946,173
65.705,23:22:57.149,3,42,228,10980,173
65.705,23:22:57.149,3,43,32,11040,174
65.705,23:22:57.149,3,43,180,11188,175
65.705,23:22:57.150,3,43,198,11206,175
65.705,23:22:57.150,3,44,6,11270,176
65.705,23:22:57.150,3,44,54,11318,176
65.705,23:22:57.151,3,44,90,11354,177
65.705,23:22:57.151,4,44,196,11460,177
65.705,23:22:57.151,4,45,16,11536,178
66.302,23:22:57.745,4,46,4,11780,179
66.302,23:22:57.746,4,46,56,11832,179
66.302,23:22:57.746,4,46,172,11948,180
66.302,23:22:57.746,4,46,252,12028,180
66.302,23:22:57.747,4,47,112,12144,182
66.302,23:22:57.747,4,47,202,12234,182
66.302,23:22:57.747,4,48,60,12348,183
66.302,23:22:57.747,4,48,252,12540,184
66.302,23:22:57.748,4,49,78,12622,184
66.302,23:22:57.748,4,49,142,12686,185
66.871,23:22:58.314,4,50,130,12930,186
66.871,23:22:58.314,4,50,214,13014,187
66.871,23:22:58.315,4,51,30,13086,187
66.871,23:22:58.315,4,51,68,13124,189
66.871,23:22:58.315,4,51,152,13208,189
66.871,23:22:58.316,4,51,248,13304,190
66.871,23:22:58.316,4,52,98,13410,190
66.871,23:22:58.316,4,52,214,13526,191
66.871,23:22:58.317,4,53,92,13660,191
66.871,23:22:58.317,5,53,200,13768,192
67.473,23:22:58.915,5,54,120,13944,193
67.473,23:22:58.916,5,54,184,14008,193
67.473,23:22:58.916,5,54,246,14070,195
67.473,23:22:58.916,5,55,76,14156,195
67.473,23:22:58.917,5,55,120,14200,196
67.473,23:22:58.917,5,55,224,14304,196
67.473,23:22:58.917,5,56,102,14438,197
67.473,23:22:58.918,5,56,202,14538,197
67.473,23:22:58.919,5,57,36,14628,199
67.473,23:22:58.919,5,57,164,14756,199
67.473,23:22:58.920,5,58,222,15070,200
68.123,23:22:59.566,5,59,250,15354,200
68.123,23:22:59.567,5,61,28,15644,202
68.123,23:22:59.567,5,61,190,15806,202
68.123,23:22:59.567,5,62,164,16036,204
68.123,23:22:59.568,5,63,58,16186,204
68.123,23:22:59.568,5,64,54,16438,206
68.123,23:22:59.568,5,64,172,16556,206
68.123,23:22:59.568,5,65,80,16720,208
68.123,23:22:59.570,5,65,178,16818,208
68.123,23:22:59.570,5,66,44,16940,210
68.123,23:22:59.570,6,66,106,17002,210
68.123,23:22:59.570,6,66,218,17114,212
68.685,23:23:00.128,6,67,132,17284,214
68.685,23:23:00.129,6,68,92,17500,214
68.685,23:23:00.129,6,68,220,17628,216
68.685,23:23:00.129,6,69,134,17798,216
68.685,23:23:00.130,6,70,2,17922,218
68.685,23:23:00.130,6,70,138,18058,218
68.685,23:23:00.130,6,71,4,18180,220
68.685,23:23:00.130,6,71,134,18310,220
68.685,23:23:00.131,6,72,10,18442,222
68.685,23:23:00.131,6,72,202,18634,222
68.685,23:23:00.131,6,73,110,18798,224
69.334,23:23:00.777,6,73,240,18928,224
69.334,23:23:00.777,6,74,118,19062,226
69.334,23:23:00.777,7,75,32,19232,226
69.334,23:23:00.778,7,75,188,19388,228
69.334,23:23:00.778,7,76,174,19630,231
69.334,23:23:00.779,7,77,46,19758,231
69.334,23:23:00.779,7,78,72,20040,233
69.334,23:23:00.779,7,78,160,20128,235
69.334,23:23:00.780,7,78,166,20134,235
69.334,23:23:00.780,7,77,208,19920,237
69.902,23:23:01.344,7,76,172,19628,240
69.902,23:23:01.345,7,75,18,19218,240
69.902,23:23:01.346,7,73,52,18740,242
69.902,23:23:01.346,7,71,220,18396,242
69.902,23:23:01.347,8,70,184,18104,245
69.902,23:23:01.347,8,66,198,17094,247
69.902,23:23:01.347,8,59,210,15314,249
69.902,23:23:01.347,8,58,72,14920,251
70.518,23:23:01.960,8,57,74,14666,251
70.518,23:23:01.962,8,56,178,14514,253
70.518,23:23:01.962,8,57,34,14626,255
70.518,23:23:01.962,8,57,36,14628,1
70.518,23:23:01.963,8,57,100,14692,1
70.518,23:23:01.963,8,57,184,14776,2
70.518,23:23:01.963,8,57,224,14816,2
70.518,23:23:01.964,8,58,62,14910,4
70.518,23:23:01.964,8,58,172,15020,4
70.518,23:23:01.964,8,59,2,15106,7
70.518,23:23:01.964,8,59,92,15196,7
71.134,23:23:02.577,8,59,166,15270,9
71.134,23:23:02.578,9,59,250,15354,9
71.134,23:23:02.578,9,60,38,15398,11
71.134,23:23:02.578,9,60,70,15430,11
71.134,23:23:02.579,9,60,104,15464,13
71.134,23:23:02.579,9,60,144,15504,13
71.134,23:23:02.579,9,61,4,15620,16
71.134,23:23:02.580,9,61,12,15628,16
71.134,23:23:02.581,9,61,52,15668,18
71.134,23:23:02.581,9,61,128,15744,18
71.134,23:23:02.581,9,61,164,15780,20
71.134,23:23:02.582,9,61,234,15850,20
71.689,23:23:03.133,9,62,28,15900,22
71.689,23:23:03.133,9,62,70,15942,22
71.689,23:23:03.134,9,62,112,15984,24
71.689,23:23:03.134,9,63,24,16152,24
71.689,23:23:03.135,9,63,172,16300,27
71.689,23:23:03.135,9,64,68,16452,27
71.689,23:23:03.136,9,64,230,16614,29
71.689,23:23:03.136,9,65,58,16698,29
71.689,23:23:03.137,10,65,132,16772,32
71.689,23:23:03.137,10,65,168,16808,32
71.689,23:23:03.138,10,65,214,16854,34
72.350,23:23:03.792,10,66,30,16926,37
72.350,23:23:03.794,10,66,72,16968,37
72.350,23:23:03.794,10,66,118,17014,40
72.350,23:23:03.794,10,66,156,17052,40
72.350,23:23:03.795,10,66,214,17110,42
72.350,23:23:03.795,10,66,218,17114,42
72.350,23:23:03.795,10,66,248,17144,44
72.350,23:23:03.795,10,67,50,17202,44
72.350,23:23:03.796,10,67,88,17240,47
72.350,23:23:03.796,10,67,154,17306,47
72.350,23:23:03.796,10,67,230,17382,50
72.350,23:23:03.796,10,68,66,17474,50
72.982,23:23:04.424,10,68,182,17590,53
72.982,23:23:04.426,11,68,244,17652,53
72.982,23:23:04.426,11,69,56,17720,55
72.982,23:23:04.426,11,69,162,17826,58
72.982,23:23:04.427,11,69,240,17904,58
72.982,23:23:04.427,11,70,54,17974,61
72.982,23:23:04.427,11,70,130,18050,61
72.982,23:23:04.427,11,70,208,18128,64
72.982,23:23:04.428,11,71,44,18220,64
72.982,23:23:04.428,11,71,128,18304,67
72.982,23:23:04.428,11,71,228,18404,67
72.982,23:23:04.429,11,72,64,18496,70
73.584,23:23:05.026,11,72,150,18582,70
73.584,23:23:05.028,11,73,124,18812,73
73.584,23:23:05.028,12,74,132,19076,76
73.584,23:23:05.028,12,75,0,19200,76
73.584,23:23:05.028,12,75,184,19384,80
73.584,23:23:05.029,12,76,92,19548,80
73.584,23:23:05.029,12,76,120,19576,83
73.584,23:23:05.029,12,77,2,19714,83
73.584,23:23:05.030,12,77,86,19798,87
73.584,23:23:05.030,12,77,224,19936,87
73.584,23:23:05.030,12,78,32,20000,90
74.154,23:23:05.597,12,78,132,20100,90
74.154,23:23:05.598,12,79,36,20260,94
74.154,23:23:05.599,12,79,128,20352,94
74.154,23:23:05.599,13,79,220,20444,98
74.154,23:23:05.599,13,80,74,20554,98
74.154,23:23:05.600,13,80,206,20686,102
74.154,23:23:05.600,13,80,234,20714,102
74.154,23:23:05.600,13,81,90,20826,106
74.154,23:23:05.600,13,81,206,20942,106
74.154,23:23:05.601,13,82,48,21040,110
74.154,23:23:05.601,13,82,126,21118,110
74.753,23:23:06.196,13,82,230,21222,114
74.753,23:23:06.197,13,83,56,21304,114
74.753,23:23:06.197,13,83,184,21432,117
74.753,23:23:06.197,14,84,32,21536,122
74.753,23:23:06.198,14,84,168,21672,122
74.753,23:23:06.198,14,85,34,21794,126
74.753,23:23:06.198,14,85,244,22004,130
74.753,23:23:06.199,14,86,22,22038,130
74.753,23:23:06.199,14,86,110,22126,134
74.753,23:23:06.199,14,87,12,22284,134
75.324,23:23:06.766,14,87,78,22350,138
75.324,23:23:06.767,15,88,112,22640,142
75.324,23:23:06.767,15,88,176,22704,146
75.324,23:23:06.767,15,88,242,22770,146
75.324,23:23:06.767,15,89,226,23010,150
75.324,23:23:06.768,15,90,50,23090,154
75.324,23:23:06.768,15,90,152,23192,154
75.324,23:23:06.768,15,90,140,23180,159
75.924,23:23:07.366,16,90,226,23266,163
75.924,23:23:07.367,16,91,186,23482,168
75.924,23:23:07.367,16,91,200,23496,168
75.924,23:23:07.368,16,91,190,23486,168
75.924,23:23:07.368,16,89,192,22976,176
75.924,23:23:07.368,16,86,186,22202,176
75.924,23:23:07.368,16,84,50,21554,176
75.924,23:23:07.368,16,81,128,20864,179
76.523,23:23:07.966,16,81,12,20748,181
76.523,23:23:07.967,16,82,106,21098,181
76.523,23:23:07.968,16,83,96,21344,182
76.523,23:23:07.968,16,82,162,21154,183
76.523,23:23:07.968,16,81,168,20904,183
76.523,23:23:07.969,16,82,6,20998,184
76.523,23:23:07.969,16,81,180,20916,184
76.523,23:23:07.969,16,80,252,20732,184
77.139,23:23:08.581,16,80,132,20612,184
77.139,23:23:08.583,16,80,88,20568,184
77.139,23:23:08.583,16,79,240,20464,184
77.139,23:23:08.583,16,79,98,20322,184
77.139,23:23:08.584,16,79,12,20236,184
77.139,23:23:08.584,16,79,22,20246,184
77.139,23:23:08.584,16,78,110,20078,184
77.139,23:23:08.585,16,78,46,20014,184
77.139,23:23:08.585,16,78,16,19984,184
77.139,23:23:08.585,16,77,128,19840,184
77.139,23:23:08.586,16,77,34,19746,184
77.139,23:23:08.586,16,76,230,19686,184
77.804,23:23:09.247,16,76,124,19580,184
77.804,23:23:09.248,16,76,102,19558,184
77.804,23:23:09.248,15,75,186,19386,184
77.804,23:23:09.248,15,75,80,19280,184
77.804,23:23:09.249,15,75,120,19320,184
77.804,23:23:09.249,15,74,102,19046,184
77.804,23:23:09.249,15,74,58,19002,184
77.804,23:23:09.249,15,74,36,18980,184
77.804,23:23:09.250,15,73,184,18872,184
77.804,23:23:09.250,15,73,126,18814,184
77.804,23:23:09.250,15,73,82,18770,184
78.373,23:23:09.815,15,72,208,18640,184
78.373,23:23:09.817,15,72,138,18570,184
78.373,23:23:09.817,15,72,106,18538,184
78.373,23:23:09.817,15,71,172,18348,184
78.373,23:23:09.818,15,71,102,18278,184
78.373,23:23:09.818,14,71,72,18248,184
78.373,23:23:09.818,14,70,254,18174,184
78.373,23:23:09.818,14,70,162,18082,184
78.373,23:23:09.819,14,70,52,17972,184
78.927,23:23:10.370,14,69,168,17832,184
78.927,23:23:10.371,14,69,132,17796,184
78.927,23:23:10.371,14,69,130,17794,184
78.927,23:23:10.371,14,68,170,17578,184
78.927,23:23:10.371,14,68,152,17560,184
78.927,23:23:10.372,14,68,116,17524,184
78.927,23:23:10.372,14,67,190,17342,184
78.927,23:23:10.372,14,67,142,17294,184
78.927,23:23:10.373,14,67,184,17336,184
79.495,23:23:10.938,14,66,178,17074,184
79.495,23:23:10.939,14,66,144,17040,184
79.495,23:23:10.939,13,66,162,17058,184
79.495,23:23:10.939,13,65,170,16810,184
79.495,23:23:10.940,13,65,138,16778,184
79.495,23:23:10.940,13,65,136,16776,184
79.495,23:23:10.940,13,64,82,16466,184
79.495,23:23:10.941,13,64,110,16494,184
79.495,23:23:10.941,13,64,116,16500,184
80.142,23:23:11.585,13,63,80,16208,184
80.142,23:23:11.586,13,63,96,16224,184
80.142,23:23:11.586,13,63,52,16180,184
80.142,23:23:11.586,13,62,162,16034,184
80.142,23:23:11.587,13,62,38,15910,184
80.142,23:23:11.587,13,62,70,15942,184
80.142,23:23:11.587,13,61,252,15868,184
80.142,23:23:11.587,12,61,26,15642,184
80.142,23:23:11.588,12,61,30,15646,184
80.142,23:23:11.588,12,60,222,15582,184
80.142,23:23:11.588,12,59,210,15314,184
80.759,23:23:12.202,12,59,246,15350,184
80.759,23:23:12.203,12,59,136,15240,184
80.759,23:23:12.203,12,58,224,15072,184
80.759,23:23:12.203,12,58,90,14938,184
80.759,23:23:12.204,12,58,88,14936,184
80.759,23:23:12.204,12,58,10,14858,184
80.759,23:23:12.204,12,57,52,14644,184
80.759,23:23:12.205,12,56,174,14510,184
80.759,23:23:12.205,12,56,144,14480,184
80.759,23:23:12.205,12,56,110,14446,184
80.759,23:23:12.207,11,55,166,14246,184
80.759,23:23:12.207,11,54,252,14076,184
81.363,23:23:12.806,11,54,150,13974,184
81.363,23:23:12.807,11,54,104,13928,184
81.363,23:23:12.807,11,53,10,13578,184
81.363,23:23:12.807,11,52,158,13470,184
81.363,23:23:12.807,11,52,14,13326,184
81.363,23:23:12.808,11,51,184,13240,184
81.363,23:23:12.808,11,50,244,13044,184
81.363,23:23:12.808,11,50,70,12870,184
81.363,23:23:12.809,10,49,166,12710,184
82.026,23:23:13.469,10,48,80,12368,184
82.026,23:23:13.470,10,47,146,12178,184
82.026,23:23:13.470,10,46,180,11956,184
82.026,23:23:13.470,10,46,92,11868,184
82.026,23:23:13.471,10,44,102,11366,184
82.026,23:23:13.471,10,39,250,10234,184
82.026,23:23:13.471,10,36,196,9412,184
82.026,23:23:13.471,9,35,22,8982,184
82.026,23:23:13.472,9,33,148,8596,184
82.026,23:23:13.472,9,33,254,8702,184
82.026,23:23:13.472,9,36,28,9244,184
82.644,23:23:14.087,9,36,162,9378,184
82.644,23:23:14.088,9,36,232,9448,185
82.644,23:23:14.088,9,36,178,9394,185
82.644,23:23:14.088,8,36,114,9330,186
82.644,23:23:14.089,8,36,14,9230,186
82.644,23:23:14.089,8,35,190,9150,186
82.644,23:23:14.089,8,35,84,9044,187
82.644,23:23:14.090,8,34,212,8916,187
82.644,23:23:14.090,8,34,100,8804,188
82.644,23:23:14.090,8,34,18,8722,188
82.644,23:23:14.091,7,33,180,8628,188
83.261,23:23:14.704,7,33,156,8604,188
83.261,23:23:14.705,7,33,36,8484,189
83.261,23:23:14.705,7,32,148,8340,189
83.261,23:23:14.706,7,32,32,8224,189
83.261,23:23:14.707,7,31,246,8182,189
83.261,23:23:14.707,7,31,78,8014,189
83.261,23:23:14.707,7,30,200,7880,189
83.261,23:23:14.707,7,30,168,7848,190
83.261,23:23:14.708,6,30,36,7716,190
83.261,23:23:14.708,6,29,178,7602,190
83.261,23:23:14.708,6,29,86,7510,190
83.261,23:23:14.709,6,28,142,7310,191
83.261,23:23:14.709,6,28,68,7236,191
83.906,23:23:15.348,6,27,160,7072,191
83.906,23:23:15.349,6,27,116,7028,191
83.906,23:23:15.349,6,27,30,6942,192
83.906,23:23:15.349,6,26,234,6890,192
83.906,23:23:15.350,5,26,52,6708,192
83.906,23:23:15.350,5,25,216,6616,192
83.906,23:23:15.350,5,25,144,6544,193
83.906,23:23:15.350,5,25,60,6460,193
83.906,23:23:15.351,5,24,190,6334,193
83.906,23:23:15.351,4,24,84,6228,193
84.506,23:23:15.948,4,23,200,6088,194
84.506,23:23:15.949,4,23,234,6122,194
84.506,23:23:15.949,4,24,46,6190,194
84.506,23:23:15.949,4,24,200,6344,195
84.506,23:23:15.949,3,26,214,6870,195
84.506,23:23:15.950,3,27,98,7010,197
84.506,23:23:15.950,3,25,142,6542,197
85.169,23:23:16.612,2,24,96,6240,198
85.169,23:23:16.613,2,24,26,6170,198
85.169,23:23:16.613,2,23,196,6084,198
85.169,23:23:16.613,2,23,138,6026,198
85.169,23:23:16.614,2,23,186,6074,199
85.169,23:23:16.614,2,23,216,6104,199
85.169,23:23:16.614,2,23,236,6124,199
85.169,23:23:16.614,1,24,22,6166,199
85.169,23:23:16.615,1,24,156,6300,200
85.169,23:23:16.615,1,24,206,6350,200
85.169,23:23:16.615,1,25,38,6438,200
85.169,23:23:16.616,1,26,38,6694,200
85.772,23:23:17.214,1,26,154,6810,201
85.772,23:23:17.215,1,26,244,6900,201
85.772,23:23:17.215,1,27,34,6946,201
85.772,23:23:17.215,1,27,6,6918,201
85.772,23:23:17.217,1,27,12,6924,202
85.772,23:23:17.217,1,27,34,6946,202
85.772,23:23:17.217,0,26,200,6856,202
85.772,23:23:17.218,0,26,180,6836,202
85.772,23:23:17.218,0,26,222,6878,203
85.772,23:23:17.218,0,26,204,6860,204
85.772,23:23:17.218,0,26,238,6894,204
86.341,23:23:17.783,0,27,2,6914,204
86.341,23:23:17.785,0,26,224,6880,204
86.341,23:23:17.785,0,26,180,6836,205
86.341,23:23:17.786,0,26,208,6864,205
86.341,23:23:17.786,0,26,232,6888,205
86.341,23:23:17.786,0,27,10,6922,206
86.341,23:23:17.786,0,27,46,6958,206
86.341,23:23:17.787,0,27,12,6924,206
86.341,23:23:17.787,0,27,38,6950,206
86.341,23:23:17.787,0,27,38,6950,207
86.895,23:23:18.338,0,27,8,6920,207
86.895,23:23:18.338,0,27,8,6920,207
86.895,23:23:18.338,0,27,10,6922,207
86.895,23:23:18.339,0,27,40,6952,208
86.895,23:23:18.339,0,27,62,6974,208
86.895,23:23:18.339,0,27,28,6940,209
86.895,23:23:18.340,0,27,56,6968,209
86.895,23:23:18.340,0,27,40,6952,209
86.895,23:23:18.340,0,27,10,6922,209
86.895,23:23:18.341,0,27,30,6942,210
86.895,23:23:18.341,0,27,16,6928,210
87.479,23:23:18.921,0,26,228,6884,210
87.479,23:23:18.923,0,27,0,6912,210
87.479,23:23:18.923,0,26,246,6902,211
87.479,23:23:18.923,0,26,244,6900,211
87.479,23:23:18.924,0,27,18,6930,212
87.479,23:23:18.924,0,26,184,6840,212
87.479,23:23:18.924,0,26,192,6848,212
87.479,23:23:18.925,0,26,206,6862,212
87.479,23:23:18.926,0,26,202,6858,212
87.479,23:23:18.926,0,26,234,6890,212
87.479,23:23:18.926,0,26,250,6906,213
87.479,23:23:18.926,0,26,244,6900,213
88.126,23:23:19.569,0,26,228,6884,214
88.126,23:23:19.570,0,26,218,6874,214
88.126,23:23:19.570,0,27,4,6916,214
88.126,23:23:19.570,0,27,34,6946,214
88.126,23:23:19.570,0,26,242,6898,215
88.126,23:23:19.571,0,26,166,6822,215
88.126,23:23:19.571,0,26,154,6810,215
88.126,23:23:19.571,0,26,196,6852,216
88.126,23:23:19.572,0,26,204,6860,216
88.126,23:23:19.572,0,26,210,6866,216
88.126,23:23:19.572,0,26,232,6888,216
88.126,23:23:19.572,0,26,182,6838,217
88.771,23:23:20.214,0,26,172,6828,217
88.771,23:23:20.215,0,26,212,6868,217
88.771,23:23:20.215,0,26,220,6876,217
88.771,23:23:20.215,0,27,24,6936,218
88.771,23:23:20.216,0,27,40,6952,218
88.771,23:23:20.216,0,26,194,6850,219
88.771,23:23:20.216,0,26,156,6812,219
88.771,23:23:20.216,0,26,156,6812,219
88.771,23:23:20.217,0,26,170,6826,220
88.771,23:23:20.217,0,26,192,6848,220
88.771,23:23:20.217,0,26,166,6822,220
89.341,23:23:20.783,0,26,132,6788,221
89.341,23:23:20.783,0,26,144,6800,221
89.341,23:23:20.783,0,26,148,6804,221
89.341,23:23:20.783,0,26,154,6810,222
89.341,23:23:20.785,0,26,190,6846,222
89.341,23:23:20.785,0,26,190,6846,222
89.341,23:23:20.785,0,26,176,6832,223
89.341,23:23:20.785,0,26,94,6750,223
89.990,23:23:21.433,0,26,118,6774,223
89.990,23:23:21.434,0,26,102,6758,224
89.990,23:23:21.434,0,26,190,6846,225
89.990,23:23:21.434,0,26,164,6820,225
89.990,23:23:21.435,0,26,160,6816,225
89.990,23:23:21.435,0,26,112,6768,225
89.990,23:23:21.435,0,26,114,6770,225
89.990,23:23:21.435,0,26,120,6776,226
89.990,23:23:21.436,0,26,148,6804,227
89.990,23:23:21.436,0,26,108,6764,227
90.603,23:23:22.046,0,26,136,6792,227
90.603,23:23:22.046,0,26,220,6876,227
90.603,23:23:22.046,0,26,240,6896,228
90.603,23:23:22.047,0,26,224,6880,228
90.603,23:23:22.047,0,26,168,6824,228
90.603,23:23:22.047,0,26,172,6828,228
90.603,23:23:22.048,0,26,180,6836,229
90.603,23:23:22.048,0,26,150,6806,229
90.603,23:23:22.048,0,26,112,6768,229
90.603,23:23:22.049,0,26,120,6776,229
90.603,23:23:22.049,0,26,162,6818,230
90.603,23:23:22.049,0,26,184,6840,230
91.203,23:23:22.646,0,26,232,6888,230
91.203,23:23:22.647,0,29,40,7464,231
91.203,23:23:22.647,0,30,164,7844,231
91.203,23:23:22.647,0,34,156,8860,232
91.203,23:23:22.648,0,41,136,10632,233
91.203,23:23:22.648,0,45,104,11624,233
91.203,23:23:22.648,0,47,138,12170,235
91.203,23:23:22.648,0,50,234,13034,236
91.203,23:23:22.649,0,52,88,13400,236
91.848,23:23:23.291,0,53,12,13580,238
91.848,23:23:23.292,0,54,40,13864,242
91.848,23:23:23.292,0,54,50,13874,242
91.848,23:23:23.292,1,54,124,13948,244
91.848,23:23:23.293,1,54,142,13966,244
91.848,23:23:23.293,1,54,212,14036,245
91.848,23:23:23.293,1,54,154,13978,247
91.848,23:23:23.294,1,54,82,13906,247
91.848,23:23:23.294,2,53,136,13704,249
92.538,23:23:23.982,2,51,120,13176,251
92.538,23:23:23.982,2,50,210,13010,251
92.538,23:23:23.982,2,50,30,12830,253
92.538,23:23:23.983,2,49,132,12676,254
92.538,23:23:23.983,3,49,54,12598,254
92.538,23:23:23.983,3,48,254,12542,0
92.538,23:23:23.984,3,49,18,12562,0
92.538,23:23:23.984,3,49,134,12678,1
92.538,23:23:23.984,3,49,162,12706,1
92.538,23:23:23.985,3,49,252,12796,2
92.538,23:23:23.985,3,50,152,12952,4
93.154,23:23:24.597,4,50,208,13008,4
93.154,23:23:24.598,4,51,102,13158,5
93.154,23:23:24.598,4,52,158,13470,7
93.154,23:23:24.598,4,52,252,13564,7
93.154,23:23:24.599,4,53,166,13734,8
93.154,23:23:24.599,4,54,38,13862,8
93.154,23:23:24.599,4,54,166,13990,10
93.154,23:23:24.599,4,55,214,14294,11
93.154,23:23:24.600,4,56,62,14398,13
93.154,23:23:24.600,5,56,198,14534,13
93.708,23:23:25.151,5,57,112,14704,15
93.708,23:23:25.152,5,57,236,14828,15
93.708,23:23:25.152,5,58,230,15078,16
93.708,23:23:25.152,5,58,100,14948,18
93.708,23:23:25.153,5,57,236,14828,18
93.708,23:23:25.153,5,57,220,14812,19
93.708,23:23:25.153,5,58,122,14970,21
93.708,23:23:25.154,5,58,212,15060,21
94.324,23:23:25.767,5,59,124,15228,22
94.324,23:23:25.768,5,59,206,15310,23
94.324,23:23:25.768,5,60,40,15400,23
94.324,23:23:25.768,5,60,126,15486,25
94.324,23:23:25.769,5,60,222,15582,25
94.324,23:23:25.769,6,61,90,15706,26
94.324,23:23:25.769,6,61,162,15778,26
94.324,23:23:25.770,6,60,226,15586,27
94.324,23:23:25.770,6,60,100,15460,29
94.324,23:23:25.770,6,59,48,15152,29
94.324,23:23:25.772,6,58,50,14898,30
94.895,23:23:26.338,6,56,152,14488,30
94.895,23:23:26.339,6,54,66,13890,31
94.895,23:23:26.339,6,48,244,12532,31
94.895,23:23:26.339,6,45,214,11734,32
94.895,23:23:26.341,6,43,212,11220,32
94.895,23:23:26.341,6,39,246,10230,32
94.895,23:23:26.341,6,37,8,9480,32
94.895,23:23:26.342,6,33,250,8698,33
94.895,23:23:26.342,6,32,126,8318,33
94.895,23:23:26.342,6,31,150,8086,33
95.495,23:23:26.938,6,31,86,8022,34
95.495,23:23:26.939,6,30,254,7934,34
95.495,23:23:26.939,6,30,186,7866,34
95.495,23:23:26.939,6,30,166,7846,34
95.495,23:23:26.939,6,30,160,7840,34
95.495,23:23:26.940,6,30,168,7848,34
95.495,23:23:26.940,6,30,180,7860,35
95.495,23:23:26.940,6,30,182,7862,35
95.495,23:23:26.940,6,30,188,7868,35
95.495,23:23:26.941,6,30,218,7898,35
95.495,23:23:26.941,6,30,194,7874,36
95.495,23:23:26.941,6,30,182,7862,36
96.094,23:23:27.537,6,30,140,7820,36
96.094,23:23:27.538,6,30,86,7766,36
96.094,23:23:27.538,6,30,100,7780,36
96.094,23:23:27.538,6,30,90,7770,36
96.094,23:23:27.539,6,30,94,7774,37
96.094,23:23:27.539,6,30,128,7808,37
96.094,23:23:27.539,6,30,162,7842,37
96.094,23:23:27.539,6,30,226,7906,37
96.094,23:23:27.540,6,31,6,7942,38
96.094,23:23:27.540,6,31,34,7970,38
96.094,23:23:27.540,6,31,84,8020,38
96.094,23:23:27.541,6,31,102,8038,38
96.648,23:23:28.091,6,31,90,8026,39
96.648,23:23:28.093,6,31,82,8018,39
96.648,23:23:28.093,6,31,90,8026,39
96.648,23:23:28.094,6,31,106,8042,40
96.648,23:23:28.094,6,31,32,7968,40
96.648,23:23:28.094,6,31,30,7966,40
96.648,23:23:28.095,6,31,4,7940,41
96.648,23:23:28.095,6,31,26,7962,41
96.648,23:23:28.095,6,30,236,7916,41
97.325,23:23:28.768,6,30,126,7806,41
97.325,23:23:28.769,6,30,72,7752,42
97.325,23:23:28.769,6,29,110,7534,42
97.325,23:23:28.769,6,28,2,7170,43
97.325,23:23:28.770,5,27,148,7060,43
97.325,23:23:28.770,5,27,88,7000,43
97.325,23:23:28.770,5,26,136,6792,43
97.325,23:23:28.771,5,26,22,6678,43
97.325,23:23:28.771,5,25,228,6628,43
97.325,23:23:28.771,5,26,2,6658,44
97.325,23:23:28.772,5,26,26,6682,44
97.325,23:23:28.772,5,25,242,6642,44
97.972,23:23:29.415,5,25,240,6640,44
97.972,23:23:29.416,5,25,218,6618,45
97.972,23:23:29.416,5,25,140,6540,45
97.972,23:23:29.416,5,25,124,6524,45
97.972,23:23:29.417,5,25,140,6540,45
97.972,23:23:29.417,5,25,128,6528,45
97.972,23:23:29.417,5,25,114,6514,46
97.972,23:23:29.417,5,25,124,6524,46
97.972,23:23:29.418,5,25,162,6562,46
97.972,23:23:29.418,5,25,182,6582,46
97.972,23:23:29.418,5,25,232,6632,47
97.972,23:23:29.419,5,26,18,6674,47
98.541,23:23:29.983,5,26,156,6812,47
98.541,23:23:29.985,5,26,232,6888,47
98.541,23:23:29.985,5,27,112,7024,47
98.541,23:23:29.985,5,27,202,7114,47
98.541,23:23:29.986,5,28,206,7374,48
98.541,23:23:29.986,5,29,250,7674,48
98.541,23:23:29.986,5,32,252,8444,49
99.176,23:23:30.619,5,34,20,8724,50
99.176,23:23:30.619,5,34,230,8934,51
99.176,23:23:30.619,5,35,228,9188,51
99.176,23:23:30.620,5,37,0,9472,52
99.176,23:23:30.620,5,38,48,9776,52
99.176,23:23:30.620,5,39,92,10076,53
99.176,23:23:30.621,5,40,174,10414,53
99.176,23:23:30.621,5,41,216,10712,54
99.176,23:23:30.621,5,42,254,11006,54
99.176,23:23:30.622,5,44,170,11434,55
99.176,23:23:30.622,5,45,220,11740,55
99.176,23:23:30.622,5,47,22,12054,56
99.176,23:23:30.623,5,48,32,12320,56
99.853,23:23:31.296,5,49,108,12652,58
99.853,23:23:31.297,5,50,132,12932,58
99.853,23:23:31.297,5,51,74,13130,60
99.853,23:23:31.297,5,51,214,13270,60
99.853,23:23:31.298,5,52,76,13388,62
99.853,23:23:31.298,5,52,146,13458,62
99.853,23:23:31.298,5,52,224,13536,63
99.853,23:23:31.298,5,53,28,13596,63
99.853,23:23:31.299,5,53,34,13602,65
99.853,23:23:31.299,5,53,6,13574,65
99.853,23:23:31.299,5,53,10,13578,67
99.853,23:23:31.300,5,52,236,13548,67
99.853,23:23:31.300,5,52,234,13546,69
100.453,23:23:31.896,5,52,240,13552,69
100.453,23:23:31.897,6,53,2,13570,70
100.453,23:23:31.897,6,53,24,13592,70
100.453,23:23:31.897,6,53,28,13596,72
100.453,23:23:31.897,6,53,28,13596,72
100.453,23:23:31.897,6,53,16,13584,74
100.453,23:23:31.898,6,53,14,13582,74
100.453,23:23:31.898,6,53,14,13582,75
100.453,23:23:31.898,6,53,60,13628,75
100.453,23:23:31.898,6,53,92,13660,77
100.453,23:23:31.899,6,53,108,13676,77
100.453,23:23:31.899,6,53,140,13708,79
101.070,23:23:32.512,6,53,198,13766,81
101.070,23:23:32.513,6,53,244,13812,81
101.070,23:23:32.513,6,53,254,13822,83
101.070,23:23:32.514,6,54,32,13856,83
101.070,23:23:32.514,7,54,60,13884,85
101.070,23:23:32.514,7,54,128,13952,85
101.070,23:23:32.514,7,54,110,13934,86
101.070,23:23:32.515,7,54,158,13982,86
101.070,23:23:32.515,7,54,252,14076,88
101.070,23:23:32.515,7,55,20,14100,88
101.070,23:23:32.515,7,55,108,14188,90
101.070,23:23:32.517,7,55,174,14254,90
101.733,23:23:33.175,7,55,226,14306,92
101.733,23:23:33.176,7,56,24,14360,92
101.733,23:23:33.176,7,56,44,14380,94
101.733,23:23:33.176,7,56,164,14500,96
101.733,23:23:33.177,7,56,212,14548,96
101.733,23:23:33.177,7,57,4,14596,98
101.733,23:23:33.177,7,57,54,14646,100
101.733,23:23:33.177,7,57,116,14708,100
101.733,23:23:33.179,8,57,142,14734,102
101.733,23:23:33.179,8,57,164,14756,102
101.733,23:23:33.179,8,57,230,14822,104
102.399,23:23:33.841,8,57,238,14830,104
102.399,23:23:33.842,8,58,56,14904,106
102.399,23:23:33.842,8,58,158,15006,108
102.399,23:23:33.842,8,59,8,15112,108
102.399,23:23:33.843,8,59,98,15202,110
102.399,23:23:33.843,8,59,140,15244,110
102.399,23:23:33.843,8,59,172,15276,112
102.399,23:23:33.843,8,59,176,15280,112
102.399,23:23:33.844,8,59,222,15326,115
102.399,23:23:33.844,9,60,232,15592,117
102.399,23:23:33.844,9,61,128,15744,117
103.000,23:23:34.444,9,62,26,15898,119
103.000,23:23:34.444,9,62,168,16040,122
103.000,23:23:34.444,9,63,72,16200,122
103.000,23:23:34.445,9,63,144,16272,124
103.000,23:23:34.446,9,63,238,16366,124
103.000,23:23:34.446,9,64,98,16482,127
103.000,23:23:34.447,9,64,170,16554,127
103.000,23:23:34.447,9,65,2,16642,129
103.000,23:23:34.447,10,65,106,16746,131
103.000,23:23:34.447,10,65,242,16882,131
103.621,23:23:35.063,10,66,108,17004,134
103.621,23:23:35.065,10,66,240,17136,134
103.621,23:23:35.065,10,67,106,17258,137
103.621,23:23:35.065,10,68,6,17414,137
103.621,23:23:35.065,10,68,190,17598,140
103.621,23:23:35.066,10,70,16,17936,143
103.621,23:23:35.066,10,70,158,18078,143
103.621,23:23:35.066,10,70,252,18172,146
103.621,23:23:35.067,11,72,0,18432,149
103.621,23:23:35.067,11,72,120,18552,149
104.253,23:23:35.696,11,72,242,18674,152
104.253,23:23:35.697,11,73,182,18870,156
104.253,23:23:35.697,11,74,46,18990,159
104.253,23:23:35.697,11,74,174,19118,163
104.253,23:23:35.698,11,74,232,19176,163
104.253,23:23:35.698,11,75,68,19268,166
104.253,23:23:35.698,12,76,34,19490,169
104.253,23:23:35.699,12,76,218,19674,169
104.253,23:23:35.699,12,77,122,19834,173
104.853,23:23:36.297,12,78,162,20130,177
104.853,23:23:36.297,12,78,212,20180,177
104.853,23:23:36.297,12,79,88,20312,180
104.853,23:23:36.298,13,79,242,20466,184
104.853,23:23:36.298,13,80,112,20592,184
104.853,23:23:36.298,13,80,238,20718,188
104.853,23:23:36.299,13,81,210,20946,192
104.853,23:23:36.299,13,82,68,21060,192
104.853,23:23:36.299,13,82,204,21196,196
105.440,23:23:36.883,13,83,56,21304,200
105.440,23:23:36.884,13,83,212,21460,200
105.440,23:23:36.884,13,84,108,21612,204
105.440,23:23:36.885,14,84,224,21728,204
105.440,23:23:36.885,14,85,54,21814,208
105.440,23:23:36.886,14,85,192,21952,208
105.440,23:23:36.886,14,86,4,22020,213
105.440,23:23:36.886,14,86,254,22270,217
105.440,23:23:36.887,14,87,116,22388,217
105.440,23:23:36.887,14,87,138,22410,221
106.009,23:23:37.452,14,88,48,22576,221
106.009,23:23:37.453,15,88,186,22714,225
106.009,23:23:37.453,15,88,238,22766,225
106.009,23:23:37.453,15,89,80,22864,229
106.009,23:23:37.454,15,90,88,23128,234
106.009,23:23:37.454,15,90,104,23144,234
106.009,23:23:37.454,15,90,218,23258,238
106.009,23:23:37.455,15,91,146,23442,238
106.009,23:23:37.455,15,91,242,23538,242
106.009,23:23:37.455,15,92,112,23664,242
106.641,23:23:38.084,16,92,180,23732,247
106.641,23:23:38.085,16,93,88,23896,251
106.641,23:23:38.085,16,94,0,24064,251
106.641,23:23:38.085,16,94,146,24210,0
106.641,23:23:38.086,16,95,20,24340,0
106.641,23:23:38.086,16,95,184,24504,4
106.641,23:23:38.087,16,95,218,24538,8
106.641,23:23:38.087,16,96,0,24576,8
106.641,23:23:38.087,17,95,244,24564,13
106.641,23:23:38.088,17,95,242,24562,13
107.259,23:23:38.702,17,96,138,24714,17
107.259,23:23:38.703,17,97,62,24894,22
107.259,23:23:38.703,17,97,74,24906,22
107.259,23:23:38.704,17,97,122,24954,26
107.259,23:23:38.704,17,97,138,24970,26
107.259,23:23:38.704,17,97,138,24970,31
107.259,23:23:38.705,17,97,224,25056,31
107.259,23:23:38.705,18,98,18,25106,35
107.259,23:23:38.705,18,97,234,25066,35
107.259,23:23:38.706,18,97,228,25060,40
107.259,23:23:38.706,18,97,232,25064,40
107.259,23:23:38.706,18,97,236,25068,40
107.920,23:23:39.363,18,98,10,25098,40
107.920,23:23:39.364,18,98,38,25126,44
107.920,23:23:39.364,18,98,16,25104,44
107.920,23:23:39.364,18,97,178,25010,49
107.920,23:23:39.365,18,97,88,24920,49
107.920,23:23:39.365,19,97,252,25084,54
107.920,23:23:39.365,19,98,102,25190,54
107.920,23:23:39.366,19,98,204,25292,58
107.920,23:23:39.366,19,98,214,25302,63
107.920,23:23:39.366,19,99,182,25526,63
107.920,23:23:39.367,19,100,74,25674,68
108.518,23:23:39.961,19,101,62,25918,72
108.518,23:23:39.962,20,101,76,25932,72
108.518,23:23:39.962,20,101,212,26068,77
108.518,23:23:39.962,20,102,154,26266,77
108.518,23:23:39.963,20,103,106,26474,82
108.518,23:23:39.963,20,103,218,26586,82
108.518,23:23:39.963,20,104,24,26648,86
108.518,23:23:39.964,20,104,200,26824,86
108.518,23:23:39.964,20,105,62,26942,91
108.518,23:23:39.964,20,105,138,27018,91
108.518,23:23:39.964,20,106,64,27200,97
108.518,23:23:39.965,21,106,158,27294,97
109.090,23:23:40.532,21,107,162,27554,101
109.090,23:23:40.532,21,107,232,27624,101
109.090,23:23:40.533,21,108,24,27672,106
109.090,23:23:40.533,21,108,144,27792,106
109.090,23:23:40.533,21,109,94,27998,111
109.090,23:23:40.534,21,110,74,28234,111
109.090,23:23:40.534,21,110,158,28318,116
109.090,23:23:40.534,21,110,236,28396,116
109.090,23:23:40.535,22,111,28,28444,121
109.090,23:23:40.535,22,111,166,28582,121
109.090,23:23:40.535,22,111,200,28616,127
109.753,23:23:41.195,22,112,206,28878,127
109.753,23:23:41.196,22,113,172,29100,132
109.753,23:23:41.196,22,114,16,29200,132
109.753,23:23:41.197,22,114,90,29274,137
109.753,23:23:41.198,22,115,70,29510,143
109.753,23:23:41.198,22,115,252,29692,143
109.753,23:23:41.198,22,116,72,29768,149
109.753,23:23:41.199,23,116,186,29882,149
109.753,23:23:41.199,23,117,70,30022,155
109.753,23:23:41.199,23,117,178,30130,155
109.753,23:23:41.200,23,118,170,30378,161
109.753,23:23:41.200,23,118,240,30448,161
110.368,23:23:41.811,23,119,58,30522,167
110.368,23:23:41.812,23,119,254,30718,167
110.368,23:23:41.812,23,120,156,30876,173
110.368,23:23:41.812,24,121,42,31018,173
110.368,23:23:41.813,24,121,68,31044,180
110.368,23:23:41.813,24,122,50,31282,180
110.368,23:23:41.813,24,122,134,31366,186
110.368,23:23:41.813,24,123,10,31498,186
110.368,23:23:41.814,24,123,114,31602,193
110.368,23:23:41.814,24,124,68,31812,193
110.368,23:23:41.814,24,124,124,31868,200
110.368,23:23:41.815,24,125,44,32044,200
110.368,23:23:41.815,24,125,248,32248,207
110.969,23:23:42.412,25,126,32,32288,207
110.969,23:23:42.413,25,126,208,32464,215
110.969,23:23:42.413,25,127,96,32608,215
110.969,23:23:42.413,25,127,238,32750,222
110.969,23:23:42.414,25,128,144,32912,222
110.969,23:23:42.414,25,128,220,32988,230
110.969,23:23:42.414,25,129,134,33158,230
110.969,23:23:42.414,25,129,246,33270,238
110.969,23:23:42.415,25,130,242,33522,238
110.969,23:23:42.415,26,131,10,33546,245
110.969,23:23:42.415,26,132,60,33852,252
111.570,23:23:43.012,26,132,230,34022,252
111.570,23:23:43.013,26,133,130,34178,4
111.570,23:23:43.013,26,133,178,34226,4
111.570,23:23:43.014,26,134,174,34478,12
111.570,23:23:43.014,26,134,190,34494,12
111.570,23:23:43.014,26,135,142,34702,20
111.570,23:23:43.014,27,136,0,34816,20
111.570,23:23:43.015,27,136,152,34968,27
111.570,23:23:43.015,27,137,66,35138,27
111.570,23:23:43.015,27,137,166,35238,36
111.570,23:23:43.017,27,137,218,35290,36
111.570,23:23:43.017,27,138,212,35540,43
112.145,23:23:43.588,27,139,72,35656,43
112.145,23:23:43.589,27,139,112,35696,51
112.145,23:23:43.589,27,140,62,35902,51
112.145,23:23:43.589,28,140,234,36074,60
112.145,23:23:43.590,28,141,84,36180,60
112.145,23:23:43.590,28,141,172,36268,68
112.145,23:23:43.590,28,142,92,36444,68
112.145,23:23:43.591,28,142,192,36544,76
112.145,23:23:43.591,28,142,198,36550,76
112.145,23:23:43.591,28,144,20,36884,85
112.145,23:23:43.592,28,144,156,37020,85
112.714,23:23:44.157,28,145,12,37132,93
112.714,23:23:44.158,29,145,134,37254,93
112.714,23:23:44.158,29,146,76,37452,102
112.714,23:23:44.158,29,146,154,37530,102
112.714,23:23:44.159,29,146,170,37546,111
112.714,23:23:44.159,29,147,64,37696,111
112.714,23:23:44.159,29,147,238,37870,119
112.714,23:23:44.160,29,148,102,37990,119
112.714,23:23:44.160,29,148,254,38142,128
112.714,23:23:44.160,29,149,92,38236,128
112.714,23:23:44.160,30,150,48,38448,137
113.314,23:23:44.756,30,150,118,38518,137
113.314,23:23:44.756,30,150,254,38654,146
113.314,23:23:44.758,30,151,186,38842,146
113.314,23:23:44.758,30,152,116,39028,155
113.314,23:23:44.758,30,153,0,39168,155
113.314,23:23:44.759,30,151,12,38668,164
113.314,23:23:44.759,30,147,226,37858,164
113.314,23:23:44.759,30,142,136,36488,174
113.314,23:23:44.760,31,134,46,34350,174
113.314,23:23:44.760,31,125,188,32188,183
113.314,23:23:44.760,31,117,164,30116,183
113.314,23:23:44.761,31,109,230,28134,192
113.913,23:23:45.355,31,104,234,26858,200
113.913,23:23:45.357,31,105,16,26896,206
113.913,23:23:45.357,31,104,254,26878,206
113.913,23:23:45.357,31,105,68,26948,212
113.913,23:23:45.358,31,105,158,27038,212
113.913,23:23:45.358,31,105,178,27058,218
113.913,23:23:45.358,31,106,54,27190,218
113.913,23:23:45.358,32,106,20,27156,224
113.913,23:23:45.359,32,106,76,27212,224
113.913,23:23:45.359,32,106,140,27276,229
114.545,23:23:45.988,32,106,216,27352,229
114.545,23:23:45.988,32,107,30,27422,234
114.545,23:23:45.989,32,107,76,27468,234
114.545,23:23:45.989,32,107,184,27576,239
114.545,23:23:45.990,32,107,180,27572,245
114.545,23:23:45.990,32,108,34,27682,245
114.545,23:23:45.990,32,108,100,27748,250
114.545,23:23:45.990,32,108,138,27786,255
114.545,23:23:45.991,32,108,248,27896,255
114.545,23:23:45.991,33,109,104,28008,5
115.191,23:23:46.633,33,109,172,28076,10
115.191,23:23:46.633,33,109,220,28124,10
115.191,23:23:46.635,33,110,98,28258,22
115.191,23:23:46.635,33,110,236,28396,22
115.191,23:23:46.636,33,111,44,28460,27
115.191,23:23:46.636,33,111,120,28536,32
115.191,23:23:46.636,33,111,106,28522,32
115.191,23:23:46.636,33,111,246,28662,38
115.191,23:23:46.637,33,112,60,28732,44
115.791,23:23:47.234,33,112,68,28740,44
115.791,23:23:47.235,34,112,224,28896,50
115.791,23:23:47.235,34,113,28,28956,55
115.791,23:23:47.235,34,113,26,28954,55
115.791,23:23:47.236,34,113,186,29114,61
115.791,23:23:47.236,34,113,140,29068,67
115.791,23:23:47.236,34,113,254,29182,67
115.791,23:23:47.237,34,114,110,29294,73
115.791,23:23:47.237,34,114,202,29386,79
116.421,23:23:47.864,34,114,198,29382,79
116.421,23:23:47.864,34,115,106,29546,85
116.421,23:23:47.865,34,115,198,29638,91
116.421,23:23:47.865,34,115,116,29556,91
116.421,23:23:47.865,35,116,36,29732,97
116.421,23:23:47.866,35,116,16,29712,103
116.421,23:23:47.866,35,116,106,29802,103
116.421,23:23:47.866,35,116,172,29868,109
116.421,23:23:47.867,35,117,0,29952,115
117.035,23:23:48.477,35,117,78,30030,115
117.035,23:23:48.478,35,117,186,30138,121
117.035,23:23:48.478,35,117,226,30178,127
117.035,23:23:48.478,35,118,20,30228,127
117.035,23:23:48.479,35,118,88,30296,134
117.035,23:23:48.479,35,118,254,30462,140
117.035,23:23:48.479,35,119,26,30490,140
117.035,23:23:48.480,36,119,108,30572,146
117.035,23:23:48.480,36,119,108,30572,153
117.035,23:23:48.480,36,119,166,30630,153
117.602,23:23:49.045,36,120,12,30732,159
117.602,23:23:49.046,36,120,80,30800,165
117.602,23:23:49.046,36,120,214,30934,165
117.602,23:23:49.046,36,121,26,31002,172
117.602,23:23:49.047,36,120,242,30962,178
117.602,23:23:49.047,36,121,86,31062,178
117.602,23:23:49.047,36,121,206,31182,185
117.602,23:23:49.048,37,121,248,31224,191
118.216,23:23:49.658,37,122,112,31344,191
118.216,23:23:49.659,37,122,104,31336,198
118.216,23:23:49.659,37,122,210,31442,205
118.216,23:23:49.659,37,123,88,31576,205
118.216,23:23:49.660,37,123,212,31700,219
118.216,23:23:49.660,37,123,244,31732,219
118.216,23:23:49.660,37,124,74,31818,226
118.216,23:23:49.660,37,124,142,31886,232
118.833,23:23:50.276,37,124,162,31906,232
118.833,23:23:50.277,37,124,250,31994,239
118.833,23:23:50.277,37,125,38,32038,247
118.833,23:23:50.277,38,125,162,32162,247
118.833,23:23:50.278,38,125,248,32248,254
118.833,23:23:50.278,38,126,28,32284,5
118.833,23:23:50.278,38,126,74,32330,5
118.833,23:23:50.279,38,126,172,32428,12
118.833,23:23:50.279,38,126,226,32482,20
119.418,23:23:50.860,38,127,46,32558,20
119.418,23:23:50.861,38,127,170,32682,27
119.418,23:23:50.861,38,127,212,32724,34
119.418,23:23:50.861,38,128,30,32798,34
119.418,23:23:50.862,39,128,114,32882,42
119.418,23:23:50.862,39,128,146,32914,49
119.418,23:23:50.862,39,128,204,32972,49
119.418,23:23:50.863,39,129,52,33076,56
119.418,23:23:50.863,39,129,82,33106,64
120.063,23:23:51.506,39,129,210,33234,64
120.063,23:23:51.507,39,130,50,33330,71
120.063,23:23:51.507,39,130,78,33358,78
120.063,23:23:51.507,39,130,90,33370,78
120.063,23:23:51.508,39,129,82,33106,86
120.063,23:23:51.508,39,128,170,32938,86
120.063,23:23:51.508,39,129,118,33142,93
120.063,23:23:51.509,39,128,110,32878,93
120.063,23:23:51.509,39,128,222,32990,98
120.063,23:23:51.509,39,130,24,33304,100
120.063,23:23:51.509,39,128,114,32882,100
120.663,23:23:52.106,39,128,134,32902,101
120.663,23:23:52.107,39,128,186,32954,101
120.663,23:23:52.107,39,128,182,32950,101
120.663,23:23:52.107,39,128,74,32842,101
120.663,23:23:52.108,39,128,54,32822,101
120.663,23:23:52.108,39,127,176,32688,101
120.663,23:23:52.108,39,127,242,32754,101
120.663,23:23:52.109,39,127,120,32632,101
120.663,23:23:52.109,39,127,154,32666,101
120.663,23:23:52.109,39,127,90,32602,101
120.663,23:23:52.110,39,126,198,32454,101
121.219,23:23:52.661,39,127,22,32534,101
121.219,23:23:52.663,38,126,114,32370,101
121.219,23:23:52.663,38,126,82,32338,101
121.219,23:23:52.663,38,125,84,32084,101
121.219,23:23:52.664,38,125,68,32068,101
121.219,23:23:52.664,38,125,184,32184,101
121.219,23:23:52.664,38,125,70,32070,101
121.219,23:23:52.665,38,125,50,32050,101
121.882,23:23:53.324,38,125,24,32024,101
121.882,23:23:53.325,38,124,130,31874,101
121.882,23:23:53.325,38,124,128,31872,101
121.882,23:23:53.326,38,123,246,31734,101
121.882,23:23:53.326,38,123,196,31684,101
121.882,23:23:53.326,38,123,124,31612,101
121.882,23:23:53.327,38,123,104,31592,101
121.882,23:23:53.327,38,122,238,31470,101
121.882,23:23:53.327,38,122,230,31462,101
122.451,23:23:53.893,37,122,170,31402,101
122.451,23:23:53.895,37,122,72,31304,101
122.451,23:23:53.895,37,122,82,31314,101
122.451,23:23:53.895,37,122,18,31250,101
122.451,23:23:53.895,37,121,136,31112,101
122.451,23:23:53.896,37,121,190,31166,101
122.451,23:23:53.896,37,121,94,31070,101
122.451,23:23:53.896,37,121,44,31020,101
122.451,23:23:53.897,37,121,22,30998,101
122.451,23:23:53.897,37,120,246,30966,101
123.053,23:23:54.496,37,120,130,30850,101
123.053,23:23:54.497,37,120,96,30816,101
123.053,23:23:54.497,37,120,144,30864,101
123.053,23:23:54.497,37,120,78,30798,101
123.053,23:23:54.497,37,119,226,30690,101
123.053,23:23:54.498,37,119,158,30622,101
123.053,23:23:54.498,36,119,188,30652,101
123.053,23:23:54.498,36,119,132,30596,101
123.053,23:23:54.499,36,119,28,30492,101
123.053,23:23:54.500,36,118,138,30346,101
123.053,23:23:54.500,36,118,112,30320,101
123.670,23:23:55.113,36,118,82,30290,101
123.670,23:23:55.114,36,118,16,30224,101
123.670,23:23:55.114,36,117,122,30074,101
123.670,23:23:55.114,36,117,72,30024,101
123.670,23:23:55.115,36,117,24,29976,101
123.670,23:23:55.115,36,116,246,29942,101
123.670,23:23:55.115,36,116,168,29864,101
123.670,23:23:55.116,36,116,96,29792,101
123.670,23:23:55.116,35,116,36,29732,101
123.670,23:23:55.116,35,115,174,29614,101
123.670,23:23:55.116,35,115,128,29568,101
123.670,23:23:55.117,35,115,64,29504,101
123.670,23:23:55.117,35,115,22,29462,101
124.286,23:23:55.729,35,114,148,29332,101
124.286,23:23:55.729,35,114,66,29250,101
124.286,23:23:55.729,35,113,202,29130,101
124.286,23:23:55.729,35,113,158,29086,101
124.286,23:23:55.730,35,113,78,29006,101
124.286,23:23:55.730,35,113,34,28962,101
124.286,23:23:55.730,35,112,218,28890,101
124.286,23:23:55.731,35,112,98,28770,101
124.286,23:23:55.731,34,112,10,28682,101
124.286,23:23:55.731,34,111,232,28648,101
124.286,23:23:55.731,34,111,128,28544,101
124.286,23:23:55.732,34,111,48,28464,101
124.857,23:23:56.299,34,110,188,28348,101
124.857,23:23:56.300,34,110,112,28272,101
124.857,23:23:56.300,34,110,12,28172,101
124.857,23:23:56.300,34,109,190,28094,101
124.857,23:23:56.301,34,109,114,28018,101
124.857,23:23:56.301,34,109,82,27986,101
124.857,23:23:56.301,33,108,224,27872,101
124.857,23:23:56.302,33,108,166,27814,101
124.857,23:23:56.302,33,108,108,27756,101
124.857,23:23:56.302,33,107,218,27610,101
125.503,23:23:56.945,33,107,134,27526,101
125.503,23:23:56.946,33,107,70,27462,101
125.503,23:23:56.946,33,107,44,27436,101
125.503,23:23:56.946,33,106,134,27270,101
125.503,23:23:56.946,33,106,82,27218,101
125.503,23:23:56.947,33,106,18,27154,101
125.503,23:23:56.947,33,105,150,27030,101
125.503,23:23:56.947,32,105,108,26988,101
125.503,23:23:56.947,32,104,214,26838,101
125.503,23:23:56.948,32,104,124,26748,101
125.503,23:23:56.948,32,104,22,26646,101
125.503,23:23:56.948,32,103,146,26514,101
126.074,23:23:57.517,32,103,46,26414,101
126.074,23:23:57.518,32,102,236,26348,101
126.074,23:23:57.518,32,102,166,26278,101
126.074,23:23:57.518,31,102,106,26218,101
126.074,23:23:57.519,31,101,144,26000,101
126.074,23:23:57.519,31,101,74,25930,101
126.074,23:23:57.519,31,101,10,25866,101
126.074,23:23:57.519,31,100,20,25620,101
126.074,23:23:57.520,31,99,232,25576,101
126.074,23:23:57.520,31,99,126,25470,101
126.738,23:23:58.180,30,99,26,25370,101
126.738,23:23:58.182,30,98,232,25320,101
126.738,23:23:58.182,30,98,164,25252,101
126.738,23:23:58.182,30,97,248,25080,101
126.738,23:23:58.183,30,97,176,25008,101
126.738,23:23:58.183,30,97,62,24894,101
126.738,23:23:58.183,30,97,70,24902,101
126.738,23:23:58.184,30,97,50,24882,101
126.738,23:23:58.184,30,96,216,24792,101
126.738,23:23:58.184,30,96,202,24778,101
126.738,23:23:58.185,30,96,126,24702,101
126.738,23:23:58.185,30,96,76,24652,101
126.738,23:23:58.185,29,96,38,24614,101
127.354,23:23:58.797,29,95,220,24540,101
127.354,23:23:58.798,29,95,220,24540,101
127.354,23:23:58.798,29,95,132,24452,101
127.354,23:23:58.799,29,95,122,24442,101
127.354,23:23:58.799,29,95,42,24362,101
127.354,23:23:58.800,29,95,40,24360,101
127.354,23:23:58.800,29,94,244,24308,101
127.354,23:23:58.800,29,94,152,24216,101
127.354,23:23:58.801,29,94,152,24216,101
127.354,23:23:58.801,29,94,78,24142,101
127.354,23:23:58.801,29,94,32,24096,101
127.354,23:23:58.801,29,93,202,24010,101
127.956,23:23:59.398,29,93,170,23978,101
127.956,23:23:59.399,29,93,90,23898,101
127.956,23:23:59.399,28,92,254,23806,101
127.956,23:23:59.399,28,92,154,23706,101
127.956,23:23:59.400,28,92,132,23684,101
127.956,23:23:59.400,28,92,42,23594,101
127.956,23:23:59.400,28,91,214,23510,101
127.956,23:23:59.400,28,91,122,23418,101
127.956,23:23:59.401,28,91,82,23378,101
127.956,23:23:59.401,28,90,252,23292,101
127.956,23:23:59.401,28,90,142,23182,101
127.956,23:23:59.401,28,90,80,23120,101
128.572,23:24:00.014,28,89,164,22948,101
128.572,23:24:00.016,28,89,124,22908,101
128.572,23:24:00.017,28,89,0,22784,101
128.572,23:24:00.017,27,88,218,22746,101
128.572,23:24:00.017,27,88,130,22658,101
128.572,23:24:00.018,27,88,24,22552,101
128.572,23:24:00.018,27,87,184,22456,101
128.572,23:24:00.018,27,87,116,22388,101
128.572,23:24:00.019,27,87,6,22278,101
128.572,23:24:00.019,27,86,214,22230,101
128.572,23:24:00.019,27,85,188,21948,101
129.186,23:24:00.629,26,85,118,21878,101
129.186,23:24:00.630,26,85,58,21818,101
129.186,23:24:00.630,26,84,202,21706,101
129.186,23:24:00.630,26,84,6,21510,101
129.186,23:24:00.631,26,83,234,21482,101
129.186,23:24:00.631,26,83,146,21394,101
129.186,23:24:00.631,26,83,90,21338,101
129.186,23:24:00.631,26,82,230,21222,101
129.186,23:24:00.632,26,82,204,21196,101
129.186,23:24:00.633,25,82,106,21098,101
129.186,23:24:00.633,25,81,244,20980,101
129.740,23:24:01.184,25,81,166,20902,101
129.740,23:24:01.184,25,81,40,20776,101
129.740,23:24:01.185,25,80,244,20724,101
129.740,23:24:01.185,25,80,176,20656,101
129.740,23:24:01.185,25,80,26,20506,101
129.740,23:24:01.186,24,79,230,20454,101
129.740,23:24:01.186,24,79,164,20388,101
129.740,23:24:01.187,24,79,108,20332,101
129.740,23:24:01.187,24,79,34,20258,101
130.356,23:24:01.799,24,78,222,20190,101
130.356,23:24:01.799,24,78,128,20096,101
130.356,23:24:01.800,24,78,104,20072,101
130.356,23:24:01.800,24,77,244,19956,101
130.356,23:24:01.800,24,77,202,19914,101
130.356,23:24:01.800,24,77,116,19828,101
130.356,23:24:01.801,24,76,220,19676,101
130.356,23:24:01.801,24,76,140,19596,101
130.356,23:24:01.801,23,76,38,19494,101
130.356,23:24:01.803,23,75,142,19342,101
130.959,23:24:02.402,23,75,114,19314,101
130.959,23:24:02.402,23,75,24,19224,101
130.959,23:24:02.403,23,74,110,19054,101
130.959,23:24:02.403,23,73,222,18910,101
130.959,23:24:02.403,23,73,158,18846,101
130.959,23:24:02.404,23,73,84,18772,101
130.959,23:24:02.404,23,72,254,18686,101
130.959,23:24:02.404,22,72,140,18572,101
130.959,23:24:02.405,22,72,38,18470,101
130.959,23:24:02.405,22,71,20,18196,101
131.576,23:24:03.019,22,70,204,18124,101
131.576,23:24:03.020,22,70,122,18042,101
131.576,23:24:03.020,22,69,134,17798,101
131.576,23:24:03.020,22,68,234,17642,101
131.576,23:24:03.021,21,68,140,17548,101
131.576,23:24:03.022,21,66,244,17140,101
131.576,23:24:03.022,21,66,102,16998,101
131.576,23:24:03.022,21,65,110,16750,101
132.222,23:24:03.664,20,64,238,16622,101
132.222,23:24:03.666,20,64,76,16460,101
132.222,23:24:03.666,20,63,184,16312,101
132.222,23:24:03.666,20,63,46,16174,101
132.222,23:24:03.667,20,62,186,16058,101
132.222,23:24:03.667,20,62,74,15946,101
132.222,23:24:03.667,19,61,162,15778,101
132.222,23:24:03.667,19,60,252,15612,101
132.222,23:24:03.668,19,60,118,15478,101
132.222,23:24:03.668,19,60,42,15402,101
132.222,23:24:03.668,19,59,4,15108,101
132.222,23:24:03.669,19,58,148,14996,101
132.837,23:24:04.279,18,57,206,14798,101
132.837,23:24:04.279,18,56,152,14488,101
132.837,23:24:04.280,18,55,188,14268,101
132.837,23:24:04.280,18,55,112,14192,101
132.837,23:24:04.280,17,54,70,13894,101
132.837,23:24:04.281,17,53,206,13774,101
132.837,23:24:04.281,17,53,50,13618,101
132.837,23:24:04.281,17,52,0,13312,101
132.837,23:24:04.282,17,51,84,13140,101
133.470,23:24:04.913,16,50,172,12972,101
133.470,23:24:04.913,16,49,158,12702,101
133.470,23:24:04.914,16,48,226,12514,101
133.470,23:24:04.914,16,47,226,12258,101
133.470,23:24:04.914,15,46,246,12022,101
133.470,23:24:04.914,15,46,120,11896,101
133.470,23:24:04.915,15,47,170,12202,102
133.470,23:24:04.915,14,48,188,12476,102
133.470,23:24:04.916,14,49,254,12798,102
133.470,23:24:04.916,14,50,6,12806,103
134.085,23:24:05.529,14,51,158,13214,103
134.085,23:24:05.529,13,53,96,13664,103
134.085,23:24:05.530,13,54,0,13824,104
134.085,23:24:05.530,13,55,136,14216,104
134.085,23:24:05.530,13,56,192,14528,104
134.085,23:24:05.530,12,55,158,14238,105
134.085,23:24:05.531,12,52,40,13352,105
134.085,23:24:05.531,12,51,168,13224,105
134.085,23:24:05.531,11,51,34,13090,106
134.654,23:24:06.096,11,48,194,12482,106
134.654,23:24:06.097,11,47,104,12136,107
134.654,23:24:06.097,10,46,216,11992,107
134.654,23:24:06.097,10,44,224,11488,107
134.654,23:24:06.097,10,43,152,11160,108
134.654,23:24:06.099,10,42,178,10930,108
134.654,23:24:06.099,9,39,232,10216,108
134.654,23:24:06.099,9,36,184,9400,108
134.654,23:24:06.100,9,33,172,8620,108
135.211,23:24:06.653,9,33,64,8512,108
135.211,23:24:06.654,8,34,20,8724,108
135.211,23:24:06.654,8,35,46,9006,108
135.211,23:24:06.654,8,35,172,9132,109
135.211,23:24:06.654,8,35,128,9088,110
135.211,23:24:06.655,7,34,188,8892,110
135.211,23:24:06.655,7,34,10,8714,110
135.211,23:24:06.655,7,33,42,8490,111
135.857,23:24:07.300,7,32,108,8300,111
135.857,23:24:07.301,6,31,218,8154,112
135.857,23:24:07.301,6,31,18,7954,112
135.857,23:24:07.301,6,30,110,7790,112
135.857,23:24:07.302,6,30,18,7698,112
135.857,23:24:07.302,6,28,224,7392,113
135.857,23:24:07.302,5,28,6,7174,113
135.857,23:24:07.303,5,27,176,7088,113
135.857,23:24:07.303,5,27,20,6932,114
135.857,23:24:07.303,5,26,222,6878,114
135.857,23:24:07.304,5,26,148,6804,114
136.426,23:24:07.870,4,26,178,6834,115
136.426,23:24:07.871,4,27,36,6948,115
136.426,23:24:07.871,4,27,38,6950,115
136.426,23:24:07.871,4,27,38,6950,115
136.426,23:24:07.871,3,27,118,7030,116
136.426,23:24:07.872,3,27,150,7062,116
136.426,23:24:07.872,3,27,106,7018,116
136.426,23:24:07.872,3,26,254,6910,117
136.426,23:24:07.873,3,26,140,6796,117
136.426,23:24:07.873,3,25,142,6542,117
137.011,23:24:08.455,2,24,212,6356,117
137.011,23:24:08.455,2,23,154,6042,118
137.011,23:24:08.455,2,23,42,5930,118
137.011,23:24:08.456,2,21,172,5548,118
137.011,23:24:08.456,2,21,94,5470,119
137.011,23:24:08.456,2,21,74,5450,119
137.011,23:24:08.457,1,21,132,5508,119
137.011,23:24:08.457,1,21,212,5588,119
137.011,23:24:08.457,1,22,80,5712,120
137.011,23:24:08.458,1,23,78,5966,120
137.011,23:24:08.458,1,25,188,6588,120
137.657,23:24:09.100,1,27,194,7106,120
137.657,23:24:09.101,1,28,232,7400,121
137.657,23:24:09.101,1,29,248,7672,121
137.657,23:24:09.101,1,29,110,7534,122
137.657,23:24:09.101,1,28,62,7230,122
137.657,23:24:09.102,1,27,140,7052,123
137.657,23:24:09.102,1,26,158,6814,123
137.657,23:24:09.102,1,26,76,6732,123
137.657,23:24:09.103,0,26,8,6664,123
137.657,23:24:09.103,0,25,254,6654,124
137.657,23:24:09.103,0,25,228,6628,124
137.657,23:24:09.104,0,26,66,6722,124
138.303,23:24:09.746,0,26,116,6772,125
138.303,23:24:09.747,0,26,152,6808,125
138.303,23:24:09.747,0,26,168,6824,125
138.303,23:24:09.747,0,26,68,6724,125
138.303,23:24:09.748,0,26,48,6704,126
138.303,23:24:09.748,0,26,158,6814,126
138.303,23:24:09.748,0,26,168,6824,126
138.303,23:24:09.749,0,26,230,6886,126
138.303,23:24:09.749,0,26,198,6854,127
138.303,23:24:09.749,0,26,158,6814,127
138.303,23:24:09.750,0,26,212,6868,127
138.303,23:24:09.751,0,26,212,6868,127
138.998,23:24:10.441,0,26,134,6790,128
138.998,23:24:10.442,0,26,230,6886,128
138.998,23:24:10.442,0,26,204,6860,129
138.998,23:24:10.442,0,26,130,6786,129
138.998,23:24:10.443,0,26,224,6880,129
138.998,23:24:10.443,0,26,240,6896,129
138.998,23:24:10.443,0,27,2,6914,130
138.998,23:24:10.443,0,27,116,7028,130
138.998,23:24:10.444,0,27,28,6940,130
138.998,23:24:10.444,0,27,16,6928,130
138.998,23:24:10.444,0,26,216,6872,130
138.998,23:24:10.445,0,26,136,6792,130
138.998,23:24:10.445,0,26,114,6770,131
138.998,23:24:10.445,0,26,142,6798,131
139.552,23:24:10.994,0,26,212,6868,131
139.552,23:24:10.995,0,26,224,6880,131
139.552,23:24:10.995,0,26,144,6800,132
139.552,23:24:10.996,0,26,200,6856,132
139.552,23:24:10.996,0,26,248,6904,133
139.552,23:24:10.998,0,26,224,6880,133
139.552,23:24:10.998,0,26,254,6910,133
139.552,23:24:10.998,0,27,14,6926,133
139.552,23:24:10.999,0,27,34,6946,134
139.552,23:24:10.999,0,27,152,7064,134
139.552,23:24:11.000,0,27,176,7088,134
140.203,23:24:11.645,0,27,100,7012,134
140.203,23:24:11.647,0,27,108,7020,135
140.203,23:24:11.647,0,27,38,6950,135
140.203,23:24:11.647,0,27,40,6952,136
140.203,23:24:11.647,0,27,14,6926,136
140.203,23:24:11.648,0,26,214,6870,136
140.203,23:24:11.648,0,26,180,6836,136
140.203,23:24:11.649,0,27,26,6938,137
140.203,23:24:11.649,0,26,218,6874,137
140.203,23:24:11.649,0,26,240,6896,137
140.203,23:24:11.649,0,27,0,6912,137
140.203,23:24:11.649,0,27,52,6964,138
140.203,23:24:11.650,0,27,32,6944,138
140.851,23:24:12.293,0,26,224,6880,139
140.851,23:24:12.294,0,26,244,6900,139
140.851,23:24:12.294,0,27,62,6974,139
140.851,23:24:12.294,0,27,14,6926,139
140.851,23:24:12.295,0,26,192,6848,140
140.851,23:24:12.295,0,26,228,6884,140
140.851,23:24:12.295,0,26,230,6886,140
140.851,23:24:12.296,0,27,62,6974,140
140.851,23:24:12.296,0,27,14,6926,141
140.851,23:24:12.296,0,26,192,6848,141
140.851,23:24:12.296,0,27,12,6924,141
140.851,23:24:12.297,0,27,6,6918,141
140.851,23:24:12.297,0,27,12,6924,142
141.469,23:24:12.912,0,27,40,6952,142
141.469,23:24:12.913,0,27,14,6926,143
141.469,23:24:12.913,0,26,226,6882,143
141.469,23:24:12.913,0,26,172,6828,143
141.469,23:24:12.914,0,26,132,6788,143
141.469,23:24:12.914,0,26,188,6844,144
141.469,23:24:12.914,0,26,240,6896,144
141.469,23:24:12.914,0,26,254,6910,144
141.469,23:24:12.915,0,27,20,6932,144
141.469,23:24:12.915,0,26,234,6890,145
141.469,23:24:12.915,0,26,162,6818,145
141.469,23:24:12.916,0,26,192,6848,146
141.469,23:24:12.916,0,26,152,6808,146
142.117,23:24:13.559,0,26,102,6758,146
142.117,23:24:13.560,0,26,134,6790,146
142.117,23:24:13.561,0,26,218,6874,147
142.117,23:24:13.561,0,26,252,6908,147
142.117,23:24:13.561,0,26,148,6804,147
142.117,23:24:13.562,0,26,170,6826,148
142.117,23:24:13.562,0,26,130,6786,148
142.117,23:24:13.563,0,26,160,6816,149
142.117,23:24:13.563,0,26,226,6882,149
142.117,23:24:13.564,0,27,14,6926,149
142.117,23:24:13.564,0,26,254,6910,149
142.732,23:24:14.175,0,27,2,6914,150
142.732,23:24:14.176,0,26,248,6904,150
142.732,23:24:14.176,0,27,12,6924,150
142.732,23:24:14.176,0,27,14,6926,150
142.732,23:24:14.176,0,26,182,6838,151
142.732,23:24:14.177,0,26,100,6756,151
142.732,23:24:14.177,0,26,88,6744,151
142.732,23:24:14.177,0,26,74,6730,151
142.732,23:24:14.178,0,26,128,6784,152
142.732,23:24:14.178,0,26,150,6806,152
142.732,23:24:14.178,0,26,136,6792,152
142.732,23:24:14.179,0,26,232,6888,152
142.732,23:24:14.179,0,27,38,6950,153
143.348,23:24:14.792,0,27,42,6954,153
143.348,23:24:14.792,0,27,22,6934,154
143.348,23:24:14.792,0,26,230,6886,154
143.348,23:24:14.792,0,27,16,6928,154
143.348,23:24:14.793,0,26,244,6900,155
143.348,23:24:14.793,0,27,18,6930,155
143.348,23:24:14.794,0,26,252,6908,155
143.348,23:24:14.794,0,27,42,6954,156
143.348,23:24:14.794,0,27,56,6968,156
143.978,23:24:15.420,0,27,22,6934,156
143.978,23:24:15.421,0,26,236,6892,157
143.978,23:24:15.421,0,27,2,6914,157
143.978,23:24:15.421,0,27,2,6914,157
143.978,23:24:15.422,0,27,14,6926,158
143.978,23:24:15.422,0,26,224,6880,159
143.978,23:24:15.422,0,26,172,6828,159
143.978,23:24:15.422,0,26,220,6876,160
144.624,23:24:16.066,0,27,28,6940,160
144.624,23:24:16.066,0,26,250,6906,160
144.624,23:24:16.067,0,26,188,6844,161
144.624,23:24:16.067,0,26,176,6832,161
144.624,23:24:16.067,0,26,180,6836,161
144.624,23:24:16.067,0,26,158,6814,162
144.624,23:24:16.068,0,26,108,6764,162
144.624,23:24:16.068,0,26,100,6756,162
144.624,23:24:16.069,0,26,108,6764,163
144.624,23:24:16.069,0,26,104,6760,163
145.222,23:24:16.665,0,26,162,6818,164
145.222,23:24:16.665,0,26,128,6784,164
145.222,23:24:16.665,0,26,160,6816,164
145.222,23:24:16.666,0,26,182,6838,165
145.222,23:24:16.666,0,26,200,6856,165
145.222,23:24:16.666,0,26,184,6840,165
145.222,23:24:16.666,0,26,42,6698,165
145.222,23:24:16.666,0,26,42,6698,166
145.222,23:24:16.668,0,26,110,6766,166
145.222,23:24:16.668,0,26,108,6764,166
145.853,23:24:17.296,0,26,142,6798,167
145.853,23:24:17.297,0,26,152,6808,167
145.853,23:24:17.297,0,26,158,6814,167
145.853,23:24:17.297,0,26,162,6818,168
145.853,23:24:17.298,0,26,162,6818,168
145.853,23:24:17.298,0,26,152,6808,168
145.853,23:24:17.298,0,26,140,6796,168
145.853,23:24:17.299,0,26,146,6802,169
145.853,23:24:17.299,0,26,160,6816,169
145.853,23:24:17.299,0,26,150,6806,170
145.853,23:24:17.299,0,26,130,6786,170
145.853,23:24:17.300,0,26,126,6782,170
146.522,23:24:17.965,0,26,150,6806,171
146.522,23:24:17.966,0,26,158,6814,171
146.522,23:24:17.966,0,26,224,6880,171
146.522,23:24:17.966,0,26,206,6862,171
146.522,23:24:17.967,0,26,156,6812,172
146.522,23:24:17.967,0,26,170,6826,172
146.522,23:24:17.967,0,26,174,6830,172
146.522,23:24:17.968,0,26,220,6876,172
146.522,23:24:17.968,0,26,192,6848,173
146.522,23:24:17.968,0,26,246,6902,173
146.522,23:24:17.969,0,26,222,6878,173
147.171,23:24:18.614,0,26,190,6846,174
147.171,23:24:18.614,0,26,188,6844,174
147.171,23:24:18.615,0,26,170,6826,174
147.171,23:24:18.615,0,26,166,6822,175
147.171,23:24:18.615,0,26,144,6800,175
147.171,23:24:18.615,0,26,120,6776,175
147.171,23:24:18.616,0,26,96,6752,176
147.171,23:24:18.616,0,26,122,6778,176
147.171,23:24:18.616,0,26,118,6774,177
147.171,23:24:18.617,0,26,118,6774,177
147.772,23:24:19.214,0,26,84,6740,177
147.772,23:24:19.215,0,26,58,6714,178
147.772,23:24:19.215,0,26,104,6760,178
147.772,23:24:19.216,0,26,98,6754,178
147.772,23:24:19.216,0,26,118,6774,179
147.772,23:24:19.216,0,26,86,6742,179
147.772,23:24:19.216,0,26,72,6728,179
147.772,23:24:19.217,0,26,44,6700,180
148.386,23:24:19.829,0,26,66,6722,180
148.386,23:24:19.830,0,26,106,6762,181
148.386,23:24:19.830,0,26,228,6884,181
148.386,23:24:19.830,0,27,44,6956,181
148.386,23:24:19.831,1,27,120,7032,182
148.386,23:24:19.831,1,29,104,7528,183
148.386,23:24:19.831,1,30,174,7854,184
149.034,23:24:20.476,1,30,234,7914,184
149.034,23:24:20.477,1,30,206,7886,185
149.034,23:24:20.477,1,30,202,7882,185
149.034,23:24:20.477,1,30,170,7850,186
149.034,23:24:20.478,1,30,82,7762,187
149.034,23:24:20.478,1,30,96,7776,187
149.034,23:24:20.478,1,30,96,7776,188
149.034,23:24:20.479,1,30,136,7816,188
149.034,23:24:20.479,1,30,110,7790,188
149.034,23:24:20.480,1,30,134,7814,188
149.603,23:24:21.046,1,30,162,7842,189
149.603,23:24:21.047,2,30,114,7794,189
149.603,23:24:21.047,2,30,126,7806,190
149.603,23:24:21.047,2,30,92,7772,190
149.603,23:24:21.047,2,30,42,7722,190
149.603,23:24:21.048,2,30,40,7720,191
149.603,23:24:21.048,2,30,16,7696,191
149.603,23:24:21.048,2,29,154,7578,192
149.603,23:24:21.049,2,29,114,7538,192
149.603,23:24:21.049,2,29,78,7502,192
150.170,23:24:21.613,2,29,44,7468,192
150.170,23:24:21.613,2,29,68,7492,193
150.170,23:24:21.613,2,29,36,7460,193
150.170,23:24:21.614,2,29,52,7476,194
150.170,23:24:21.614,2,29,94,7518,194
150.170,23:24:21.614,2,29,128,7552,194
150.170,23:24:21.615,2,29,106,7530,194
150.170,23:24:21.615,2,29,110,7534,195
150.170,23:24:21.615,2,29,114,7538,195
150.170,23:24:21.615,2,29,144,7568,195
150.170,23:24:21.616,2,29,154,7578,195
150.170,23:24:21.616,2,29,208,7632,196
150.723,23:24:22.166,2,29,224,7648,196
150.723,23:24:22.167,2,29,222,7646,197
150.723,23:24:22.167,2,29,250,7674,197
150.723,23:24:22.167,2,30,44,7724,197
150.723,23:24:22.168,2,30,136,7816,197
150.723,23:24:22.168,2,30,196,7876,198
150.723,23:24:22.168,2,30,246,7926,198
150.723,23:24:22.168,2,31,22,7958,199
150.723,23:24:22.169,2,31,46,7982,199
150.723,23:24:22.169,2,31,26,7962,199
150.723,23:24:22.169,2,31,46,7982,199
151.307,23:24:22.750,2,31,68,8004,200
151.307,23:24:22.751,3,31,52,7988,200
151.307,23:24:22.751,3,31,104,8040,200
151.307,23:24:22.751,3,31,170,8106,201
151.307,23:24:22.751,3,32,12,8204,201
151.307,23:24:22.752,3,32,28,8220,202
151.307,23:24:22.752,3,32,106,8298,202
151.307,23:24:22.753,3,32,140,8332,202
151.307,23:24:22.753,3,32,160,8352,203
151.859,23:24:23.302,3,33,2,8450,204
151.859,23:24:23.302,3,33,12,8460,204
151.859,23:24:23.303,3,33,54,8502,204
151.859,23:24:23.303,3,33,80,8528,204
151.859,23:24:23.303,3,33,90,8538,205
151.859,23:24:23.303,3,33,124,8572,205
151.859,23:24:23.304,3,33,140,8588,206
151.859,23:24:23.304,3,33,162,8610,206
151.859,23:24:23.304,3,33,174,8622,206
151.859,23:24:23.304,3,33,208,8656,206
152.412,23:24:23.855,3,33,220,8668,207
152.412,23:24:23.855,3,33,230,8678,207
152.412,23:24:23.856,3,33,172,8620,208
152.412,23:24:23.856,3,33,204,8652,208
152.412,23:24:23.856,3,33,210,8658,209
152.412,23:24:23.856,3,34,22,8726,209
152.412,23:24:23.857,3,34,24,8728,209
152.412,23:24:23.857,3,33,230,8678,209
152.412,23:24:23.857,3,33,220,8668,210
152.412,23:24:23.858,3,33,150,8598,210
152.412,23:24:23.858,3,33,98,8546,211
153.013,23:24:24.457,3,33,24,8472,211
153.013,23:24:24.457,3,32,174,8366,211
153.013,23:24:24.457,3,32,64,8256,211
153.013,23:24:24.458,3,32,10,8202,212
153.013,23:24:24.458,3,32,10,8202,212
153.013,23:24:24.458,3,31,246,8182,213
153.013,23:24:24.459,3,32,18,8210,213
153.013,23:24:24.459,3,32,6,8198,214
153.013,23:24:24.459,3,32,8,8200,214
153.013,23:24:24.460,3,31,236,8172,214
153.013,23:24:24.460,3,31,180,8116,214
153.013,23:24:24.460,3,31,124,8060,215
153.629,23:24:25.073,3,31,64,8000,215
153.629,23:24:25.074,3,31,30,7966,216
153.629,23:24:25.074,3,30,234,7914,216
153.629,23:24:25.074,3,30,150,7830,216
153.629,23:24:25.074,3,30,20,7700,216
153.629,23:24:25.075,3,29,148,7572,217
153.629,23:24:25.075,3,27,248,7160,217
153.629,23:24:25.075,3,25,154,6554,218
153.629,23:24:25.076,3,24,200,6344,218
153.629,23:24:25.076,3,24,190,6334,218
153.629,23:24:25.076,3,24,166,6310,219
153.629,23:24:25.076,3,24,218,6362,219
154.243,23:24:25.686,3,25,4,6404,219
154.243,23:24:25.686,3,25,70,6470,219
154.243,23:24:25.687,3,25,164,6564,219
154.243,23:24:25.687,3,25,22,6422,219
154.243,23:24:25.687,3,24,218,6362,220
154.243,23:24:25.688,3,25,136,6536,220
154.243,23:24:25.688,3,25,112,6512,220
154.243,23:24:25.688,2,24,238,6382,220
154.243,23:24:25.689,2,24,238,6382,221
154.243,23:24:25.689,2,25,70,6470,221
154.243,23:24:25.689,2,25,108,6508,222
154.243,23:24:25.690,2,25,12,6412,222
154.811,23:24:26.253,2,24,238,6382,222
154.811,23:24:26.254,2,25,10,6410,222
154.811,23:24:26.254,2,25,68,6468,223
154.811,23:24:26.254,2,25,44,6444,223
154.811,23:24:26.255,2,24,242,6386,223
154.811,23:24:26.255,2,25,18,6418,224
154.811,23:24:26.255,2,25,30,6430,224
154.811,23:24:26.255,2,25,102,6502,224
154.811,23:24:26.256,2,25,30,6430,225
155.411,23:24:26.853,2,24,220,6364,225
155.411,23:24:26.853,2,24,224,6368,225
155.411,23:24:26.855,2,24,254,6398,225
155.411,23:24:26.855,2,24,240,6384,226
155.411,23:24:26.855,2,24,208,6352,226
155.411,23:24:26.855,2,24,212,6356,227
155.411,23:24:26.856,2,24,214,6358,227
155.411,23:24:26.856,2,24,240,6384,227
155.411,23:24:26.856,2,25,2,6402,228
155.411,23:24:26.857,2,25,16,6416,228
155.411,23:24:26.858,2,25,18,6418,228
156.041,23:24:27.483,2,24,242,6386,228
156.041,23:24:27.484,2,24,234,6378,229
156.041,23:24:27.484,2,24,230,6374,229
156.041,23:24:27.484,2,25,52,6452,229
156.041,23:24:27.485,2,25,128,6528,229
156.041,23:24:27.485,2,26,118,6774,230
156.041,23:24:27.485,2,26,250,6906,231
156.041,23:24:27.486,2,27,114,7026,231
156.041,23:24:27.486,2,28,32,7200,232
156.041,23:24:27.486,2,28,158,7326,232
156.041,23:24:27.486,2,29,88,7512,232
156.041,23:24:27.487,2,29,178,7602,232
156.594,23:24:28.037,2,30,212,7892,233
156.594,23:24:28.038,2,31,8,7944,234
156.594,23:24:28.038,2,31,166,8102,234
156.594,23:24:28.038,2,32,56,8248,235
156.594,23:24:28.039,2,33,106,8554,236
156.594,23:24:28.039,2,34,152,8856,236
156.594,23:24:28.039,2,36,230,9446,236
156.594,23:24:28.039,2,37,222,9694,237
157.194,23:24:28.637,2,38,182,9910,237
157.194,23:24:28.638,2,40,2,10242,238
157.194,23:24:28.638,2,40,134,10374,239
157.194,23:24:28.638,2,41,86,10582,239
157.194,23:24:28.638,2,41,134,10630,240
157.194,23:24:28.639,2,41,198,10694,240
157.194,23:24:28.639,2,42,28,10780,241
157.194,23:24:28.639,2,42,50,10802,241
157.194,23:24:28.640,2,42,70,10822,242
157.194,23:24:28.640,2,42,80,10832,243
157.843,23:24:29.285,2,42,86,10838,243
157.843,23:24:29.286,2,42,62,10814,244
157.843,23:24:29.286,2,42,34,10786,244
157.843,23:24:29.287,2,42,26,10778,246
157.843,23:24:29.287,2,41,254,10750,246
157.843,23:24:29.288,2,41,204,10700,247
157.843,23:24:29.288,2,41,182,10678,248
157.843,23:24:29.288,2,41,158,10654,248
157.843,23:24:29.289,2,41,94,10590,249
157.843,23:24:29.289,2,41,46,10542,250
157.843,23:24:29.289,2,40,240,10480,250
158.413,23:24:29.855,2,40,172,10412,251
158.413,23:24:29.857,2,40,92,10332,251
158.413,23:24:29.857,2,40,58,10298,252
158.413,23:24:29.857,2,40,58,10298,252
158.413,23:24:29.858,2,40,42,10282,253
158.413,23:24:29.858,3,40,48,10288,254
158.413,23:24:29.858,3,40,68,10308,254
158.413,23:24:29.859,3,40,86,10326,255
158.413,23:24:29.859,3,40,88,10328,255
158.413,23:24:29.859,3,40,72,10312,0
158.981,23:24:30.424,3,40,100,10340,0
158.981,23:24:30.424,3,40,98,10338,1
158.981,23:24:30.425,3,40,102,10342,1
158.981,23:24:30.425,3,40,104,10344,1
158.981,23:24:30.425,3,40,124,10364,1
158.981,23:24:30.426,3,40,160,10400,3
158.981,23:24:30.426,3,40,218,10458,3
158.981,23:24:30.426,3,41,14,10510,3
158.981,23:24:30.427,3,41,40,10536,4
158.981,23:24:30.427,3,41,56,10552,4
159.582,23:24:31.024,3,41,88,10584,5
159.582,23:24:31.025,3,41,134,10630,5
159.582,23:24:31.025,3,41,218,10714,6
159.582,23:24:31.025,3,41,252,10748,7
159.582,23:24:31.025,3,42,36,10788,7
159.582,23:24:31.026,3,42,76,10828,8
159.582,23:24:31.026,3,42,94,10846,8
159.582,23:24:31.026,3,42,174,10926,9
159.582,23:24:31.026,3,42,204,10956,9
159.582,23:24:31.028,3,43,240,11248,10
160.169,23:24:31.613,3,45,174,11694,12
160.169,23:24:31.613,3,47,20,12052,12
160.169,23:24:31.613,4,50,156,12956,13
160.169,23:24:31.614,4,52,138,13450,15
160.169,23:24:31.614,4,54,128,13952,15
160.169,23:24:31.614,4,59,96,15200,19
160.169,23:24:31.614,4,60,174,15534,19
160.169,23:24:31.615,4,61,78,15694,22
160.784,23:24:32.227,4,61,54,15670,24
160.784,23:24:32.228,4,61,54,15670,24
160.784,23:24:32.228,4,61,76,15692,26
160.784,23:24:32.228,4,61,108,15724,26
160.784,23:24:32.229,5,61,218,15834,29
160.784,23:24:32.229,5,62,84,15956,29
160.784,23:24:32.229,5,64,60,16444,31
160.784,23:24:32.229,5,65,54,16694,34
160.784,23:24:32.230,5,66,4,16900,34
160.784,23:24:32.230,5,66,220,17116,36
160.784,23:24:32.230,5,67,118,17270,36
161.400,23:24:32.843,5,68,96,17504,39
161.400,23:24:32.844,6,70,118,18038,41
161.400,23:24:32.844,6,71,148,18324,43
161.400,23:24:32.844,6,72,70,18502,43
161.400,23:24:32.845,6,73,108,18796,46
161.400,23:24:32.845,6,74,74,19018,48
161.400,23:24:32.845,6,75,148,19348,48
161.400,23:24:32.846,6,76,96,19552,51
161.400,23:24:32.846,6,77,70,19782,51
161.999,23:24:33.442,7,78,70,20038,54
161.999,23:24:33.443,7,79,20,20244,54
161.999,23:24:33.443,7,80,140,20620,57
161.999,23:24:33.443,7,81,22,20758,60
161.999,23:24:33.444,7,81,226,20962,60
161.999,23:24:33.444,7,83,188,21436,63
161.999,23:24:33.444,7,84,86,21590,66
161.999,23:24:33.445,7,84,194,21698,66
161.999,23:24:33.445,8,86,172,22188,69
162.647,23:24:34.089,8,87,130,22402,72
162.647,23:24:34.090,8,87,192,22464,72
162.647,23:24:34.090,8,84,48,21552,75
162.647,23:24:34.090,8,81,30,20766,78
162.647,23:24:34.090,8,80,10,20490,78
162.647,23:24:34.091,8,74,186,19130,81
162.647,23:24:34.091,8,72,180,18612,84
162.647,23:24:34.091,9,70,32,17952,84
162.647,23:24:34.092,9,64,246,16630,87
162.647,23:24:34.092,9,63,254,16382,90
163.230,23:24:34.674,9,63,180,16308,90
163.230,23:24:34.674,9,63,110,16238,93
163.230,23:24:34.674,9,63,104,16232,95
163.230,23:24:34.675,9,63,88,16216,95
163.230,23:24:34.675,9,63,32,16160,97
163.230,23:24:34.675,9,63,8,16136,97
163.230,23:24:34.676,9,63,28,16156,100
163.230,23:24:34.676,9,63,120,16248,100
163.230,23:24:34.676,9,63,210,16338,102
163.230,23:24:34.676,10,63,228,16356,102
163.230,23:24:34.677,10,64,18,16402,105
163.834,23:24:35.278,10,64,170,16554,105
163.834,23:24:35.278,10,65,96,16736,108
163.834,23:24:35.278,10,65,138,16778,110
163.834,23:24:35.278,10,65,254,16894,110
163.834,23:24:35.278,10,66,14,16910,113
163.834,23:24:35.279,10,66,90,16986,113
163.834,23:24:35.279,10,66,184,17080,116
163.834,23:24:35.279,10,67,76,17228,116
163.834,23:24:35.280,10,67,148,17300,118
163.834,23:24:35.280,10,67,196,17348,118
163.834,23:24:35.280,10,67,250,17402,121
164.448,23:24:35.890,10,67,248,17400,121
164.448,23:24:35.891,11,68,72,17480,124
164.448,23:24:35.891,11,68,74,17482,124
164.448,23:24:35.891,11,68,176,17584,127
164.448,23:24:35.891,11,69,40,17704,127
164.448,23:24:35.894,11,70,50,17970,129
164.448,23:24:35.894,11,70,146,18066,132
164.448,23:24:35.895,11,70,216,18136,132
164.448,23:24:35.895,11,71,46,18222,136
164.448,23:24:35.895,11,71,78,18254,136
164.448,23:24:35.895,11,71,134,18310,138
165.047,23:24:36.489,11,72,22,18454,138
165.047,23:24:36.490,11,72,140,18572,141
165.047,23:24:36.490,11,73,0,18688,141
165.047,23:24:36.490,11,72,16,18448,145
165.047,23:24:36.491,11,73,34,18722,145
165.047,23:24:36.491,12,74,60,19004,148
165.047,23:24:36.491,12,74,138,19082,148
165.047,23:24:36.492,12,75,90,19290,151
165.047,23:24:36.492,12,76,24,19480,151
165.047,23:24:36.492,12,76,164,19620,155
165.047,23:24:36.492,12,77,44,19756,155
165.047,23:24:36.493,12,78,12,19980,159
165.710,23:24:37.153,12,78,134,20102,159
165.710,23:24:37.154,12,78,138,20106,163
165.710,23:24:37.154,12,78,248,20216,163
165.710,23:24:37.154,12,79,150,20374,166
165.710,23:24:37.155,12,79,194,20418,166
165.710,23:24:37.155,12,80,24,20504,170
165.710,23:24:37.155,13,80,96,20576,170
165.710,23:24:37.156,13,80,244,20724,174
165.710,23:24:37.156,13,81,84,20820,174
165.710,23:24:37.156,13,82,38,21030,177
165.710,23:24:37.157,13,82,168,21160,182
165.710,23:24:37.157,13,82,238,21230,182
166.327,23:24:37.769,13,83,74,21322,186
166.327,23:24:37.770,13,83,164,21412,186
166.327,23:24:37.770,13,84,38,21542,189
166.327,23:24:37.770,14,84,148,21652,189
166.327,23:24:37.771,14,84,236,21740,193
166.327,23:24:37.771,14,85,50,21810,193
166.327,23:24:37.771,14,85,154,21914,198
166.327,23:24:37.772,14,85,194,21954,198
166.327,23:24:37.772,14,85,254,22014,202
166.327,23:24:37.773,14,86,136,22152,202
166.327,23:24:37.773,14,87,66,22338,206
166.327,23:24:37.774,14,87,182,22454,206
166.327,23:24:37.774,14,88,54,22582,210
166.927,23:24:38.370,14,88,34,22562,210
166.927,23:24:38.371,15,88,102,22630,214
166.927,23:24:38.371,15,89,56,22840,214
166.927,23:24:38.371,15,89,106,22890,218
166.927,23:24:38.372,15,89,224,23008,218
166.927,23:24:38.372,15,90,68,23108,222
166.927,23:24:38.372,15,90,122,23162,222
166.927,23:24:38.372,15,90,162,23202,226
166.927,23:24:38.373,15,91,56,23352,226
166.927,23:24:38.373,15,91,114,23410,231
166.927,23:24:38.373,15,91,86,23382,231
166.927,23:24:38.373,15,91,154,23450,235
167.498,23:24:38.942,16,92,26,23578,235
167.498,23:24:38.942,16,92,84,23636,240
167.498,23:24:38.942,16,92,196,23748,240
167.498,23:24:38.942,16,92,250,23802,244
167.498,23:24:38.943,16,93,46,23854,244
167.498,23:24:38.943,16,92,248,23800,248
167.498,23:24:38.943,16,92,240,23792,248
167.498,23:24:38.943,16,93,22,23830,252
167.498,23:24:38.943,16,93,116,23924,252
167.498,23:24:38.944,16,93,88,23896,1
167.498,23:24:38.944,17,93,100,23908,1
168.162,23:24:39.605,17,93,74,23882,5
168.162,23:24:39.606,17,93,142,23950,5
168.162,23:24:39.606,17,93,146,23954,10
168.162,23:24:39.606,17,93,168,23976,10
168.162,23:24:39.607,17,93,208,24016,14
168.162,23:24:39.607,17,94,32,24096,14
168.162,23:24:39.607,17,94,76,24140,19
168.162,23:24:39.608,17,94,50,24114,19
168.162,23:24:39.608,17,94,110,24174,23
168.162,23:24:39.608,18,94,114,24178,23
168.162,23:24:39.608,18,94,106,24170,27
168.162,23:24:39.609,18,94,128,24192,27
168.162,23:24:39.610,18,94,80,24144,32
168.775,23:24:40.218,18,94,40,24104,32
168.775,23:24:40.219,18,94,76,24140,36
168.775,23:24:40.219,18,94,100,24164,36
168.775,23:24:40.219,18,94,252,24316,40
168.775,23:24:40.220,18,95,94,24414,40
168.775,23:24:40.220,18,95,184,24504,45
168.775,23:24:40.220,18,96,18,24594,45
168.775,23:24:40.220,19,96,122,24698,50
168.775,23:24:40.221,19,96,196,24772,50
168.775,23:24:40.221,19,97,116,24948,54
168.775,23:24:40.221,19,97,218,25050,54
168.775,23:24:40.222,19,98,66,25154,58
168.775,23:24:40.222,19,98,220,25308,58
169.376,23:24:40.818,19,99,32,25376,63
169.376,23:24:40.819,19,99,130,25474,63
169.376,23:24:40.819,19,100,4,25604,68
169.376,23:24:40.819,19,100,172,25772,68
169.376,23:24:40.819,20,101,14,25870,72
169.376,23:24:40.820,20,101,42,25898,72
169.376,23:24:40.820,20,101,234,26090,77
169.376,23:24:40.820,20,102,66,26178,77
169.376,23:24:40.821,20,102,150,26262,82
169.376,23:24:40.821,20,103,58,26426,82
169.376,23:24:40.821,20,103,196,26564,87
169.976,23:24:41.418,20,104,18,26642,87
169.976,23:24:41.419,20,104,12,26636,92
169.976,23:24:41.419,20,105,66,26946,92
169.976,23:24:41.419,20,105,122,27002,97
169.976,23:24:41.420,21,105,192,27072,97
169.976,23:24:41.420,21,106,74,27210,101
169.976,23:24:41.420,21,106,212,27348,101
169.976,23:24:41.420,21,107,60,27452,107
169.976,23:24:41.421,21,107,156,27548,107
169.976,23:24:41.421,21,108,120,27768,111
169.976,23:24:41.421,21,109,0,27904,117
170.578,23:24:42.022,21,109,106,28010,117
170.578,23:24:42.022,21,109,184,28088,122
170.578,23:24:42.022,21,110,132,28292,122
170.578,23:24:42.023,22,110,178,28338,127
170.578,23:24:42.023,22,111,68,28484,127
170.578,23:24:42.023,22,111,232,28648,132
170.578,23:24:42.024,22,112,6,28678,132
170.578,23:24:42.024,22,112,168,28840,132
170.578,23:24:42.024,22,113,118,29046,138
170.578,23:24:42.024,22,113,172,29100,138
170.578,23:24:42.025,22,114,62,29246,143
171.181,23:24:42.624,22,114,174,29358,143
171.181,23:24:42.624,22,115,44,29484,148
171.181,23:24:42.624,22,115,156,29596,148
171.181,23:24:42.625,23,116,142,29838,154
171.181,23:24:42.625,23,116,146,29842,154
171.181,23:24:42.625,23,116,196,29892,159
171.181,23:24:42.626,23,117,118,30070,159
171.181,23:24:42.626,23,117,238,30190,165
171.181,23:24:42.626,23,118,156,30364,165
171.181,23:24:42.627,23,118,194,30402,171
171.181,23:24:42.627,23,119,158,30622,171
171.181,23:24:42.627,23,120,40,30760,176
171.827,23:24:43.270,23,120,80,30800,176
171.827,23:24:43.271,24,120,114,30834,183
171.827,23:24:43.271,24,121,14,30990,183
171.827,23:24:43.271,24,121,232,31208,189
171.827,23:24:43.272,24,122,84,31316,189
171.827,23:24:43.272,24,122,126,31358,196
171.827,23:24:43.272,24,123,62,31550,196
171.827,23:24:43.273,24,123,170,31658,202
171.827,23:24:43.273,24,124,18,31762,202
171.827,23:24:43.273,24,124,152,31896,209
171.827,23:24:43.274,24,125,58,32058,209
171.827,23:24:43.274,24,125,94,32094,216
171.827,23:24:43.274,25,126,74,32330,216
172.384,23:24:43.826,25,126,140,32396,223
172.384,23:24:43.827,25,127,122,32634,230
172.384,23:24:43.827,25,127,250,32762,230
172.384,23:24:43.827,25,128,144,32912,238
172.384,23:24:43.828,25,129,148,33172,245
172.384,23:24:43.828,25,130,10,33290,245
172.384,23:24:43.829,25,130,154,33434,253
172.384,23:24:43.829,26,131,136,33672,4
173.001,23:24:44.443,26,132,4,33796,4
173.001,23:24:44.444,26,132,176,33968,12
173.001,23:24:44.444,26,133,136,34184,19
173.001,23:24:44.444,26,134,62,34366,19
173.001,23:24:44.445,26,134,92,34396,27
173.001,23:24:44.445,26,135,78,34638,34
173.001,23:24:44.446,27,135,178,34738,34
173.001,23:24:44.446,27,136,152,34968,42
173.001,23:24:44.446,27,137,4,35076,49
173.001,23:24:44.447,27,137,138,35210,49
173.617,23:24:45.060,27,138,136,35464,58
173.617,23:24:45.061,27,138,212,35540,66
173.617,23:24:45.061,27,139,154,35738,66
173.617,23:24:45.061,27,140,48,35888,74
173.617,23:24:45.062,28,140,192,36032,82
173.617,23:24:45.062,28,141,94,36190,82
173.617,23:24:45.062,28,142,4,36356,91
173.617,23:24:45.062,28,143,28,36636,99
174.233,23:24:45.675,28,143,178,36786,108
174.233,23:24:45.676,29,145,84,37204,117
174.233,23:24:45.676,29,145,220,37340,125
174.233,23:24:45.676,29,146,76,37452,134
174.233,23:24:45.677,29,147,8,37640,134
174.233,23:24:45.677,29,147,68,37700,143
174.233,23:24:45.677,29,148,98,37986,151
174.233,23:24:45.677,29,148,198,38086,151
174.832,23:24:46.274,29,149,48,38192,160
174.832,23:24:46.275,30,150,56,38456,169
174.832,23:24:46.275,30,150,200,38600,169
174.832,23:24:46.275,30,152,242,39154,187
174.832,23:24:46.276,31,154,106,39530,205
175.447,23:24:46.889,31,156,192,40128,224
175.447,23:24:46.890,31,158,68,40516,243
175.447,23:24:46.890,32,160,70,41030,5
176.080,23:24:47.522,32,160,98,41058,15
176.080,23:24:47.523,32,161,190,41406,25
176.080,23:24:47.523,32,161,148,41364,25
176.080,23:24:47.523,32,162,16,41488,35
176.080,23:24:47.523,32,163,30,41758,45
176.080,23:24:47.524,32,163,238,41966,45
176.080,23:24:47.524,32,164,80,42064,55
176.080,23:24:47.524,33,165,52,42292,65
176.080,23:24:47.524,33,165,82,42322,65
176.080,23:24:47.525,33,165,212,42452,75
176.712,23:24:48.155,33,166,152,42648,85
176.712,23:24:48.155,33,167,134,42886,95
176.712,23:24:48.156,33,167,160,42912,106
176.712,23:24:48.156,33,165,8,42248,106
176.712,23:24:48.156,33,163,24,41752,117
176.712,23:24:48.157,33,155,24,39704,127
176.712,23:24:48.157,34,149,96,38240,127
176.712,23:24:48.157,34,144,214,37078,138
177.374,23:24:48.816,34,132,178,33970,148
177.374,23:24:48.817,34,127,244,32756,148
177.374,23:24:48.817,34,122,238,31470,158
177.374,23:24:48.817,34,117,170,30122,167
177.374,23:24:48.818,34,115,214,29654,167
177.374,23:24:48.818,34,114,104,29288,176
177.374,23:24:48.818,34,115,116,29556,184
177.374,23:24:48.818,35,115,122,29562,184
177.374,23:24:48.819,35,116,32,29728,191
177.374,23:24:48.819,35,116,50,29746,198
177.942,23:24:49.384,35,116,162,29858,198
177.942,23:24:49.385,35,116,172,29868,204
177.942,23:24:49.385,35,117,8,29960,210
177.942,23:24:49.385,35,117,72,30024,216
177.942,23:24:49.387,35,117,216,30168,223
177.942,23:24:49.387,35,118,0,30208,229
177.942,23:24:49.387,35,118,46,30254,229
178.528,23:24:49.971,35,118,28,30236,236
178.528,23:24:49.972,35,118,128,30336,242
178.528,23:24:49.972,35,118,224,30432,242
178.528,23:24:49.972,36,119,34,30498,248
178.528,23:24:49.973,36,119,48,30512,248
178.528,23:24:49.973,36,119,142,30606,255
178.528,23:24:49.973,36,119,210,30674,5
178.528,23:24:49.974,36,119,252,30716,12
178.528,23:24:49.974,36,119,246,30710,12
179.129,23:24:50.572,36,120,160,30880,19
179.129,23:24:50.573,36,120,152,30872,25
179.129,23:24:50.573,36,120,222,30942,25
179.129,23:24:50.573,36,120,186,30906,31
179.129,23:24:50.574,36,121,100,31076,31
179.129,23:24:50.574,36,121,146,31122,38
179.129,23:24:50.574,36,121,98,31074,38
179.129,23:24:50.574,36,121,116,31092,45
179.129,23:24:50.575,36,121,214,31190,45
179.129,23:24:50.575,37,122,64,31296,51
179.743,23:24:51.186,37,122,208,31440,59
179.743,23:24:51.187,37,122,180,31412,65
179.743,23:24:51.187,37,122,242,31474,65
179.743,23:24:51.187,37,122,254,31486,72
179.743,23:24:51.188,37,123,132,31620,79
179.743,23:24:51.188,37,123,198,31686,79
179.743,23:24:51.188,37,123,196,31684,86
179.743,23:24:51.188,37,124,26,31770,86
179.743,23:24:51.189,37,124,46,31790,92
179.743,23:24:51.189,37,124,12,31756,92
179.743,23:24:51.190,37,124,102,31846,100
180.359,23:24:51.802,37,124,176,31920,100
180.359,23:24:51.803,37,124,152,31896,107
180.359,23:24:51.803,37,125,8,32008,107
180.359,23:24:51.803,37,125,88,32088,114
180.359,23:24:51.804,38,125,84,32084,114
180.359,23:24:51.804,38,125,180,32180,121
180.359,23:24:51.804,38,125,156,32156,121
180.359,23:24:51.805,38,126,68,32324,128
180.359,23:24:51.805,38,126,48,32304,136
180.359,23:24:51.805,38,126,122,32378,136
180.359,23:24:51.806,38,126,184,32440,143
180.958,23:24:52.400,38,126,198,32454,143
180.958,23:24:52.402,38,126,246,32502,150
180.958,23:24:52.402,38,127,64,32576,150
180.958,23:24:52.402,38,127,60,32572,157
180.958,23:24:52.402,38,127,152,32664,157
180.958,23:24:52.403,38,127,164,32676,165
180.958,23:24:52.403,38,127,232,32744,165
180.958,23:24:52.403,38,127,220,32732,172
180.958,23:24:52.403,39,128,20,32788,172
180.958,23:24:52.404,39,128,62,32830,179
180.958,23:24:52.404,39,128,156,32924,179
181.573,23:24:53.016,39,128,42,32810,187
181.573,23:24:53.016,39,127,120,32632,194
181.573,23:24:53.016,39,127,220,32732,194
181.573,23:24:53.017,39,127,182,32694,201
181.573,23:24:53.017,39,126,254,32510,201
181.573,23:24:53.017,39,126,16,32272,205
181.573,23:24:53.018,39,126,228,32484,205
181.573,23:24:53.018,39,127,110,32622,206
181.573,23:24:53.018,39,127,4,32516,206
181.573,23:24:53.019,39,126,232,32488,207
181.573,23:24:53.019,39,126,222,32478,207
181.573,23:24:53.019,39,126,190,32446,207
181.573,23:24:53.019,39,126,48,32304,207
182.202,23:24:53.646,39,126,96,32352,207
182.202,23:24:53.646,39,126,62,32318,207
182.202,23:24:53.646,38,125,226,32226,207
182.202,23:24:53.646,38,125,202,32202,207
182.202,23:24:53.647,38,125,138,32138,207
182.202,23:24:53.648,38,125,10,32010,207
182.202,23:24:53.648,38,124,170,31914,207
182.202,23:24:53.648,38,124,144,31888,207
182.202,23:24:53.649,38,124,150,31894,207
182.202,23:24:53.649,38,124,54,31798,207
182.202,23:24:53.649,38,124,26,31770,207
182.770,23:24:54.213,38,124,2,31746,207
182.770,23:24:54.214,38,123,132,31620,207
182.770,23:24:54.214,38,123,74,31562,207
182.770,23:24:54.215,38,123,54,31542,207
182.770,23:24:54.215,38,123,18,31506,207
182.770,23:24:54.215,37,123,12,31500,207
182.770,23:24:54.215,37,122,114,31346,207
182.770,23:24:54.216,37,122,106,31338,207
182.770,23:24:54.216,37,122,68,31300,207
182.770,23:24:54.216,37,121,252,31228,207
183.340,23:24:54.783,37,121,198,31174,207
183.340,23:24:54.784,37,121,206,31182,207
183.340,23:24:54.784,37,121,182,31158,207
183.340,23:24:54.784,37,121,90,31066,207
183.340,23:24:54.784,37,121,6,30982,207
183.340,23:24:54.785,37,120,254,30974,207
183.340,23:24:54.785,37,120,210,30930,207
183.340,23:24:54.785,37,120,138,30858,207
183.340,23:24:54.786,37,120,48,30768,207
183.340,23:24:54.786,37,119,218,30682,207
183.340,23:24:54.786,37,119,156,30620,207
183.340,23:24:54.787,37,119,96,30560,207
183.941,23:24:55.384,36,119,16,30480,207
183.941,23:24:55.385,36,118,38,30246,207
183.941,23:24:55.385,36,117,158,30110,207
183.941,23:24:55.385,36,117,28,29980,207
183.941,23:24:55.385,36,116,226,29922,207
183.941,23:24:55.386,36,116,120,29816,207
183.941,23:24:55.386,36,116,138,29834,207
183.941,23:24:55.386,36,116,10,29706,207
183.941,23:24:55.386,35,115,220,29660,207
184.527,23:24:55.969,35,115,150,29590,207
184.527,23:24:55.971,35,115,48,29488,207
184.527,23:24:55.971,35,114,198,29382,207
184.527,23:24:55.971,35,114,88,29272,207
184.527,23:24:55.972,35,113,226,29154,207
184.527,23:24:55.972,35,113,112,29040,207
184.527,23:24:55.972,35,112,238,28910,207
184.527,23:24:55.972,35,112,124,28796,207
184.527,23:24:55.973,35,112,10,28682,207
184.527,23:24:55.973,35,111,220,28636,207
185.128,23:24:56.572,34,111,68,28484,207
185.128,23:24:56.572,34,110,174,28334,207
185.128,23:24:56.572,34,110,152,28312,207
185.128,23:24:56.573,34,110,24,28184,207
185.128,23:24:56.573,34,109,106,28010,207
185.128,23:24:56.573,34,109,14,27918,207
185.128,23:24:56.574,34,108,150,27798,207
185.128,23:24:56.574,34,108,54,27702,207
185.128,23:24:56.575,33,107,230,27622,207
185.128,23:24:56.575,33,107,98,27490,207
185.128,23:24:56.575,33,106,184,27320,207
185.128,23:24:56.575,33,106,100,27236,207
185.789,23:24:57.231,33,105,78,26958,207
185.789,23:24:57.232,32,104,226,26850,207
185.789,23:24:57.232,32,104,120,26744,207
185.789,23:24:57.232,32,103,238,26606,207
185.789,23:24:57.232,32,103,66,26434,207
185.789,23:24:57.233,32,102,136,26248,207
185.789,23:24:57.233,32,101,204,26060,207
185.789,23:24:57.233,32,101,158,26014,207
185.789,23:24:57.234,31,100,122,25722,207
185.789,23:24:57.234,31,100,48,25648,207
185.789,23:24:57.234,31,99,156,25500,207
186.404,23:24:57.846,31,99,44,25388,207
186.404,23:24:57.847,31,98,172,25260,207
186.404,23:24:57.847,30,98,62,25150,207
186.404,23:24:57.847,30,97,188,25020,207
186.404,23:24:57.849,30,97,48,24880,207
186.404,23:24:57.850,30,96,224,24800,207
186.404,23:24:57.850,30,95,234,24554,207
186.404,23:24:57.851,30,95,18,24338,207
186.404,23:24:57.851,30,94,198,24262,207
186.404,23:24:57.851,29,93,184,23992,207
186.956,23:24:58.399,29,93,58,23866,207
186.956,23:24:58.400,29,92,160,23712,207
186.956,23:24:58.400,29,91,140,23436,207
186.956,23:24:58.400,28,91,0,23296,207
186.956,23:24:58.400,28,90,152,23192,207
186.956,23:24:58.401,28,90,72,23112,207
186.956,23:24:58.401,28,89,166,22950,207
186.956,23:24:58.401,28,89,64,22848,207
186.956,23:24:58.402,28,88,200,22728,207
186.956,23:24:58.402,27,88,56,22584,207
187.588,23:24:59.031,27,87,224,22496,207
187.588,23:24:59.032,27,87,44,22316,207
187.588,23:24:59.032,27,86,198,22214,207
187.588,23:24:59.032,27,85,192,21952,207
187.588,23:24:59.033,27,85,18,21778,207
187.588,23:24:59.033,26,84,30,21534,207
187.588,23:24:59.033,26,83,182,21430,207
187.588,23:24:59.034,26,82,254,21246,207
187.588,23:24:59.034,26,82,192,21184,207
188.192,23:24:59.635,26,81,150,20886,207
188.192,23:24:59.635,25,80,216,20696,207
188.192,23:24:59.636,25,79,202,20426,207
188.192,23:24:59.636,25,79,180,20404,207
188.192,23:24:59.636,25,79,12,20236,207
188.192,23:24:59.637,25,78,182,20150,207
188.192,23:24:59.637,24,77,212,19924,207
188.192,23:24:59.637,24,77,152,19864,207
188.192,23:24:59.638,24,76,204,19660,207
188.192,23:24:59.638,24,75,242,19442,207
188.807,23:25:00.250,24,75,58,19258,207
188.807,23:25:00.252,23,73,20,18708,207
188.807,23:25:00.252,22,71,72,18248,207
188.807,23:25:00.252,22,69,120,17784,207
189.438,23:25:00.880,22,68,176,17584,207
189.438,23:25:00.882,22,68,62,17470,207
189.438,23:25:00.882,21,67,188,17340,207
189.438,23:25:00.882,21,67,34,17186,207
189.438,23:25:00.883,21,66,206,17102,207
189.438,23:25:00.883,21,65,172,16812,207
189.438,23:25:00.883,20,65,70,16710,207
189.438,23:25:00.884,20,64,178,16562,207
189.438,23:25:00.884,20,63,230,16358,207
189.438,23:25:00.884,20,63,86,16214,207
190.009,23:25:01.451,20,62,230,16102,207
190.009,23:25:01.452,20,62,58,15930,207
190.009,23:25:01.452,19,61,184,15800,207
190.009,23:25:01.452,19,61,94,15710,207
190.009,23:25:01.453,19,60,168,15528,207
190.009,23:25:01.453,19,59,202,15306,207
190.009,23:25:01.453,19,59,28,15132,207
190.009,23:25:01.453,19,58,216,15064,207
190.009,23:25:01.454,18,57,214,14806,207
190.009,23:25:01.454,18,57,150,14742,207
190.611,23:25:02.054,18,57,46,14638,207
190.611,23:25:02.054,18,56,210,14546,207
190.611,23:25:02.055,18,56,90,14426,207
190.611,23:25:02.055,18,55,228,14308,207
190.611,23:25:02.055,17,55,92,14172,207
190.611,23:25:02.056,17,54,210,14034,207
190.611,23:25:02.056,17,54,232,14056,207
190.611,23:25:02.056,17,53,210,13778,207
190.611,23:25:02.057,17,53,154,13722,207
191.227,23:25:02.670,17,53,24,13592,207
191.227,23:25:02.670,16,52,82,13394,207
191.227,23:25:02.670,16,51,98,13154,207
191.227,23:25:02.672,16,50,190,12990,207
191.227,23:25:02.672,16,49,242,12786,207
191.227,23:25:02.672,16,48,194,12482,207
191.227,23:25:02.672,16,48,186,12474,207
191.227,23:25:02.673,15,47,102,12134,207
191.227,23:25:02.673,15,46,154,11930,207
191.859,23:25:03.301,15,46,160,11936,207
191.859,23:25:03.302,15,44,172,11436,207
191.859,23:25:03.302,14,44,104,11368,207
191.859,23:25:03.302,14,44,70,11334,207
191.859,23:25:03.303,14,43,186,11194,207
191.859,23:25:03.303,14,44,6,11270,207
191.859,23:25:03.303,13,49,80,12624,208
191.859,23:25:03.303,13,50,196,12996,208
191.859,23:25:03.304,13,52,216,13528,208
192.475,23:25:03.917,12,56,190,14526,209
192.475,23:25:03.918,12,56,82,14418,209
192.475,23:25:03.918,12,55,14,14094,210
192.475,23:25:03.918,12,51,210,13266,210
192.475,23:25:03.919,11,50,206,13006,210
192.475,23:25:03.919,11,49,132,12676,211
192.475,23:25:03.919,11,47,240,12272,211
192.475,23:25:03.919,11,47,204,12236,211
192.475,23:25:03.920,10,47,110,12142,211
193.029,23:25:04.472,10,45,226,11746,212
193.029,23:25:04.472,10,45,18,11538,212
193.029,23:25:04.473,10,44,44,11308,213
193.029,23:25:04.473,9,41,148,10644,213
193.029,23:25:04.474,9,40,234,10474,213
193.029,23:25:04.474,9,40,40,10280,213
193.029,23:25:04.474,9,40,176,10416,214
193.029,23:25:04.474,9,40,150,10390,214
193.629,23:25:05.072,8,39,198,10182,214
193.629,23:25:05.072,8,38,108,9836,215
193.629,23:25:05.073,8,37,94,9566,215
193.629,23:25:05.073,8,37,0,9472,215
193.629,23:25:05.075,8,37,4,9476,215
193.629,23:25:05.075,8,36,190,9406,216
193.629,23:25:05.075,8,36,86,9302,216
193.629,23:25:05.075,8,36,66,9282,216
193.629,23:25:05.076,8,36,42,9258,216
193.629,23:25:05.076,8,35,226,9186,217
193.629,23:25:05.076,8,35,194,9154,217
194.244,23:25:05.687,8,35,138,9098,217
194.244,23:25:05.688,8,35,42,9002,217
194.244,23:25:05.688,7,34,240,8944,218
194.244,23:25:05.688,7,34,134,8838,218
194.244,23:25:05.688,7,34,76,8780,218
194.244,23:25:05.689,7,34,32,8736,219
194.244,23:25:05.689,7,33,176,8624,219
194.244,23:25:05.689,7,33,152,8600,220
194.244,23:25:05.690,7,33,100,8548,220
194.244,23:25:05.690,7,33,84,8532,220
194.244,23:25:05.690,7,32,250,8442,220
194.860,23:25:06.303,7,32,218,8410,221
194.860,23:25:06.304,7,32,150,8342,221
194.860,23:25:06.304,7,32,62,8254,221
194.860,23:25:06.304,7,31,238,8174,221
194.860,23:25:06.304,7,31,210,8146,222
194.860,23:25:06.305,7,31,240,8176,222
194.860,23:25:06.305,7,31,208,8144,222
194.860,23:25:06.305,7,31,172,8108,222
194.860,23:25:06.306,7,31,180,8116,223
194.860,23:25:06.306,7,31,128,8064,223
194.860,23:25:06.306,7,31,124,8060,223
194.860,23:25:06.307,7,31,60,7996,223
195.460,23:25:06.903,7,31,90,8026,223
195.460,23:25:06.904,7,30,154,7834,223
195.460,23:25:06.904,7,30,72,7752,224
195.460,23:25:06.904,7,30,104,7784,224
195.460,23:25:06.905,7,30,128,7808,224
195.460,23:25:06.905,7,30,96,7776,224
195.460,23:25:06.905,7,30,12,7692,225
195.460,23:25:06.905,7,29,186,7610,225
195.460,23:25:06.906,7,29,104,7528,225
195.460,23:25:06.907,7,28,254,7422,225
195.460,23:25:06.907,7,29,56,7480,225
195.460,23:25:06.908,7,29,58,7482,225
196.029,23:25:07.471,6,29,58,7482,226
196.029,23:25:07.472,6,29,86,7510,226
196.029,23:25:07.472,6,29,46,7470,226
196.029,23:25:07.472,6,28,254,7422,226
196.029,23:25:07.473,6,28,216,7384,227
196.029,23:25:07.473,6,28,144,7312,227
196.029,23:25:07.473,6,28,108,7276,227
196.029,23:25:07.473,6,28,14,7182,227
196.029,23:25:07.474,6,28,28,7196,227
196.029,23:25:07.474,6,27,244,7156,227
196.029,23:25:07.474,6,27,198,7110,228
196.029,23:25:07.474,6,27,174,7086,228
196.598,23:25:08.041,6,27,148,7060,228
196.598,23:25:08.042,6,27,108,7020,228
196.598,23:25:08.042,6,27,136,7048,229
196.598,23:25:08.042,6,27,110,7022,229
196.598,23:25:08.042,6,27,6,6918,229
196.598,23:25:08.043,6,27,6,6918,229
196.598,23:25:08.043,6,26,216,6872,229
196.598,23:25:08.043,6,26,192,6848,229
196.598,23:25:08.043,5,26,166,6822,230
196.598,23:25:08.043,5,26,104,6760,230
197.197,23:25:08.640,5,26,52,6708,230
197.197,23:25:08.641,5,26,42,6698,230
197.197,23:25:08.641,5,26,74,6730,231
197.197,23:25:08.641,5,26,100,6756,231
197.197,23:25:08.642,5,26,112,6768,231
197.197,23:25:08.642,5,26,146,6802,231
197.197,23:25:08.642,5,26,176,6832,231
197.197,23:25:08.642,5,26,168,6824,231
197.197,23:25:08.643,5,26,140,6796,232
197.197,23:25:08.643,5,26,86,6742,232
197.197,23:25:08.643,5,26,84,6740,232
197.765,23:25:09.209,5,26,32,6688,232
197.765,23:25:09.209,5,26,28,6684,233
197.765,23:25:09.209,5,26,48,6704,233
197.765,23:25:09.209,5,26,56,6712,233
197.765,23:25:09.210,5,26,82,6738,233
197.765,23:25:09.210,5,26,98,6754,233
197.765,23:25:09.210,5,26,118,6774,233
197.765,23:25:09.210,5,26,140,6796,234
197.765,23:25:09.210,5,26,140,6796,234
197.765,23:25:09.211,5,26,138,6794,234
197.765,23:25:09.211,5,26,120,6776,234
198.364,23:25:09.807,4,26,62,6718,235
198.364,23:25:09.808,4,26,36,6692,235
198.364,23:25:09.808,4,26,14,6670,235
198.364,23:25:09.808,4,25,250,6650,235
198.364,23:25:09.809,4,25,226,6626,236
198.364,23:25:09.809,4,25,192,6592,236
198.364,23:25:09.809,4,25,186,6586,236
198.364,23:25:09.809,4,25,192,6592,236
198.364,23:25:09.810,4,25,206,6606,236
198.364,23:25:09.810,4,25,196,6596,236
198.364,23:25:09.810,4,25,182,6582,237
198.364,23:25:09.811,4,25,220,6620,237
198.935,23:25:10.377,4,25,242,6642,237
198.935,23:25:10.378,4,25,244,6644,237
198.935,23:25:10.378,4,25,224,6624,238
198.935,23:25:10.378,4,25,170,6570,238
198.935,23:25:10.378,4,25,170,6570,238
198.935,23:25:10.379,4,25,182,6582,238
198.935,23:25:10.379,4,25,154,6554,239
198.935,23:25:10.379,4,25,176,6576,239
198.935,23:25:10.380,4,25,142,6542,239
198.935,23:25:10.380,4,25,164,6564,239
198.935,23:25:10.380,4,25,178,6578,239
199.550,23:25:10.993,4,25,122,6522,239
199.550,23:25:10.994,4,25,140,6540,240
199.550,23:25:10.994,4,25,176,6576,240
199.550,23:25:10.994,4,25,194,6594,240
199.550,23:25:10.995,4,25,128,6528,240
199.550,23:25:10.996,4,25,144,6544,241
199.550,23:25:10.996,4,25,108,6508,241
199.550,23:25:10.996,4,25,118,6518,241
199.550,23:25:10.997,4,25,176,6576,241
199.550,23:25:10.997,4,26,22,6678,242
199.550,23:25:10.997,4,26,24,6680,242
199.550,23:25:10.998,4,26,26,6682,242
199.550,23:25:10.998,4,25,194,6594,242
200.166,23:25:11.609,4,25,174,6574,243
200.166,23:25:11.610,4,25,130,6530,243
200.166,23:25:11.610,4,25,130,6530,243
200.166,23:25:11.611,4,25,146,6546,243
200.166,23:25:11.611,4,25,216,6616,244
200.166,23:25:11.611,4,25,228,6628,244
200.166,23:25:11.612,4,25,242,6642,244
200.166,23:25:11.612,4,25,204,6604,244
200.166,23:25:11.612,4,25,142,6542,245
200.166,23:25:11.613,4,25,126,6526,245
200.166,23:25:11.613,4,25,130,6530,245
200.166,23:25:11.613,4,25,150,6550,245
200.723,23:25:12.166,4,25,234,6634,246
200.723,23:25:12.167,4,25,210,6610,246
200.723,23:25:12.167,4,25,96,6496,246
200.723,23:25:12.167,4,25,50,6450,246
200.723,23:25:12.168,4,25,78,6478,247
200.723,23:25:12.168,4,25,192,6592,247
200.723,23:25:12.168,4,25,174,6574,247
200.723,23:25:12.169,4,25,180,6580,247
200.723,23:25:12.169,4,25,134,6534,248
200.723,23:25:12.169,4,25,136,6536,248
200.723,23:25:12.170,4,25,138,6538,248
201.330,23:25:12.773,4,25,144,6544,248
201.330,23:25:12.774,4,25,190,6590,249
201.330,23:25:12.774,4,25,176,6576,249
201.330,23:25:12.774,4,25,170,6570,249
201.330,23:25:12.775,4,25,194,6594,249
201.330,23:25:12.775,4,25,174,6574,250
201.330,23:25:12.775,4,25,172,6572,250
201.330,23:25:12.776,4,25,188,6588,250
201.330,23:25:12.776,4,25,162,6562,250
201.330,23:25:12.776,4,25,144,6544,251
201.330,23:25:12.777,4,25,166,6566,251
201.330,23:25:12.777,4,25,128,6528,251
201.961,23:25:13.404,4,25,108,6508,251
201.961,23:25:13.404,4,25,136,6536,251
201.961,23:25:13.405,4,25,118,6518,251
201.961,23:25:13.405,4,25,150,6550,252
201.961,23:25:13.406,4,25,214,6614,252
201.961,23:25:13.406,4,25,194,6594,253
201.961,23:25:13.406,4,25,174,6574,253
201.961,23:25:13.406,4,25,142,6542,253
201.961,23:25:13.407,4,25,164,6564,253
201.961,23:25:13.407,4,25,160,6560,253
201.961,23:25:13.407,4,25,146,6546,253
201.961,23:25:13.408,4,25,102,6502,254
202.515,23:25:13.958,4,25,108,6508,254
202.515,23:25:13.958,4,25,166,6566,255
202.515,23:25:13.959,4,26,202,6858,255
202.515,23:25:13.959,4,27,100,7012,255
202.515,23:25:13.959,4,28,166,7334,0
202.515,23:25:13.959,4,29,144,7568,0
202.515,23:25:13.960,4,30,12,7692,0
203.117,23:25:14.559,4,32,76,8268,1
203.117,23:25:14.560,4,32,238,8430,1
203.117,23:25:14.560,4,33,232,8680,1
203.117,23:25:14.560,4,35,86,9046,2
203.117,23:25:14.560,4,35,218,9178,3
203.117,23:25:14.561,4,36,84,9300,3
203.117,23:25:14.561,4,37,80,9552,4
203.117,23:25:14.561,4,37,178,9650,5
203.117,23:25:14.561,4,38,12,9740,5
203.764,23:25:15.206,4,38,168,9896,6
203.764,23:25:15.206,4,38,212,9940,7
203.764,23:25:15.208,4,38,224,9952,7
203.764,23:25:15.208,4,39,26,10010,8
203.764,23:25:15.208,4,39,4,9988,9
203.764,23:25:15.209,4,39,10,9994,9
203.764,23:25:15.210,4,38,240,9968,9
203.764,23:25:15.210,4,38,198,9926,10
203.764,23:25:15.211,4,38,188,9916,10
203.764,23:25:15.211,4,38,178,9906,11
204.382,23:25:15.825,4,38,172,9900,12
204.382,23:25:15.826,4,38,112,9840,12
204.382,23:25:15.826,5,38,88,9816,13
204.382,23:25:15.826,5,38,88,9816,14
204.382,23:25:15.827,5,38,98,9826,14
204.382,23:25:15.827,5,38,56,9784,15
204.382,23:25:15.827,5,38,38,9766,16
204.382,23:25:15.828,5,38,32,9760,16
204.382,23:25:15.828,5,38,32,9760,17
204.998,23:25:16.440,5,38,68,9796,18
204.998,23:25:16.441,5,38,62,9790,18
204.998,23:25:16.441,5,38,56,9784,19
204.998,23:25:16.441,5,38,54,9782,19
204.998,23:25:16.441,5,38,8,9736,20
204.998,23:25:16.442,5,38,26,9754,20
204.998,23:25:16.442,5,38,26,9754,21
204.998,23:25:16.442,5,38,104,9832,22
204.998,23:25:16.443,5,38,222,9950,22
204.998,23:25:16.443,5,39,164,10148,22
205.644,23:25:17.086,5,39,248,10232,23
205.644,23:25:17.087,5,40,40,10280,23
205.644,23:25:17.087,5,40,96,10336,24
205.644,23:25:17.087,5,40,98,10338,25
205.644,23:25:17.088,5,40,104,10344,25
205.644,23:25:17.088,5,40,120,10360,26
205.644,23:25:17.088,5,40,136,10376,26
205.644,23:25:17.089,5,40,170,10410,27
205.644,23:25:17.089,5,40,66,10306,27
205.644,23:25:17.089,5,39,242,10226,28
205.644,23:25:17.090,5,39,108,10092,28
205.644,23:25:17.090,5,38,166,9894,29
206.212,23:25:17.655,5,38,8,9736,29
206.212,23:25:17.656,6,36,142,9358,30
206.212,23:25:17.656,6,35,246,9206,31
206.212,23:25:17.656,6,35,150,9110,31
206.212,23:25:17.657,6,35,124,9084,31
206.212,23:25:17.657,6,35,142,9102,32
206.212,23:25:17.657,6,35,184,9144,32
206.212,23:25:17.657,6,35,182,9142,33
206.212,23:25:17.657,6,35,254,9214,33
206.828,23:25:18.270,6,36,24,9240,34
206.828,23:25:18.271,6,36,52,9268,34
206.828,23:25:18.271,6,36,220,9436,34
206.828,23:25:18.271,6,36,238,9454,35
206.828,23:25:18.272,6,36,254,9470,35
206.828,23:25:18.272,6,37,6,9478,36
206.828,23:25:18.272,6,37,22,9494,36
206.828,23:25:18.273,6,36,252,9468,37
206.828,23:25:18.273,6,37,100,9572,37
206.828,23:25:18.273,6,38,28,9756,37
206.828,23:25:18.273,6,38,118,9846,37
206.828,23:25:18.274,6,38,158,9886,38
207.474,23:25:18.917,6,38,200,9928,38
207.474,23:25:18.917,6,38,202,9930,39
207.474,23:25:18.918,6,38,214,9942,39
207.474,23:25:18.918,6,38,240,9968,40
207.474,23:25:18.918,6,39,46,10030,40
207.474,23:25:18.919,6,39,132,10116,41
207.474,23:25:18.919,6,39,168,10152,42
207.474,23:25:18.919,6,40,20,10260,42
207.474,23:25:18.919,6,40,62,10302,43
207.474,23:25:18.920,6,40,84,10324,43
207.474,23:25:18.920,6,40,96,10336,44
207.474,23:25:18.920,6,40,90,10330,44
208.075,23:25:19.517,6,40,74,10314,45
208.075,23:25:19.517,6,40,78,10318,45
208.075,23:25:19.518,6,40,102,10342,46
208.075,23:25:19.518,6,40,108,10348,46
208.075,23:25:19.518,6,40,126,10366,46
208.075,23:25:19.520,6,40,146,10386,46
208.075,23:25:19.521,6,40,178,10418,47
208.075,23:25:19.521,6,40,196,10436,47
208.075,23:25:19.521,6,40,204,10444,48
208.075,23:25:19.522,6,40,230,10470,48
208.075,23:25:19.522,6,40,232,10472,49
208.075,23:25:19.522,6,40,254,10494,49
208.675,23:25:20.118,6,41,6,10502,50
208.675,23:25:20.119,6,41,22,10518,51
208.675,23:25:20.119,6,41,32,10528,51
208.675,23:25:20.119,6,41,64,10560,52
208.675,23:25:20.120,6,41,90,10586,52
208.675,23:25:20.120,6,41,120,10616,53
208.675,23:25:20.120,6,41,162,10658,53
208.675,23:25:20.121,6,41,178,10674,54
208.675,23:25:20.121,6,41,198,10694,54
208.675,23:25:20.122,6,41,236,10732,55
208.675,23:25:20.122,6,42,12,10764,55
209.263,23:25:20.706,6,42,20,10772,56
209.263,23:25:20.707,6,42,48,10800,56
209.263,23:25:20.707,6,42,66,10818,57
209.263,23:25:20.707,6,42,80,10832,58
209.263,23:25:20.708,7,42,124,10876,58
209.263,23:25:20.708,7,42,226,10978,59
209.263,23:25:20.708,7,43,64,11072,59
209.263,23:25:20.708,7,43,224,11232,60
209.263,23:25:20.709,7,44,50,11314,61
209.862,23:25:21.305,7,44,88,11352,61
209.862,23:25:21.305,7,44,168,11432,62
209.862,23:25:21.306,7,44,204,11468,62
209.862,23:25:21.306,7,45,70,11590,63
209.862,23:25:21.306,7,45,174,11694,63
209.862,23:25:21.307,7,46,32,11808,64
209.862,23:25:21.307,7,46,242,12018,64
209.862,23:25:21.307,7,48,26,12314,66
209.862,23:25:21.308,7,48,234,12522,66
209.862,23:25:21.308,7,50,0,12800,67
209.862,23:25:21.308,7,51,18,13074,67
209.862,23:25:21.308,7,51,206,13262,69
210.478,23:25:21.921,7,53,12,13580,69
210.478,23:25:21.922,7,54,36,13860,70
210.478,23:25:21.922,7,54,184,14008,72
210.478,23:25:21.922,7,54,230,14054,72
210.478,23:25:21.923,7,54,236,14060,74
210.478,23:25:21.923,7,55,26,14106,74
210.478,23:25:21.923,7,55,68,14148,76
210.478,23:25:21.923,7,55,82,14162,76
210.478,23:25:21.924,7,55,116,14196,78
210.478,23:25:21.924,7,55,162,14242,78
210.478,23:25:21.924,8,55,194,14274,79
211.032,23:25:22.475,8,55,222,14302,79
211.032,23:25:22.476,8,55,210,14290,81
211.032,23:25:22.476,8,55,242,14322,83
211.032,23:25:22.476,8,56,82,14418,83
211.032,23:25:22.476,8,56,140,14476,85
211.032,23:25:22.477,8,56,184,14520,85
211.032,23:25:22.477,8,57,44,14636,87
211.032,23:25:22.477,8,57,84,14676,89
211.032,23:25:22.478,8,57,114,14706,89
211.649,23:25:23.092,8,57,200,14792,91
211.649,23:25:23.093,8,58,6,14854,91
211.649,23:25:23.093,8,58,72,14920,93
211.649,23:25:23.093,8,58,120,14968,93
211.649,23:25:23.094,8,58,152,15000,95
211.649,23:25:23.094,8,58,218,15066,95
211.649,23:25:23.094,9,59,8,15112,97
211.649,23:25:23.095,9,59,38,15142,97
211.649,23:25:23.095,9,59,64,15168,99
211.649,23:25:23.095,9,59,84,15188,99
211.649,23:25:23.095,9,59,162,15266,101
211.649,23:25:23.096,9,59,190,15294,103
212.218,23:25:23.660,9,60,0,15360,103
212.218,23:25:23.660,9,60,18,15378,105
212.218,23:25:23.661,9,60,44,15404,105
212.218,23:25:23.662,9,60,68,15428,107
212.218,23:25:23.662,9,60,98,15458,107
212.218,23:25:23.663,9,60,156,15516,109
212.218,23:25:23.663,9,60,194,15554,109
212.218,23:25:23.663,9,61,44,15660,111
212.218,23:25:23.663,9,61,90,15706,113
212.817,23:25:24.260,10,61,156,15772,115
212.817,23:25:24.261,10,61,188,15804,115
212.817,23:25:24.261,10,62,160,16032,117
212.817,23:25:24.261,10,62,222,16094,119
212.817,23:25:24.261,10,63,26,16154,119
212.817,23:25:24.262,10,61,194,15810,121
212.817,23:25:24.262,10,60,126,15486,121
212.817,23:25:24.262,10,59,102,15206,123
212.817,23:25:24.263,10,58,180,15028,123
212.817,23:25:24.263,10,58,126,14974,125
213.405,23:25:24.848,10,58,128,14976,126
213.405,23:25:24.848,10,58,112,14960,126
213.405,23:25:24.848,10,58,68,14916,127
213.405,23:25:24.849,10,58,104,14952,127
213.405,23:25:24.849,10,58,146,14994,128
213.405,23:25:24.849,10,58,218,15066,129
213.405,23:25:24.849,10,58,230,15078,131
213.405,23:25:24.849,10,59,10,15114,131
213.405,23:25:24.850,10,59,42,15146,132
213.405,23:25:24.850,10,59,98,15202,132
214.023,23:25:25.465,10,59,100,15204,133
214.023,23:25:25.466,10,59,98,15202,133
214.023,23:25:25.466,10,59,142,15246,134
214.023,23:25:25.466,11,59,166,15270,134
214.023,23:25:25.467,11,59,188,15292,135
214.023,23:25:25.467,11,59,236,15340,137
214.023,23:25:25.467,11,60,32,15392,137
214.023,23:25:25.468,11,60,142,15502,138
214.023,23:25:25.468,11,61,90,15706,139
214.023,23:25:25.468,11,61,112,15728,139
214.591,23:25:26.035,11,61,158,15774,141
214.591,23:25:26.036,11,61,166,15782,141
214.591,23:25:26.036,11,61,208,15824,142
214.591,23:25:26.037,11,61,222,15838,142
214.591,23:25:26.037,11,62,12,15884,144
214.591,23:25:26.038,11,62,16,15888,145
214.591,23:25:26.038,11,62,56,15928,145
214.591,23:25:26.038,11,62,72,15944,147
214.591,23:25:26.039,11,62,16,15888,147
214.591,23:25:26.039,11,61,144,15760,148
215.194,23:25:26.637,11,60,26,15386,148
215.194,23:25:26.638,11,58,108,14956,149
215.194,23:25:26.638,11,55,12,14092,151
215.194,23:25:26.638,11,53,248,13816,151
215.194,23:25:26.638,11,53,188,13756,151
215.194,23:25:26.639,11,56,124,14460,152
215.194,23:25:26.639,11,56,42,14378,152
215.194,23:25:26.639,11,55,202,14282,153
215.194,23:25:26.640,11,55,120,14200,153
215.762,23:25:27.205,11,55,102,14182,153
215.762,23:25:27.205,11,55,70,14150,154
215.762,23:25:27.206,11,54,196,14020,155
215.762,23:25:27.207,11,54,132,13956,155
215.762,23:25:27.207,11,54,150,13974,155
215.762,23:25:27.207,11,54,194,14018,155
215.762,23:25:27.207,11,54,220,14044,156
215.762,23:25:27.207,11,55,26,14106,156
215.762,23:25:27.208,11,55,150,14230,156
215.762,23:25:27.208,11,57,206,14798,157
216.424,23:25:27.867,11,59,52,15156,158
216.424,23:25:27.868,11,60,216,15576,158
216.424,23:25:27.868,11,61,36,15652,159
216.424,23:25:27.869,11,60,238,15598,161
216.424,23:25:27.869,11,60,218,15578,161
216.424,23:25:27.869,11,60,228,15588,162
216.424,23:25:27.869,11,61,0,15616,162
216.424,23:25:27.870,11,61,6,15622,163
216.424,23:25:27.871,11,61,52,15668,163
216.424,23:25:27.871,11,61,2,15618,165
216.424,23:25:27.872,11,61,8,15624,166
217.040,23:25:28.482,11,61,28,15644,166
217.040,23:25:28.483,11,61,72,15688,167
217.040,23:25:28.483,11,61,106,15722,167
217.040,23:25:28.483,11,61,156,15772,169
217.040,23:25:28.483,11,61,98,15714,169
217.040,23:25:28.484,11,60,242,15602,170
217.040,23:25:28.484,11,60,92,15452,170
217.040,23:25:28.484,11,59,106,15210,171
217.040,23:25:28.484,11,57,208,14800,171
217.040,23:25:28.485,11,55,122,14202,172
217.040,23:25:28.485,11,54,82,13906,173
217.595,23:25:29.038,11,53,158,13726,173
217.595,23:25:29.038,11,52,62,13374,174
217.595,23:25:29.038,11,52,178,13490,174
217.595,23:25:29.039,11,52,218,13530,174
217.595,23:25:29.039,11,53,14,13582,174
217.595,23:25:29.039,11,52,232,13544,175
217.595,23:25:29.040,11,50,248,13048,175
217.595,23:25:29.040,11,48,244,12532,175
217.595,23:25:29.040,11,45,188,11708,176
217.595,23:25:29.041,11,43,164,11172,176
218.193,23:25:29.636,11,41,180,10676,176
218.193,23:25:29.637,11,40,224,10464,176
218.193,23:25:29.637,11,40,126,10366,176
218.193,23:25:29.637,11,40,208,10448,176
218.193,23:25:29.638,11,40,244,10484,176
218.193,23:25:29.638,11,41,148,10644,177
218.193,23:25:29.638,11,42,88,10840,177
218.193,23:25:29.639,11,42,224,10976,178
218.193,23:25:29.639,11,43,136,11144,178
218.193,23:25:29.639,11,44,108,11372,179
218.193,23:25:29.639,11,45,28,11548,179
218.823,23:25:30.266,11,45,236,11756,179
218.823,23:25:30.267,11,46,150,11926,179
218.823,23:25:30.267,11,47,112,12144,180
218.823,23:25:30.267,11,47,254,12286,180
218.823,23:25:30.268,11,49,20,12564,181
218.823,23:25:30.268,11,50,16,12816,181
218.823,23:25:30.268,11,51,66,13122,181
218.823,23:25:30.269,11,51,192,13248,182
218.823,23:25:30.269,10,52,54,13366,182
218.823,23:25:30.269,10,52,178,13490,183
218.823,23:25:30.270,10,53,2,13570,183
219.423,23:25:30.866,10,52,250,13562,183
219.423,23:25:30.866,10,53,4,13572,184
219.423,23:25:30.867,10,52,186,13498,184
219.423,23:25:30.867,10,52,204,13516,185
219.423,23:25:30.867,10,52,156,13468,185
219.423,23:25:30.868,10,52,166,13478,185
219.423,23:25:30.868,10,52,184,13496,185
219.423,23:25:30.868,10,52,180,13492,186
219.423,23:25:30.868,10,52,180,13492,186
219.423,23:25:30.869,10,52,222,13534,186
219.423,23:25:30.869,10,52,238,13550,186
219.423,23:25:30.869,10,53,28,13596,187
220.038,23:25:31.481,10,53,50,13618,187
220.038,23:25:31.482,10,53,94,13662,188
220.038,23:25:31.482,10,53,110,13678,188
220.038,23:25:31.482,10,52,206,13518,189
220.038,23:25:31.483,10,52,100,13412,189
220.038,23:25:31.483,10,52,150,13462,189
220.038,23:25:31.483,10,52,220,13532,190
220.038,23:25:31.483,10,52,86,13398,190
220.038,23:25:31.484,10,51,188,13244,191
220.038,23:25:31.484,10,50,128,12928,191
220.038,23:25:31.484,10,49,188,12732,191
220.607,23:25:32.050,10,51,12,13068,191
220.607,23:25:32.051,10,52,250,13562,192
220.607,23:25:32.051,10,52,8,13320,192
220.607,23:25:32.051,10,50,78,12878,192
220.607,23:25:32.051,10,51,18,13074,192
220.607,23:25:32.052,10,50,96,12896,192
220.607,23:25:32.052,10,49,218,12762,192
220.607,23:25:32.052,10,49,222,12766,192
221.178,23:25:32.621,10,49,98,12642,192
221.178,23:25:32.621,10,49,24,12568,192
221.178,23:25:32.621,10,48,216,12504,192
221.178,23:25:32.622,10,48,130,12418,192
221.178,23:25:32.622,10,48,56,12344,192
221.178,23:25:32.623,10,48,48,12336,192
221.178,23:25:32.623,10,48,4,12292,192
221.178,23:25:32.623,10,47,160,12192,192
221.178,23:25:32.623,9,47,90,12122,192
221.792,23:25:33.235,9,47,46,12078,192
221.792,23:25:33.236,9,46,210,11986,192
221.792,23:25:33.236,9,46,162,11938,192
221.792,23:25:33.236,9,46,84,11860,192
221.792,23:25:33.236,9,46,54,11830,192
221.792,23:25:33.237,9,45,240,11760,192
221.792,23:25:33.237,9,45,184,11704,192
221.792,23:25:33.237,9,45,126,11646,192
221.792,23:25:33.238,9,45,86,11606,192
221.792,23:25:33.238,9,44,250,11514,192
221.792,23:25:33.238,9,44,192,11456,192
221.792,23:25:33.238,9,44,162,11426,192
221.792,23:25:33.239,9,44,118,11382,192
222.346,23:25:33.789,9,44,58,11322,192
222.346,23:25:33.789,9,43,238,11246,192
222.346,23:25:33.790,9,43,160,11168,192
222.346,23:25:33.790,9,43,82,11090,192
222.346,23:25:33.790,9,43,26,11034,192
222.346,23:25:33.790,9,43,10,11018,192
222.346,23:25:33.791,9,42,208,10960,192
222.346,23:25:33.791,8,42,60,10812,192
222.346,23:25:33.791,8,42,42,10794,192
222.961,23:25:34.404,8,41,242,10738,192
222.961,23:25:34.404,8,41,136,10632,192
222.961,23:25:34.405,8,41,72,10568,192
222.961,23:25:34.405,8,41,14,10510,192
222.961,23:25:34.405,8,41,2,10498,192
222.961,23:25:34.406,8,40,228,10468,192
222.961,23:25:34.407,8,41,24,10520,192
222.961,23:25:34.407,8,41,20,10516,192
222.961,23:25:34.408,8,40,64,10304,192
222.961,23:25:34.408,8,39,178,10162,192
222.961,23:25:34.408,8,40,108,10348,192
222.961,23:25:34.409,8,40,146,10386,193
223.531,23:25:34.975,8,40,58,10298,193
223.531,23:25:34.975,8,39,174,10158,194
223.531,23:25:34.975,8,39,86,10070,194
223.531,23:25:34.975,8,39,172,10156,194
223.531,23:25:34.976,8,40,38,10278,194
223.531,23:25:34.976,8,39,186,10170,195
223.531,23:25:34.976,8,39,130,10114,195
223.531,23:25:34.977,8,39,134,10118,196
223.531,23:25:34.977,8,39,130,10114,196
223.531,23:25:34.977,8,39,166,10150,196
223.531,23:25:34.978,8,39,206,10190,196
224.084,23:25:35.527,8,39,246,10230,197
224.084,23:25:35.528,8,39,180,10164,197
224.084,23:25:35.528,8,39,100,10084,197
224.084,23:25:35.528,8,39,0,9984,197
224.084,23:25:35.529,8,39,48,10032,198
224.084,23:25:35.529,8,39,48,10032,198
224.084,23:25:35.529,8,39,120,10104,199
224.084,23:25:35.529,8,39,150,10134,199
224.084,23:25:35.530,8,39,160,10144,199
224.084,23:25:35.530,8,39,56,10040,199
224.084,23:25:35.530,8,38,232,9960,200
224.718,23:25:36.161,8,38,224,9952,200
224.718,23:25:36.162,8,39,44,10028,200
224.718,23:25:36.162,8,39,64,10048,200
224.718,23:25:36.162,8,39,66,10050,201
224.718,23:25:36.163,8,38,250,9978,201
224.718,23:25:36.163,8,38,236,9964,201
224.718,23:25:36.163,8,39,24,10008,201
224.718,23:25:36.163,8,39,96,10080,202
224.718,23:25:36.164,7,39,30,10014,202
224.718,23:25:36.164,7,38,162,9890,202
224.718,23:25:36.164,8,38,164,9892,202
224.718,23:25:36.165,7,39,54,10038,203
224.718,23:25:36.166,7,39,82,10066,203
225.273,23:25:36.715,8,38,250,9978,203
225.273,23:25:36.715,7,38,88,9816,203
225.273,23:25:36.717,7,38,120,9848,204
225.273,23:25:36.717,7,38,254,9982,204
225.273,23:25:36.717,7,39,28,10012,204
225.273,23:25:36.718,7,38,178,9906,204
225.273,23:25:36.718,7,38,88,9816,205
225.887,23:25:37.330,7,38,112,9840,206
225.887,23:25:37.330,7,37,238,9710,206
225.887,23:25:37.330,7,37,222,9694,206
225.887,23:25:37.331,7,37,158,9630,206
225.887,23:25:37.331,7,37,198,9670,207
225.887,23:25:37.331,7,37,178,9650,207
225.887,23:25:37.332,7,37,206,9678,207
225.887,23:25:37.332,7,38,40,9768,208
225.887,23:25:37.332,7,38,86,9814,208
225.887,23:25:37.333,7,38,144,9872,208
226.485,23:25:37.927,7,39,14,9998,208
226.485,23:25:37.927,7,39,154,10138,209
226.485,23:25:37.929,7,40,60,10300,209
226.485,23:25:37.929,7,40,150,10390,210
226.485,23:25:37.929,7,41,78,10574,210
226.485,23:25:37.930,7,42,32,10784,211
226.485,23:25:37.930,7,42,124,10876,211
226.485,23:25:37.930,7,42,220,10972,211
226.485,23:25:37.931,7,42,246,10998,211
226.485,23:25:37.931,7,43,68,11076,212
226.485,23:25:37.931,7,43,68,11076,213
227.085,23:25:38.528,7,43,72,11080,213
227.085,23:25:38.528,7,43,68,11076,214
227.085,23:25:38.529,7,43,102,11110,214
227.085,23:25:38.529,7,43,122,11130,215
227.085,23:25:38.529,7,43,172,11180,215
227.085,23:25:38.531,7,43,194,11202,215
227.085,23:25:38.531,8,43,208,11216,215
227.085,23:25:38.531,8,43,234,11242,216
227.085,23:25:38.531,8,43,254,11262,216
227.085,23:25:38.532,8,44,16,11280,217
227.085,23:25:38.532,8,43,246,11254,217
227.085,23:25:38.532,8,43,208,11216,218
227.655,23:25:39.098,8,43,186,11194,218
227.655,23:25:39.099,8,43,144,11152,219
227.655,23:25:39.099,8,43,158,11166,219
227.655,23:25:39.099,8,43,110,11118,219
227.655,23:25:39.099,8,43,138,11146,219
227.655,23:25:39.100,8,43,166,11174,220
227.655,23:25:39.100,8,43,172,11180,220
227.655,23:25:39.100,8,43,178,11186,221
227.655,23:25:39.101,8,43,172,11180,221
227.655,23:25:39.101,8,43,170,11178,221
227.655,23:25:39.101,8,43,186,11194,221
228.223,23:25:39.665,8,43,186,11194,222
228.223,23:25:39.666,8,43,132,11140,222
228.223,23:25:39.666,8,43,122,11130,223
228.223,23:25:39.666,8,43,104,11112,223
228.223,23:25:39.667,8,43,66,11074,223
228.223,23:25:39.667,8,43,82,11090,223
228.223,23:25:39.667,8,43,76,11084,224
228.223,23:25:39.667,8,43,72,11080,224
228.223,23:25:39.668,8,43,78,11086,225
228.223,23:25:39.668,8,43,60,11068,225
228.223,23:25:39.668,8,43,22,11030,225
228.223,23:25:39.669,8,42,174,10926,225
228.837,23:25:40.280,8,42,138,10890,226
228.837,23:25:40.280,8,42,90,10842,226
228.837,23:25:40.281,8,42,136,10888,226
228.837,23:25:40.281,8,42,132,10884,226
228.837,23:25:40.281,8,42,84,10836,227
228.837,23:25:40.282,8,42,112,10864,227
228.837,23:25:40.282,8,42,74,10826,228
228.837,23:25:40.282,8,42,100,10852,228
228.837,23:25:40.282,8,42,100,10852,228
228.837,23:25:40.283,8,42,114,10866,228
228.837,23:25:40.284,8,42,142,10894,229
228.837,23:25:40.284,8,42,152,10904,229
229.438,23:25:40.881,8,42,180,10932,230
229.438,23:25:40.882,8,42,66,10818,230
229.438,23:25:40.882,8,42,42,10794,230
229.438,23:25:40.882,8,41,248,10744,230
229.438,23:25:40.882,8,42,10,10762,231
229.438,23:25:40.883,8,41,250,10746,231
229.438,23:25:40.883,8,41,200,10696,231
229.438,23:25:40.883,8,41,140,10636,231
229.438,23:25:40.884,8,41,130,10626,232
229.438,23:25:40.884,8,41,90,10586,232
229.438,23:25:40.884,8,41,62,10558,233
229.438,23:25:40.885,8,41,62,10558,233
230.040,23:25:41.483,8,41,8,10504,233
230.040,23:25:41.483,8,40,240,10480,233
230.040,23:25:41.484,8,41,10,10506,234
230.040,23:25:41.484,8,40,240,10480,234
230.040,23:25:41.484,8,40,220,10460,234
230.040,23:25:41.485,8,40,238,10478,234
230.040,23:25:41.485,8,41,16,10512,235
230.040,23:25:41.486,8,41,16,10512,235
230.040,23:25:41.486,8,41,6,10502,235
230.040,23:25:41.486,8,40,214,10454,235
230.040,23:25:41.486,8,40,204,10444,236
230.040,23:25:41.487,8,40,198,10438,236
230.612,23:25:42.056,8,40,152,10392,236
230.612,23:25:42.056,8,40,26,10266,237
230.612,23:25:42.057,8,40,38,10278,237
230.612,23:25:42.057,8,40,58,10298,237
230.612,23:25:42.058,8,40,68,10308,237
230.612,23:25:42.058,8,39,242,10226,238
230.612,23:25:42.058,8,39,196,10180,238
230.612,23:25:42.059,8,39,200,10184,238
230.612,23:25:42.059,8,39,116,10100,239
231.184,23:25:42.629,8,39,86,10070,239
231.184,23:25:42.629,8,38,234,9962,239
231.184,23:25:42.629,8,38,176,9904,240
231.184,23:25:42.630,8,38,130,9858,240
231.184,23:25:42.630,8,38,130,9858,240
231.184,23:25:42.630,8,38,52,9780,241
231.184,23:25:42.631,8,37,202,9674,241
231.184,23:25:42.631,8,37,204,9676,242
231.743,23:25:43.186,8,37,228,9700,242
231.743,23:25:43.187,8,38,14,9742,242
231.743,23:25:43.187,8,38,46,9774,243
231.743,23:25:43.187,8,38,64,9792,243
231.743,23:25:43.187,8,38,112,9840,243
231.743,23:25:43.187,8,38,120,9848,244
231.743,23:25:43.188,8,38,58,9786,244
231.743,23:25:43.188,8,37,242,9714,244
232.283,23:25:43.726,8,37,62,9534,245
232.283,23:25:43.727,8,36,206,9422,245
232.283,23:25:43.727,8,36,194,9410,245
232.283,23:25:43.727,8,36,186,9402,246
232.283,23:25:43.728,8,36,168,9384,246
232.283,23:25:43.728,8,36,144,9360,246
232.283,23:25:43.728,8,36,70,9286,247
232.283,23:25:43.729,8,36,122,9338,247
232.283,23:25:43.729,8,36,158,9374,247
232.914,23:25:44.358,8,36,76,9292,247
232.914,23:25:44.358,8,36,86,9302,248
232.914,23:25:44.359,8,36,84,9300,248
232.914,23:25:44.359,8,36,6,9222,248
232.914,23:25:44.359,8,35,142,9102,249
232.914,23:25:44.359,8,35,114,9074,249
232.914,23:25:44.360,8,35,54,9014,249
232.914,23:25:44.360,8,35,14,8974,250
232.914,23:25:44.360,7,34,230,8934,250
232.914,23:25:44.360,7,34,214,8918,250
233.483,23:25:44.926,7,34,222,8926,251
233.483,23:25:44.926,7,34,112,8816,251
233.483,23:25:44.926,7,34,24,8728,251
233.483,23:25:44.927,7,34,12,8716,251
233.483,23:25:44.927,7,33,222,8670,251
233.483,23:25:44.927,7,33,204,8652,252
233.483,23:25:44.928,7,33,96,8544,252
233.483,23:25:44.928,7,33,78,8526,252
233.483,23:25:44.928,7,33,38,8486,253
234.083,23:25:45.526,7,32,206,8398,253
234.083,23:25:45.527,7,32,110,8302,253
234.083,23:25:45.527,7,32,54,8246,253
234.083,23:25:45.527,7,31,210,8146,254
234.083,23:25:45.528,6,31,160,8096,254
234.083,23:25:45.528,6,31,54,7990,254
234.083,23:25:45.528,6,30,178,7858,255
234.083,23:25:45.528,6,30,18,7698,255
234.083,23:25:45.529,6,29,170,7594,255
234.650,23:25:46.093,6,29,22,7446,0
234.650,23:25:46.094,6,28,200,7368,0
234.650,23:25:46.094,6,28,88,7256,0
234.650,23:25:46.094,5,27,168,7080,0
234.650,23:25:46.095,5,27,104,7016,0
234.650,23:25:46.095,5,26,254,6910,1
234.650,23:25:46.095,5,26,66,6722,1
234.650,23:25:46.095,5,25,234,6634,1
235.218,23:25:46.661,5,25,182,6582,2
235.218,23:25:46.662,4,25,14,6414,2
235.218,23:25:46.662,4,24,216,6360,2
235.218,23:25:46.662,4,24,160,6304,3
235.218,23:25:46.662,4,24,220,6364,3
235.218,23:25:46.663,4,25,96,6496,3
235.218,23:25:46.663,4,25,200,6600,3
235.218,23:25:46.663,4,25,236,6636,4
235.864,23:25:47.307,3,25,168,6568,4
235.864,23:25:47.308,3,26,12,6668,5
235.864,23:25:47.308,3,26,168,6824,5
235.864,23:25:47.308,3,26,206,6862,5
235.864,23:25:47.309,3,26,160,6816,6
235.864,23:25:47.309,3,25,28,6428,6
235.864,23:25:47.309,2,24,236,6380,6
235.864,23:25:47.310,2,24,208,6352,7
235.864,23:25:47.310,2,24,134,6278,7
235.864,23:25:47.310,2,24,28,6172,7
236.543,23:25:47.985,2,23,254,6142,8
236.543,23:25:47.986,2,23,244,6132,8
236.543,23:25:47.986,1,24,70,6214,8
236.543,23:25:47.988,1,24,120,6264,8
236.543,23:25:47.988,1,25,166,6566,9
236.543,23:25:47.988,1,26,18,6674,9
236.543,23:25:47.988,1,26,128,6784,10
236.543,23:25:47.989,1,27,36,6948,10
236.543,23:25:47.989,1,26,236,6892,10
236.543,23:25:47.989,1,26,218,6874,11
237.192,23:25:48.635,0,27,44,6956,12
237.192,23:25:48.636,0,27,12,6924,12
237.192,23:25:48.636,0,27,10,6922,12
237.192,23:25:48.636,0,27,14,6926,13
237.192,23:25:48.636,0,27,24,6936,13
237.192,23:25:48.637,0,26,250,6906,13
237.192,23:25:48.637,0,26,250,6906,13
237.192,23:25:48.637,0,26,252,6908,14
237.858,23:25:49.300,0,27,10,6922,14
237.858,23:25:49.302,0,27,12,6924,15
237.858,23:25:49.302,0,26,236,6892,15
237.858,23:25:49.302,0,26,232,6888,16
237.858,23:25:49.303,0,27,14,6926,16
237.858,23:25:49.303,0,26,198,6854,17
237.858,23:25:49.303,0,26,248,6904,17
237.858,23:25:49.303,0,27,20,6932,17
237.858,23:25:49.304,0,26,248,6904,17
238.459,23:25:49.901,0,27,4,6916,18
238.459,23:25:49.902,0,26,232,6888,18
238.459,23:25:49.902,0,26,250,6906,18
238.459,23:25:49.902,0,27,24,6936,18
238.459,23:25:49.903,0,26,230,6886,19
238.459,23:25:49.903,0,26,244,6900,19
238.459,23:25:49.903,0,26,244,6900,19
238.459,23:25:49.904,0,26,216,6872,19
238.459,23:25:49.904,0,26,254,6910,20
238.459,23:25:49.904,0,26,236,6892,20
238.459,23:25:49.904,0,26,208,6864,20
238.459,23:25:49.905,0,26,200,6856,20
239.077,23:25:50.519,0,26,166,6822,21
239.077,23:25:50.520,0,26,220,6876,21
239.077,23:25:50.520,0,27,22,6934,21
239.077,23:25:50.520,0,26,236,6892,21
239.077,23:25:50.521,0,26,234,6890,22
239.077,23:25:50.521,0,26,250,6906,22
239.077,23:25:50.521,0,26,246,6902,22
239.077,23:25:50.522,0,27,36,6948,22
239.077,23:25:50.522,0,27,16,6928,23
239.077,23:25:50.522,0,26,244,6900,23
239.077,23:25:50.522,0,27,0,6912,24
239.077,23:25:50.523,0,26,250,6906,24
239.632,23:25:51.074,0,26,216,6872,24
239.632,23:25:51.075,0,26,150,6806,24
239.632,23:25:51.075,0,26,160,6816,24
239.632,23:25:51.075,0,26,192,6848,24
239.632,23:25:51.075,0,26,196,6852,25
239.632,23:25:51.076,0,26,154,6810,25
239.632,23:25:51.076,0,26,164,6820,25
239.632,23:25:51.076,0,26,210,6866,25
239.632,23:25:51.077,0,26,222,6878,26
239.632,23:25:51.077,0,26,196,6852,26
239.632,23:25:51.077,0,26,194,6850,27
240.262,23:25:51.704,0,26,224,6880,27
240.262,23:25:51.705,0,26,244,6900,27
240.262,23:25:51.706,0,26,228,6884,27
240.262,23:25:51.706,0,26,158,6814,28
240.262,23:25:51.706,0,26,184,6840,28
240.262,23:25:51.707,0,26,180,6836,28
240.262,23:25:51.707,0,26,174,6830,28
240.262,23:25:51.707,0,26,198,6854,29
240.262,23:25:51.708,0,26,212,6868,29
240.262,23:25:51.708,0,26,160,6816,29
240.262,23:25:51.708,0,26,144,6800,29
240.262,23:25:51.708,0,26,132,6788,30
240.262,23:25:51.709,0,26,158,6814,30
240.910,23:25:52.353,0,26,220,6876,30
240.910,23:25:52.354,0,26,236,6892,30
240.910,23:25:52.354,0,26,230,6886,31
240.910,23:25:52.354,0,26,208,6864,31
240.910,23:25:52.355,0,26,212,6868,31
240.910,23:25:52.355,0,26,210,6866,32
240.910,23:25:52.355,0,26,128,6784,32
240.910,23:25:52.355,0,26,170,6826,32
240.910,23:25:52.356,0,26,168,6824,32
240.910,23:25:52.356,0,26,172,6828,33
240.910,23:25:52.356,0,26,178,6834,33
241.482,23:25:52.924,0,26,182,6838,33
241.482,23:25:52.926,0,26,138,6794,33
241.482,23:25:52.926,0,26,134,6790,34
241.482,23:25:52.926,0,26,196,6852,34
241.482,23:25:52.927,0,27,6,6918,34
241.482,23:25:52.927,0,26,228,6884,34
241.482,23:25:52.927,0,26,154,6810,35
241.482,23:25:52.927,0,26,160,6816,35
241.482,23:25:52.928,0,26,164,6820,35
241.482,23:25:52.928,0,26,198,6854,35
241.482,23:25:52.928,0,26,202,6858,36
241.482,23:25:52.929,0,27,0,6912,36
242.081,23:25:53.524,0,26,238,6894,36
242.081,23:25:53.525,0,26,190,6846,36
242.081,23:25:53.525,0,26,182,6838,37
242.081,23:25:53.525,0,26,232,6888,37
242.081,23:25:53.526,0,26,222,6878,37
242.081,23:25:53.526,0,26,210,6866,37
242.081,23:25:53.526,0,27,16,6928,38
242.081,23:25:53.527,0,26,252,6908,38
242.081,23:25:53.528,0,26,196,6852,38
242.081,23:25:53.528,0,26,136,6792,38
242.081,23:25:53.528,0,26,124,6780,39
242.081,23:25:53.529,0,26,136,6792,39
242.713,23:25:54.156,0,26,168,6824,39
242.713,23:25:54.157,0,26,110,6766,39
242.713,23:25:54.157,0,26,38,6694,40
242.713,23:25:54.157,0,26,44,6700,40
242.713,23:25:54.158,0,25,170,6570,40
242.713,23:25:54.158,0,25,170,6570,40
242.713,23:25:54.158,0,25,186,6586,41
242.713,23:25:54.158,0,25,248,6648,41
242.713,23:25:54.159,0,26,42,6698,41
242.713,23:25:54.159,0,26,110,6766,41
242.713,23:25:54.159,0,26,128,6784,42
242.713,23:25:54.159,0,26,162,6818,42
243.312,23:25:54.755,0,26,186,6842,42
243.312,23:25:54.756,0,26,168,6824,42
243.312,23:25:54.756,0,26,10,6666,42
243.312,23:25:54.756,0,25,194,6594,42
243.312,23:25:54.757,0,25,210,6610,43
243.312,23:25:54.757,0,25,242,6642,43
243.312,23:25:54.757,0,25,220,6620,43
243.312,23:25:54.758,0,25,88,6488,43
243.312,23:25:54.758,0,25,30,6430,44
243.312,23:25:54.758,0,25,16,6416,44
243.312,23:25:54.758,0,25,40,6440,44
243.312,23:25:54.759,0,25,102,6502,44
243.913,23:25:55.355,0,26,60,6716,45
243.913,23:25:55.355,0,26,154,6810,45
243.913,23:25:55.357,0,27,16,6928,45
243.913,23:25:55.357,0,27,20,6932,45
243.913,23:25:55.357,0,26,192,6848,46
243.913,23:25:55.358,0,26,134,6790,46
243.913,23:25:55.358,0,26,66,6722,47
243.913,23:25:55.358,0,26,68,6724,47
243.913,23:25:55.359,0,26,134,6790,47
243.913,23:25:55.359,0,26,146,6802,47
243.913,23:25:55.360,0,26,160,6816,48
243.913,23:25:55.360,0,26,142,6798,48
244.480,23:25:55.922,0,26,66,6722,48
244.480,23:25:55.923,0,26,92,6748,49
244.480,23:25:55.923,0,26,102,6758,49
244.480,23:25:55.923,0,26,56,6712,49
244.480,23:25:55.924,0,26,40,6696,50
244.480,23:25:55.924,0,26,112,6768,50
244.480,23:25:55.924,0,26,112,6768,50
244.480,23:25:55.925,0,26,92,6748,51
244.480,23:25:55.925,0,26,60,6716,51
245.126,23:25:56.568,0,26,16,6672,52
245.126,23:25:56.569,0,26,20,6676,52
245.126,23:25:56.569,0,26,98,6754,52
245.126,23:25:56.569,0,26,64,6720,53
245.126,23:25:56.571,0,26,48,6704,53
245.126,23:25:56.571,0,26,52,6708,53
245.126,23:25:56.571,0,26,26,6682,53
245.126,23:25:56.572,0,25,178,6578,54
245.126,23:25:56.572,0,25,232,6632,54
245.126,23:25:56.572,0,25,250,6650,54
245.727,23:25:57.169,0,25,226,6626,55
245.727,23:25:57.170,0,25,170,6570,55
245.727,23:25:57.170,0,25,194,6594,55
245.727,23:25:57.170,0,25,208,6608,56
245.727,23:25:57.170,0,26,4,6660,56
245.727,23:25:57.171,0,26,74,6730,56
245.727,23:25:57.171,0,26,32,6688,57
245.727,23:25:57.171,0,26,56,6712,58
245.727,23:25:57.171,0,26,172,6828,58
246.341,23:25:57.783,0,26,188,6844,58
246.341,23:25:57.784,0,26,170,6826,59
246.341,23:25:57.784,0,26,180,6836,59
246.341,23:25:57.784,0,26,208,6864,59
246.341,23:25:57.785,0,26,212,6868,59
246.341,23:25:57.786,0,26,68,6724,60
246.341,23:25:57.786,0,26,44,6700,60
246.341,23:25:57.786,0,26,144,6800,60
246.341,23:25:57.787,0,26,152,6808,61
246.341,23:25:57.787,0,26,184,6840,61
246.940,23:25:58.383,0,26,190,6846,61
246.940,23:25:58.384,0,26,214,6870,62
246.940,23:25:58.384,0,26,180,6836,62
246.940,23:25:58.384,0,26,194,6850,62
246.940,23:25:58.385,0,26,212,6868,63
246.940,23:25:58.385,0,26,242,6898,63
246.940,23:25:58.385,0,27,2,6914,63
246.940,23:25:58.385,0,27,24,6936,64
246.940,23:25:58.386,0,27,14,6926,64
247.570,23:25:59.013,0,27,120,7032,64
247.570,23:25:59.014,0,27,180,7092,65
247.570,23:25:59.014,0,29,0,7424,65
247.570,23:25:59.014,0,32,118,8310,66
247.570,23:25:59.015,0,34,240,8944,66
247.570,23:25:59.015,0,37,34,9506,66
247.570,23:25:59.015,0,41,168,10664,67
247.570,23:25:59.016,0,43,58,11066,69
247.570,23:25:59.016,0,44,82,11346,69
248.184,23:25:59.628,0,46,152,11928,70
248.184,23:25:59.628,0,47,192,12224,71
248.184,23:25:59.628,0,48,106,12394,71
248.184,23:25:59.629,0,50,22,12822,73
248.184,23:25:59.629,0,50,114,12914,74
248.184,23:25:59.629,0,50,232,13032,74
248.184,23:25:59.630,0,51,116,13172,76
248.184,23:25:59.630,0,51,154,13210,77
248.184,23:25:59.630,0,51,184,13240,77
248.184,23:25:59.630,1,51,132,13188,79
248.783,23:26:00.226,1,51,108,13164,80
248.783,23:26:00.226,1,51,12,13068,80
248.783,23:26:00.228,1,50,70,12870,82
248.783,23:26:00.228,1,50,50,12850,83
248.783,23:26:00.228,1,50,30,12830,83
248.783,23:26:00.228,2,49,230,12774,85
248.783,23:26:00.229,2,49,220,12764,86
248.783,23:26:00.229,2,49,210,12754,86
249.353,23:26:00.797,2,49,58,12602,88
249.353,23:26:00.797,2,48,252,12540,89
249.353,23:26:00.797,2,48,112,12400,89
249.353,23:26:00.797,2,47,208,12240,90
249.353,23:26:00.797,3,47,72,12104,92
249.353,23:26:00.798,3,46,154,11930,92
249.353,23:26:00.798,3,42,98,10850,93
249.353,23:26:00.798,3,40,20,10260,94
249.353,23:26:00.799,3,37,236,9708,94
249.970,23:26:01.412,3,33,144,8592,95
249.970,23:26:01.413,3,33,20,8468,96
249.970,23:26:01.413,3,33,52,8500,97
249.970,23:26:01.413,3,32,42,8234,97
249.970,23:26:01.414,3,31,236,8172,97
249.970,23:26:01.414,3,31,244,8180,98
249.970,23:26:01.415,3,31,200,8136,98
249.970,23:26:01.415,3,31,120,8056,98
250.524,23:26:01.967,3,32,140,8332,99
250.524,23:26:01.967,3,34,26,8730,100
250.524,23:26:01.967,3,35,140,9100,100
250.524,23:26:01.968,3,38,42,9770,101
250.524,23:26:01.968,3,39,158,10142,101
250.524,23:26:01.968,3,40,224,10464,101
250.524,23:26:01.968,3,42,162,10914,102
250.524,23:26:01.968,3,43,72,11080,104
250.524,23:26:01.970,3,43,164,11172,104
251.159,23:26:02.603,3,43,216,11224,105
251.159,23:26:02.604,3,43,236,11244,106
251.159,23:26:02.604,3,44,16,11280,106
251.159,23:26:02.605,3,44,86,11350,107
251.159,23:26:02.605,3,44,142,11406,108
251.159,23:26:02.606,3,44,112,11376,108
251.159,23:26:02.606,3,43,220,11228,109
251.159,23:26:02.606,4,42,26,10778,109
251.159,23:26:02.607,4,40,56,10296,111
251.159,23:26:02.607,4,38,86,9814,111
251.776,23:26:03.219,4,34,154,8858,112
251.776,23:26:03.220,4,33,246,8694,112
251.776,23:26:03.220,4,34,34,8738,112
251.776,23:26:03.220,4,34,22,8726,113
251.776,23:26:03.221,4,33,218,8666,113
251.776,23:26:03.221,4,33,78,8526,113
251.776,23:26:03.221,4,33,52,8500,114
251.776,23:26:03.222,4,32,172,8364,114
251.776,23:26:03.222,4,32,82,8274,115
251.776,23:26:03.222,4,31,194,8130,115
251.776,23:26:03.222,4,31,118,8054,115
252.404,23:26:03.846,3,31,142,8078,115
252.404,23:26:03.847,3,31,96,8032,116
252.404,23:26:03.847,3,31,14,7950,116
252.404,23:26:03.848,3,30,72,7752,116
252.404,23:26:03.848,3,29,168,7592,117
252.404,23:26:03.848,3,29,118,7542,117
252.404,23:26:03.848,3,28,240,7408,117
252.404,23:26:03.849,3,28,210,7378,117
252.404,23:26:03.849,3,28,200,7368,118
252.404,23:26:03.849,3,28,144,7312,118
252.404,23:26:03.850,3,28,120,7288,118
252.404,23:26:03.850,3,28,30,7198,118
253.050,23:26:04.493,3,27,220,7132,119
253.050,23:26:04.494,3,27,70,6982,119
253.050,23:26:04.494,3,27,38,6950,119
253.050,23:26:04.494,3,27,100,7012,119
253.050,23:26:04.494,3,27,116,7028,120
253.050,23:26:04.495,3,27,122,7034,120
253.050,23:26:04.496,3,27,124,7036,120
253.050,23:26:04.496,3,27,124,7036,120
253.050,23:26:04.496,3,27,132,7044,121
253.050,23:26:04.497,3,27,112,7024,121
253.622,23:26:05.065,3,27,64,6976,121
253.622,23:26:05.066,3,27,50,6962,121
253.622,23:26:05.066,3,27,56,6968,121
253.622,23:26:05.066,3,27,16,6928,122
253.622,23:26:05.067,3,26,222,6878,122
253.622,23:26:05.067,3,26,162,6818,122
253.622,23:26:05.068,3,26,92,6748,123
253.622,23:26:05.068,3,26,60,6716,123
253.622,23:26:05.068,3,25,232,6632,123
253.622,23:26:05.068,3,25,206,6606,123
253.622,23:26:05.069,2,25,144,6544,124
254.178,23:26:05.621,2,25,76,6476,124
254.178,23:26:05.621,2,25,56,6456,124
254.178,23:26:05.621,2,25,76,6476,124
254.178,23:26:05.622,2,25,96,6496,124
254.178,23:26:05.622,2,25,140,6540,125
254.178,23:26:05.622,2,25,252,6652,125
254.178,23:26:05.623,2,26,58,6714,125
254.178,23:26:05.623,2,26,52,6708,125
254.178,23:26:05.623,2,26,10,6666,126
254.178,23:26:05.624,2,25,220,6620,126
254.809,23:26:06.253,2,25,152,6552,126
254.809,23:26:06.253,2,25,156,6556,126
254.809,23:26:06.254,2,25,202,6602,127
254.809,23:26:06.254,2,25,230,6630,127
254.809,23:26:06.254,2,26,2,6658,127
254.809,23:26:06.255,2,26,30,6686,127
254.809,23:26:06.255,2,26,42,6698,128
254.809,23:26:06.255,2,26,86,6742,128
254.809,23:26:06.256,2,26,78,6734,128
254.809,23:26:06.256,2,26,148,6804,128
254.809,23:26:06.256,2,26,176,6832,129
254.809,23:26:06.257,2,26,176,6832,129
255.409,23:26:06.852,2,26,226,6882,129
255.409,23:26:06.853,2,26,238,6894,130
255.409,23:26:06.853,2,27,4,6916,130
255.409,23:26:06.853,2,27,40,6952,131
255.409,23:26:06.853,1,27,22,6934,131
255.409,23:26:06.854,1,27,40,6952,131
255.409,23:26:06.854,1,27,44,6956,131
255.409,23:26:06.854,1,27,66,6978,132
255.409,23:26:06.855,1,27,42,6954,132
255.409,23:26:06.855,1,27,6,6918,132
255.409,23:26:06.855,1,27,88,7000,132
256.072,23:26:07.514,1,27,102,7014,133
256.072,23:26:07.516,1,27,58,6970,133
256.072,23:26:07.516,1,27,68,6980,133
256.072,23:26:07.516,1,27,22,6934,133
256.072,23:26:07.516,1,26,254,6910,134
256.072,23:26:07.517,1,27,40,6952,134
256.072,23:26:07.517,1,27,20,6932,134
256.072,23:26:07.517,1,27,56,6968,134
256.072,23:26:07.518,1,27,74,6986,135
256.072,23:26:07.518,1,27,64,6976,135
256.072,23:26:07.518,1,27,86,6998,135
256.072,23:26:07.518,1,27,84,6996,135
256.072,23:26:07.519,1,27,56,6968,136
256.072,23:26:07.519,1,27,30,6942,136
256.625,23:26:08.067,0,27,0,6912,136
256.625,23:26:08.068,0,27,2,6914,136
256.625,23:26:08.068,0,27,68,6980,137
256.625,23:26:08.068,0,27,78,6990,137
256.625,23:26:08.068,0,27,84,6996,137
256.625,23:26:08.069,0,27,68,6980,137
256.625,23:26:08.069,0,27,60,6972,138
256.625,23:26:08.070,0,27,60,6972,138
256.625,23:26:08.070,0,27,2,6914,139
256.625,23:26:08.070,0,26,188,6844,139
256.625,23:26:08.070,0,26,228,6884,139
257.240,23:26:08.684,0,27,12,6924,139
257.240,23:26:08.684,0,26,246,6902,139
257.240,23:26:08.685,0,26,240,6896,140
257.240,23:26:08.685,0,27,8,6920,140
257.240,23:26:08.685,0,27,98,7010,141
257.240,23:26:08.686,0,27,94,7006,141
257.240,23:26:08.686,0,27,22,6934,141
257.240,23:26:08.686,0,26,252,6908,141
257.240,23:26:08.687,0,26,210,6866,142
257.240,23:26:08.687,0,26,230,6886,142
257.240,23:26:08.687,0,26,216,6872,142
257.844,23:26:09.287,0,26,234,6890,142
257.844,23:26:09.288,0,26,228,6884,143
257.844,23:26:09.288,0,26,230,6886,143
257.844,23:26:09.288,0,26,238,6894,143
257.844,23:26:09.289,0,26,234,6890,143
257.844,23:26:09.289,0,26,244,6900,144
257.844,23:26:09.289,0,27,46,6958,144
257.844,23:26:09.289,0,27,46,6958,144
257.844,23:26:09.289,0,27,6,6918,144
257.844,23:26:09.290,0,26,240,6896,145
257.844,23:26:09.290,0,26,226,6882,145
257.844,23:26:09.290,0,27,20,6932,145
258.420,23:26:09.862,0,27,50,6962,145
258.420,23:26:09.862,0,27,56,6968,146
258.420,23:26:09.863,0,27,36,6948,146
258.420,23:26:09.863,0,27,20,6932,146
258.420,23:26:09.863,0,26,226,6882,146
258.420,23:26:09.864,0,26,244,6900,147
258.420,23:26:09.864,0,26,248,6904,147
258.420,23:26:09.864,0,26,254,6910,148
258.420,23:26:09.864,0,26,230,6886,148
258.420,23:26:09.865,0,26,228,6884,148
258.420,23:26:09.865,0,26,208,6864,148
259.022,23:26:10.465,0,26,228,6884,149
259.022,23:26:10.465,0,26,218,6874,149
259.022,23:26:10.465,0,27,40,6952,149
259.022,23:26:10.466,0,27,82,6994,149
259.022,23:26:10.466,0,27,54,6966,150
259.022,23:26:10.466,0,27,24,6936,150
259.022,23:26:10.467,0,27,22,6934,150
259.022,23:26:10.467,0,27,16,6928,150
259.022,23:26:10.467,0,27,34,6946,151
259.022,23:26:10.467,0,27,0,6912,151
259.022,23:26:10.468,0,26,242,6898,151
259.022,23:26:10.469,0,26,214,6870,151
259.652,23:26:11.095,0,26,224,6880,152
259.652,23:26:11.095,0,27,64,6976,152
259.652,23:26:11.096,0,27,124,7036,152
259.652,23:26:11.096,0,27,98,7010,152
259.652,23:26:11.096,0,27,46,6958,153
259.652,23:26:11.097,0,26,186,6842,153
259.652,23:26:11.097,0,26,190,6846,153
259.652,23:26:11.097,0,26,202,6858,154
259.652,23:26:11.098,0,27,26,6938,154
259.652,23:26:11.098,0,27,72,6984,154
259.652,23:26:11.098,0,27,92,7004,154
259.652,23:26:11.098,0,27,46,6958,155
260.205,23:26:11.647,0,26,250,6906,155
260.205,23:26:11.648,0,26,184,6840,155
260.205,23:26:11.648,0,26,220,6876,155
260.205,23:26:11.648,0,27,138,7050,155
260.205,23:26:11.648,0,27,180,7092,155
260.205,23:26:11.649,0,27,202,7114,156
260.205,23:26:11.649,0,27,160,7072,156
260.205,23:26:11.649,0,27,98,7010,156
260.205,23:26:11.650,0,27,124,7036,156
260.205,23:26:11.650,0,27,98,7010,157
260.205,23:26:11.650,0,27,162,7074,157
260.805,23:26:12.248,0,27,94,7006,157
260.805,23:26:12.249,0,27,116,7028,158
260.805,23:26:12.249,0,27,124,7036,158
260.805,23:26:12.249,0,27,116,7028,158
260.805,23:26:12.250,0,27,154,7066,158
260.805,23:26:12.250,0,27,182,7094,159
260.805,23:26:12.250,0,27,222,7134,159
260.805,23:26:12.251,0,27,230,7142,159
260.805,23:26:12.251,0,27,200,7112,159
260.805,23:26:12.251,0,27,244,7156,159
260.805,23:26:12.251,0,27,160,7072,159
261.439,23:26:12.882,0,27,184,7096,160
261.439,23:26:12.883,0,27,210,7122,160
261.439,23:26:12.883,0,27,230,7142,160
261.439,23:26:12.883,0,27,200,7112,160
261.439,23:26:12.884,0,27,226,7138,161
261.439,23:26:12.884,0,27,218,7130,161
261.439,23:26:12.884,0,27,202,7114,161
261.439,23:26:12.884,0,27,248,7160,161
261.439,23:26:12.885,0,27,222,7134,162
261.439,23:26:12.885,0,27,224,7136,162
261.439,23:26:12.885,0,27,226,7138,162
261.439,23:26:12.886,0,27,250,7162,163
262.053,23:26:13.497,0,27,248,7160,163
262.053,23:26:13.497,0,27,248,7160,163
262.053,23:26:13.498,0,27,218,7130,163
262.053,23:26:13.498,0,28,34,7202,163
262.053,23:26:13.498,0,28,44,7212,164
262.053,23:26:13.499,0,28,60,7228,164
262.053,23:26:13.499,0,28,42,7210,164
262.053,23:26:13.499,0,28,26,7194,165
262.053,23:26:13.500,0,28,24,7192,165
262.669,23:26:14.111,0,28,80,7248,165
262.669,23:26:14.112,0,27,202,7114,166
262.669,23:26:14.112,0,27,236,7148,166
262.669,23:26:14.112,0,28,4,7172,166
262.669,23:26:14.113,0,27,246,7158,167
262.669,23:26:14.113,0,28,4,7172,167
262.669,23:26:14.113,0,28,72,7240,167
262.669,23:26:14.113,0,28,60,7228,168
263.267,23:26:14.710,0,28,12,7180,168
263.267,23:26:14.710,0,28,88,7256,168
263.267,23:26:14.711,0,28,44,7212,169
263.267,23:26:14.711,0,27,194,7106,169
263.267,23:26:14.711,0,27,246,7158,169
263.267,23:26:14.712,0,28,18,7186,170
263.912,23:26:15.355,0,27,236,7148,170
263.912,23:26:15.355,0,28,6,7174,171
263.912,23:26:15.356,0,28,54,7222,171
263.912,23:26:15.356,0,28,36,7204,171
263.912,23:26:15.356,0,28,34,7202,171
263.912,23:26:15.357,0,28,66,7234,172
263.912,23:26:15.357,0,28,48,7216,172
263.912,23:26:15.357,0,28,16,7184,172
263.912,23:26:15.358,0,28,16,7184,172
263.912,23:26:15.358,0,27,160,7072,172
263.912,23:26:15.358,0,27,160,7072,173
263.912,23:26:15.359,0,27,162,7074,173
264.545,23:26:15.989,0,27,164,7076,173
264.545,23:26:15.989,0,27,186,7098,173
264.545,23:26:15.989,0,27,188,7100,174
264.545,23:26:15.990,0,27,216,7128,174
264.545,23:26:15.990,0,27,216,7128,174
264.545,23:26:15.990,0,27,230,7142,174
264.545,23:26:15.990,0,27,238,7150,175
264.545,23:26:15.991,0,27,226,7138,175
264.545,23:26:15.991,0,27,224,7136,175
264.545,23:26:15.991,0,27,228,7140,175
264.545,23:26:15.992,0,27,202,7114,176
264.545,23:26:15.992,0,27,202,7114,176
265.142,23:26:16.585,0,27,170,7082,176
265.142,23:26:16.586,0,27,168,7080,176
265.142,23:26:16.586,0,27,178,7090,176
265.142,23:26:16.586,0,27,162,7074,176
265.142,23:26:16.587,0,27,166,7078,176
265.142,23:26:16.587,0,27,150,7062,176
265.142,23:26:16.587,0,27,136,7048,177
265.142,23:26:16.587,0,27,160,7072,177
265.142,23:26:16.588,0,27,236,7148,177
265.142,23:26:16.588,0,27,218,7130,177
265.142,23:26:16.588,0,28,20,7188,178
265.142,23:26:16.589,0,27,246,7158,178
265.730,23:26:17.173,0,27,240,7152,178
265.730,23:26:17.174,0,27,248,7160,178
265.730,23:26:17.174,0,27,228,7140,179
265.730,23:26:17.174,0,27,220,7132,179
265.730,23:26:17.175,0,27,160,7072,179
265.730,23:26:17.175,0,27,120,7032,179
265.730,23:26:17.175,0,27,180,7092,179
265.730,23:26:17.176,0,27,184,7096,179
265.730,23:26:17.176,0,27,172,7084,180
265.730,23:26:17.176,0,27,188,7100,180
265.730,23:26:17.176,0,27,184,7096,180
265.730,23:26:17.177,0,27,180,7092,180
266.328,23:26:17.771,0,27,216,7128,181
266.328,23:26:17.772,0,27,216,7128,181
266.328,23:26:17.772,0,28,2,7170,181
266.328,23:26:17.772,0,28,22,7190,181
266.328,23:26:17.773,0,28,56,7224,182
266.328,23:26:17.773,0,28,40,7208,182
266.328,23:26:17.773,0,28,20,7188,182
266.328,23:26:17.773,0,27,222,7134,183
266.328,23:26:17.774,0,27,208,7120,183
266.328,23:26:17.774,0,27,180,7092,183
266.328,23:26:17.774,0,27,206,7118,183
266.897,23:26:18.340,0,27,226,7138,183
266.897,23:26:18.340,0,27,224,7136,183
266.897,23:26:18.341,0,27,164,7076,184
266.897,23:26:18.341,0,27,166,7078,184
266.897,23:26:18.341,0,27,250,7162,184
266.897,23:26:18.342,0,27,244,7156,184
266.897,23:26:18.342,0,28,20,7188,185
266.897,23:26:18.342,0,27,240,7152,185
266.897,23:26:18.342,0,27,240,7152,185
266.897,23:26:18.343,0,27,236,7148,185
266.897,23:26:18.343,0,28,12,7180,186
267.465,23:26:18.907,0,28,34,7202,186
267.465,23:26:18.908,0,28,32,7200,186
267.465,23:26:18.908,0,27,240,7152,186
267.465,23:26:18.909,0,27,236,7148,186
267.465,23:26:18.909,0,27,188,7100,186
267.465,23:26:18.910,0,27,172,7084,187
267.465,23:26:18.910,0,27,198,7110,187
267.465,23:26:18.910,0,27,188,7100,187
267.465,23:26:18.911,0,27,214,7126,187
267.465,23:26:18.911,0,27,248,7160,188
267.465,23:26:18.911,0,27,218,7130,188
267.465,23:26:18.911,0,27,232,7144,188
268.065,23:26:19.508,0,27,196,7108,188
268.065,23:26:19.509,0,27,210,7122,189
268.065,23:26:19.509,0,28,14,7182,189
268.065,23:26:19.510,0,28,32,7200,189
268.065,23:26:19.510,0,28,10,7178,189
268.065,23:26:19.510,0,27,206,7118,189
268.065,23:26:19.510,0,27,210,7122,190
268.065,23:26:19.511,0,27,202,7114,190
268.065,23:26:19.511,0,27,244,7156,190
268.065,23:26:19.511,0,28,0,7168,190
268.065,23:26:19.511,0,27,230,7142,191
268.636,23:26:20.079,0,27,206,7118,191
268.636,23:26:20.080,0,27,216,7128,191
268.636,23:26:20.080,0,27,226,7138,191
268.636,23:26:20.080,0,27,194,7106,192
268.636,23:26:20.081,0,27,216,7128,192
268.636,23:26:20.081,0,27,224,7136,192
268.636,23:26:20.081,0,28,28,7196,192
268.636,23:26:20.082,0,28,26,7194,193
268.636,23:26:20.082,0,27,236,7148,193
268.636,23:26:20.082,0,27,230,7142,193
268.636,23:26:20.082,0,27,208,7120,193
269.207,23:26:20.651,0,27,204,7116,193
269.207,23:26:20.651,0,27,196,7108,193
269.207,23:26:20.651,0,27,176,7088,194
269.207,23:26:20.652,0,27,204,7116,194
269.207,23:26:20.652,0,27,202,7114,194
269.207,23:26:20.652,0,27,234,7146,194
269.207,23:26:20.653,0,28,8,7176,195
269.207,23:26:20.653,0,27,224,7136,195
269.207,23:26:20.654,0,28,22,7190,195
269.207,23:26:20.655,0,28,28,7196,195
269.207,23:26:20.655,0,28,2,7170,195
269.796,23:26:21.240,0,28,18,7186,195
269.796,23:26:21.240,0,27,252,7164,196
269.796,23:26:21.240,0,28,0,7168,196
269.796,23:26:21.240,0,27,242,7154,196
269.796,23:26:21.240,0,27,196,7108,196
269.796,23:26:21.240,0,27,250,7162,197
269.796,23:26:21.241,0,28,0,7168,197
269.796,23:26:21.241,0,27,252,7164,197
269.796,23:26:21.241,0,28,0,7168,197
269.796,23:26:21.241,0,27,220,7132,198
269.796,23:26:21.241,0,27,184,7096,198
269.796,23:26:21.241,0,28,10,7178,198
270.398,23:26:21.840,0,28,38,7206,198
270.398,23:26:21.842,0,28,54,7222,199
270.398,23:26:21.842,0,28,46,7214,199
270.398,23:26:21.842,0,28,18,7186,199
270.398,23:26:21.842,0,28,50,7218,199
270.398,23:26:21.842,0,28,28,7196,200
270.398,23:26:21.842,0,27,210,7122,200
270.398,23:26:21.843,0,27,220,7132,200
270.398,23:26:21.843,0,27,230,7142,200
270.398,23:26:21.843,0,27,236,7148,200
270.398,23:26:21.843,0,27,252,7164,200
270.398,23:26:21.843,0,27,222,7134,201
271.000,23:26:22.443,0,27,232,7144,201
271.000,23:26:22.444,0,27,186,7098,201
271.000,23:26:22.444,0,27,192,7104,201
271.000,23:26:22.444,0,28,26,7194,202
271.000,23:26:22.444,0,28,34,7202,202
271.000,23:26:22.445,0,28,82,7250,202
271.000,23:26:22.445,0,28,130,7298,202
271.000,23:26:22.445,0,28,96,7264,203
271.000,23:26:22.445,0,28,12,7180,203
271.000,23:26:22.446,0,28,28,7196,203
271.000,23:26:22.446,0,28,12,7180,203
271.000,23:26:22.446,0,27,230,7142,204
271.618,23:26:23.062,0,27,154,7066,204
271.618,23:26:23.062,0,27,166,7078,204
271.618,23:26:23.062,0,27,226,7138,204
271.618,23:26:23.062,0,27,204,7116,204
271.618,23:26:23.063,0,27,186,7098,204
271.618,23:26:23.063,0,27,172,7084,205
271.618,23:26:23.063,0,27,170,7082,205
271.618,23:26:23.064,0,28,12,7180,205
271.618,23:26:23.064,0,28,26,7194,206
271.618,23:26:23.064,0,28,52,7220,206
271.618,23:26:23.065,0,28,50,7218,206
272.221,23:26:23.663,0,28,48,7216,207
272.221,23:26:23.665,0,27,190,7102,207
272.221,23:26:23.665,0,27,174,7086,207
272.221,23:26:23.665,0,27,126,7038,207
272.221,23:26:23.666,0,27,160,7072,208
272.221,23:26:23.666,0,27,248,7160,208
272.221,23:26:23.666,0,27,246,7158,208
272.221,23:26:23.666,0,27,218,7130,208
272.221,23:26:23.667,0,27,204,7116,208
272.221,23:26:23.667,0,27,180,7092,208
272.221,23:26:23.667,0,27,228,7140,209
272.852,23:26:24.294,0,28,50,7218,209
272.852,23:26:24.295,0,28,48,7216,209
272.852,23:26:24.295,0,27,248,7160,209
272.852,23:26:24.295,0,27,246,7158,210
272.852,23:26:24.296,0,28,26,7194,210
272.852,23:26:24.296,0,28,58,7226,210
272.852,23:26:24.296,0,28,82,7250,210
272.852,23:26:24.297,0,28,78,7246,211
272.852,23:26:24.297,0,28,14,7182,211
272.852,23:26:24.297,0,28,10,7178,211
272.852,23:26:24.297,0,27,246,7158,211
272.852,23:26:24.298,0,27,232,7144,212
272.852,23:26:24.298,0,28,24,7192,212
273.452,23:26:24.895,0,28,14,7182,212
273.452,23:26:24.896,0,28,2,7170,212
273.452,23:26:24.897,0,28,36,7204,212
273.452,23:26:24.898,0,28,12,7180,212
273.452,23:26:24.898,0,28,28,7196,213
273.452,23:26:24.898,0,28,56,7224,213
273.452,23:26:24.899,0,28,32,7200,213
273.452,23:26:24.899,0,28,82,7250,213
273.452,23:26:24.899,0,28,28,7196,214
273.452,23:26:24.899,0,27,238,7150,214
273.452,23:26:24.900,0,27,234,7146,214
273.452,23:26:24.900,0,27,154,7066,214
274.025,23:26:25.468,0,27,156,7068,215
274.025,23:26:25.468,0,28,6,7174,215
274.025,23:26:25.468,0,27,250,7162,215
274.025,23:26:25.469,0,28,16,7184,216
274.025,23:26:25.469,0,28,4,7172,216
274.025,23:26:25.469,0,28,30,7198,216
274.025,23:26:25.470,0,28,94,7262,216
274.025,23:26:25.470,0,28,82,7250,216
274.025,23:26:25.470,0,28,98,7266,216
274.025,23:26:25.471,0,28,78,7246,217
274.581,23:26:26.023,0,27,238,7150,217
274.581,23:26:26.024,0,27,240,7152,217
274.581,23:26:26.024,0,27,246,7158,217
274.581,23:26:26.024,0,27,252,7164,218
274.581,23:26:26.024,0,27,234,7146,218
274.581,23:26:26.025,0,27,244,7156,218
274.581,23:26:26.025,0,27,242,7154,218
274.581,23:26:26.025,0,27,228,7140,219
274.581,23:26:26.027,0,27,228,7140,219
274.581,23:26:26.027,0,27,190,7102,219
274.581,23:26:26.027,0,27,242,7154,219
275.154,23:26:26.597,0,28,34,7202,220
275.154,23:26:26.598,0,28,66,7234,220
275.154,23:26:26.598,0,28,68,7236,220
275.154,23:26:26.599,0,28,62,7230,220
275.154,23:26:26.599,0,28,22,7190,220
275.154,23:26:26.599,0,28,12,7180,220
275.154,23:26:26.600,0,27,208,7120,221
275.154,23:26:26.601,0,27,228,7140,221
275.154,23:26:26.602,0,28,2,7170,221
275.154,23:26:26.603,0,27,210,7122,221
275.154,23:26:26.603,0,27,174,7086,222
275.154,23:26:26.604,0,27,206,7118,222
275.755,23:26:27.197,0,27,202,7114,222
275.755,23:26:27.199,0,27,190,7102,222
275.755,23:26:27.199,0,27,182,7094,223
275.755,23:26:27.199,0,27,240,7152,223
275.755,23:26:27.199,0,28,30,7198,223
275.755,23:26:27.200,0,28,60,7228,223
275.755,23:26:27.200,0,28,44,7212,224
275.755,23:26:27.200,0,28,62,7230,224
275.755,23:26:27.200,0,28,54,7222,224
275.755,23:26:27.201,0,28,16,7184,225
275.755,23:26:27.201,0,28,6,7174,225
276.389,23:26:27.833,0,27,220,7132,225
276.389,23:26:27.833,0,27,188,7100,225
276.389,23:26:27.833,0,27,234,7146,225
276.389,23:26:27.834,0,27,224,7136,226
276.389,23:26:27.834,0,27,232,7144,226
276.389,23:26:27.834,0,27,194,7106,226
276.389,23:26:27.835,0,27,194,7106,226
276.389,23:26:27.835,0,27,228,7140,227
276.389,23:26:27.835,0,28,16,7184,227
276.991,23:26:28.434,0,28,78,7246,228
276.991,23:26:28.435,0,27,254,7166,229
276.991,23:26:28.435,0,27,182,7094,229
276.991,23:26:28.435,0,27,166,7078,229
276.991,23:26:28.435,0,28,4,7172,229
276.991,23:26:28.436,0,28,8,7176,229
276.991,23:26:28.436,0,28,38,7206,229
276.991,23:26:28.436,0,28,24,7192,230
276.991,23:26:28.436,0,28,26,7194,230
277.593,23:26:29.036,0,28,24,7192,230
277.593,23:26:29.037,0,28,8,7176,230
277.593,23:26:29.037,0,28,10,7178,231
277.593,23:26:29.038,0,28,74,7242,231
277.593,23:26:29.038,0,28,32,7200,231
277.593,23:26:29.038,0,28,56,7224,231
277.593,23:26:29.039,0,28,58,7226,232
277.593,23:26:29.039,0,28,72,7240,232
277.593,23:26:29.039,0,28,46,7214,232
277.593,23:26:29.039,0,27,228,7140,232
277.593,23:26:29.040,0,27,208,7120,233
278.148,23:26:29.591,0,27,222,7134,233
278.148,23:26:29.592,0,27,224,7136,233
278.148,23:26:29.592,0,27,218,7130,233
278.148,23:26:29.592,0,28,22,7190,233
278.148,23:26:29.592,0,28,66,7234,234
278.148,23:26:29.593,0,28,102,7270,234
278.148,23:26:29.593,0,28,78,7246,234
278.148,23:26:29.593,0,28,4,7172,235
278.148,23:26:29.593,0,28,54,7222,235
278.765,23:26:30.208,0,27,214,7126,236
278.765,23:26:30.209,0,28,2,7170,236
278.765,23:26:30.209,0,28,58,7226,236
278.765,23:26:30.209,0,28,14,7182,237
278.765,23:26:30.209,0,27,250,7162,237
278.765,23:26:30.210,0,27,246,7158,237
278.765,23:26:30.210,0,28,108,7276,238
278.765,23:26:30.210,0,28,104,7272,238
278.765,23:26:30.211,0,28,124,7292,238
279.409,23:26:30.852,0,28,122,7290,238
279.409,23:26:30.852,0,28,44,7212,238
279.409,23:26:30.852,0,28,62,7230,238
279.409,23:26:30.853,0,27,226,7138,239
279.409,23:26:30.853,0,27,218,7130,239
279.409,23:26:30.853,0,27,240,7152,239
279.409,23:26:30.853,0,28,12,7180,240
279.409,23:26:30.853,0,28,4,7172,240
279.409,23:26:30.854,0,28,32,7200,240
279.409,23:26:30.855,0,28,28,7196,241
279.409,23:26:30.855,0,28,60,7228,241
279.999,23:26:31.442,0,28,98,7266,241
279.999,23:26:31.443,0,28,80,7248,241
279.999,23:26:31.443,0,28,128,7296,242
279.999,23:26:31.443,0,27,246,7158,242
279.999,23:26:31.443,0,28,4,7172,242
279.999,23:26:31.443,0,28,4,7172,243
279.999,23:26:31.443,0,28,20,7188,243
279.999,23:26:31.445,0,28,38,7206,243
279.999,23:26:31.445,0,28,68,7236,243
279.999,23:26:31.445,0,28,98,7266,243
280.645,23:26:32.087,0,28,94,7262,244
280.645,23:26:32.088,0,28,110,7278,244
280.645,23:26:32.088,0,28,24,7192,244
280.645,23:26:32.088,0,28,72,7240,245
280.645,23:26:32.089,0,28,62,7230,245
280.645,23:26:32.089,0,28,34,7202,245
280.645,23:26:32.089,0,28,18,7186,245
280.645,23:26:32.090,0,28,16,7184,246
280.645,23:26:32.090,0,28,54,7222,246
280.645,23:26:32.090,0,28,86,7254,246
280.645,23:26:32.090,0,28,56,7224,247
281.277,23:26:32.720,0,28,44,7212,247
281.277,23:26:32.720,0,28,40,7208,247
281.277,23:26:32.720,0,28,2,7170,247
281.277,23:26:32.721,0,27,248,7160,247
281.277,23:26:32.721,0,28,58,7226,248
281.277,23:26:32.721,0,28,82,7250,248
281.277,23:26:32.722,0,28,108,7276,248
281.277,23:26:32.722,0,28,98,7266,248
281.277,23:26:32.722,0,28,60,7228,249
281.277,23:26:32.722,0,28,50,7218,249
281.277,23:26:32.723,0,28,54,7222,249
281.277,23:26:32.723,0,28,74,7242,249
281.923,23:26:33.367,0,27,240,7152,250
281.923,23:26:33.367,0,28,4,7172,250
281.923,23:26:33.367,0,28,38,7206,250
281.923,23:26:33.368,0,28,60,7228,251
281.923,23:26:33.368,0,28,100,7268,251
281.923,23:26:33.368,0,28,80,7248,251
281.923,23:26:33.368,0,28,66,7234,252
281.923,23:26:33.369,0,27,222,7134,252
281.923,23:26:33.369,0,27,224,7136,252
281.923,23:26:33.369,0,27,182,7094,252
281.923,23:26:33.369,0,27,240,7152,252
282.528,23:26:33.970,0,28,38,7206,252
282.528,23:26:33.972,0,28,84,7252,253
282.528,23:26:33.972,0,28,60,7228,253
282.528,23:26:33.973,0,28,32,7200,253
282.528,23:26:33.973,0,28,28,7196,253
282.528,23:26:33.974,0,28,34,7202,254
282.528,23:26:33.974,0,28,30,7198,254
282.528,23:26:33.974,0,28,58,7226,254
282.528,23:26:33.975,0,28,88,7256,254
282.528,23:26:33.975,0,28,108,7276,255
282.528,23:26:33.976,0,28,120,7288,255
282.528,23:26:33.976,0,28,66,7234,255
283.129,23:26:34.572,0,28,78,7246,255
283.129,23:26:34.572,0,28,64,7232,0
283.129,23:26:34.573,0,28,26,7194,0
283.129,23:26:34.573,0,28,30,7198,0
283.129,23:26:34.573,0,27,218,7130,0
283.129,23:26:34.574,0,28,10,7178,1
283.129,23:26:34.574,0,28,96,7264,1
283.129,23:26:34.574,0,28,62,7230,1
283.129,23:26:34.574,0,28,42,7210,1
283.129,23:26:34.575,0,28,30,7198,1
283.129,23:26:34.575,0,28,4,7172,1
283.129,23:26:34.575,0,28,16,7184,2
283.715,23:26:35.158,0,28,36,7204,2
283.715,23:26:35.159,0,28,56,7224,2
283.715,23:26:35.159,0,28,40,7208,2
283.715,23:26:35.159,0,28,34,7202,3
283.715,23:26:35.160,0,28,78,7246,3
283.715,23:26:35.160,0,28,66,7234,3
283.715,23:26:35.160,0,28,8,7176,3
283.715,23:26:35.161,0,28,22,7190,4
283.715,23:26:35.161,0,28,58,7226,4
283.715,23:26:35.161,0,28,44,7212,4
283.715,23:26:35.162,0,28,36,7204,4
284.318,23:26:35.761,0,28,48,7216,5
284.318,23:26:35.762,0,28,86,7254,5
284.318,23:26:35.762,0,28,58,7226,5
284.318,23:26:35.762,0,28,26,7194,5
284.318,23:26:35.763,0,28,20,7188,5
284.318,23:26:35.763,0,28,28,7196,5
284.318,23:26:35.763,0,28,80,7248,6
284.318,23:26:35.764,0,28,90,7258,6
284.318,23:26:35.764,0,28,16,7184,6
284.318,23:26:35.764,0,28,54,7222,6
284.318,23:26:35.764,0,28,36,7204,7
284.318,23:26:35.765,0,28,50,7218,7
284.920,23:26:36.362,0,28,96,7264,7
284.920,23:26:36.363,0,28,96,7264,7
284.920,23:26:36.363,0,28,82,7250,8
284.920,23:26:36.363,0,28,74,7242,8
284.920,23:26:36.364,0,28,60,7228,8
284.920,23:26:36.364,0,28,22,7190,8
284.920,23:26:36.364,0,28,32,7200,9
284.920,23:26:36.365,0,27,250,7162,9
284.920,23:26:36.365,0,28,22,7190,9
284.920,23:26:36.365,0,28,50,7218,9
284.920,23:26:36.365,0,28,88,7256,10
284.920,23:26:36.366,0,28,100,7268,10
285.519,23:26:36.962,0,28,76,7244,10
285.519,23:26:36.962,0,28,20,7188,10
285.519,23:26:36.962,0,27,234,7146,11
285.519,23:26:36.964,0,27,252,7164,11
285.519,23:26:36.964,0,28,18,7186,11
285.519,23:26:36.964,0,28,40,7208,11
285.519,23:26:36.964,0,28,48,7216,11
285.519,23:26:36.965,0,28,76,7244,12
285.519,23:26:36.965,0,28,38,7206,12
285.519,23:26:36.967,0,28,34,7202,12
285.519,23:26:36.967,0,28,30,7198,12
286.104,23:26:37.547,0,28,44,7212,13
286.104,23:26:37.548,0,27,238,7150,13
286.104,23:26:37.548,0,28,54,7222,13
286.104,23:26:37.548,0,28,116,7284,13
286.104,23:26:37.549,0,28,136,7304,14
286.104,23:26:37.549,0,28,132,7300,14
286.104,23:26:37.549,0,28,72,7240,14
286.104,23:26:37.549,0,27,250,7162,14
286.104,23:26:37.550,0,28,2,7170,15
286.104,23:26:37.550,0,27,234,7146,15
286.104,23:26:37.550,0,28,4,7172,15
286.104,23:26:37.550,0,28,32,7200,15
286.705,23:26:38.149,0,28,86,7254,15
286.705,23:26:38.149,0,28,106,7274,15
286.705,23:26:38.150,0,28,74,7242,16
286.705,23:26:38.150,0,28,86,7254,16
286.705,23:26:38.150,0,28,66,7234,16
286.705,23:26:38.151,0,28,34,7202,16
286.705,23:26:38.151,0,27,232,7144,17
286.705,23:26:38.151,0,28,22,7190,17
286.705,23:26:38.152,0,28,82,7250,17
286.705,23:26:38.152,0,28,118,7286,17
286.705,23:26:38.152,0,28,130,7298,18
286.705,23:26:38.152,0,28,132,7300,18
287.289,23:26:38.733,0,28,70,7238,18
287.289,23:26:38.733,0,28,20,7188,18
287.289,23:26:38.733,0,28,24,7192,19
287.289,23:26:38.734,0,28,6,7174,19
287.289,23:26:38.734,0,28,46,7214,19
287.289,23:26:38.734,0,28,70,7238,19
287.289,23:26:38.735,0,28,72,7240,19
287.289,23:26:38.735,0,28,90,7258,19
287.289,23:26:38.735,0,28,62,7230,20
287.289,23:26:38.736,0,28,40,7208,20
287.289,23:26:38.736,0,27,202,7114,20
287.289,23:26:38.737,0,27,186,7098,20
287.846,23:26:39.289,0,27,238,7150,21
287.846,23:26:39.289,0,28,44,7212,21
287.846,23:26:39.290,0,28,72,7240,21
287.846,23:26:39.290,0,28,106,7274,21
287.846,23:26:39.290,0,28,64,7232,22
287.846,23:26:39.291,0,28,60,7228,22
287.846,23:26:39.291,0,28,52,7220,22
287.846,23:26:39.291,0,28,10,7178,22
287.846,23:26:39.292,0,28,6,7174,23
287.846,23:26:39.292,0,28,36,7204,23
287.846,23:26:39.292,0,28,52,7220,23
288.462,23:26:39.904,0,28,70,7238,23
288.462,23:26:39.905,0,28,56,7224,23
288.462,23:26:39.905,0,28,68,7236,23
288.462,23:26:39.905,0,28,80,7248,24
288.462,23:26:39.906,0,28,68,7236,24
288.462,23:26:39.906,0,27,254,7166,24
288.462,23:26:39.906,0,27,236,7148,24
288.462,23:26:39.907,0,27,242,7154,25
288.462,23:26:39.907,0,28,18,7186,25
288.462,23:26:39.907,0,28,98,7266,26
289.094,23:26:40.536,0,28,66,7234,26
289.094,23:26:40.536,0,28,46,7214,26
289.094,23:26:40.537,0,28,28,7196,26
289.094,23:26:40.537,0,27,246,7158,27
289.094,23:26:40.537,0,27,254,7166,27
289.094,23:26:40.538,0,28,32,7200,27
289.094,23:26:40.538,0,28,54,7222,27
289.094,23:26:40.538,0,28,100,7268,28
289.094,23:26:40.539,0,28,88,7256,28
289.094,23:26:40.539,0,28,106,7274,28
289.094,23:26:40.539,0,28,88,7256,28
289.094,23:26:40.539,0,28,82,7250,28
289.695,23:26:41.138,0,28,54,7222,29
289.695,23:26:41.139,0,27,196,7108,29
289.695,23:26:41.139,0,27,230,7142,29
289.695,23:26:41.139,0,27,246,7158,29
289.695,23:26:41.139,0,28,40,7208,30
289.695,23:26:41.140,0,28,40,7208,30
289.695,23:26:41.140,0,28,96,7264,30
289.695,23:26:41.140,0,28,70,7238,31
289.695,23:26:41.140,0,28,14,7182,31
290.310,23:26:41.753,0,28,44,7212,32
290.310,23:26:41.754,0,28,110,7278,32
290.310,23:26:41.754,0,28,108,7276,33
290.310,23:26:41.754,0,28,106,7274,33
290.310,23:26:41.755,0,28,32,7200,33
290.310,23:26:41.755,0,28,6,7174,34
290.310,23:26:41.755,0,28,6,7174,34
290.310,23:26:41.756,0,27,240,7152,34
290.310,23:26:41.756,0,28,74,7242,34
290.929,23:26:42.371,0,28,78,7246,34
290.929,23:26:42.371,0,28,34,7202,34
290.929,23:26:42.373,0,28,52,7220,35
290.929,23:26:42.373,0,28,74,7242,35
290.929,23:26:42.373,0,27,234,7146,35
290.929,23:26:42.373,0,27,178,7090,36
290.929,23:26:42.373,0,27,206,7118,36
290.929,23:26:42.374,0,27,240,7152,36
290.929,23:26:42.374,0,28,52,7220,36
290.929,23:26:42.374,0,28,122,7290,37
290.929,23:26:42.375,0,28,136,7304,37
291.562,23:26:43.005,0,28,106,7274,37
291.562,23:26:43.006,0,28,54,7222,37
291.562,23:26:43.006,0,27,212,7124,37
291.562,23:26:43.006,0,28,2,7170,37
291.562,23:26:43.007,0,28,4,7172,38
291.562,23:26:43.007,0,28,66,7234,38
291.562,23:26:43.007,0,28,84,7252,38
291.562,23:26:43.007,0,28,52,7220,39
291.562,23:26:43.009,0,27,228,7140,39
292.119,23:26:43.562,0,28,28,7196,40
292.119,23:26:43.563,0,28,20,7188,40
292.119,23:26:43.563,0,28,30,7198,40
292.119,23:26:43.563,0,28,32,7200,41
292.119,23:26:43.564,0,28,30,7198,41
292.119,23:26:43.564,0,28,62,7230,41
292.119,23:26:43.564,0,28,64,7232,41
292.119,23:26:43.564,0,28,80,7248,41
292.119,23:26:43.565,0,28,94,7262,42
292.119,23:26:43.565,0,28,106,7274,42
292.753,23:26:44.195,0,28,72,7240,42
292.753,23:26:44.197,0,28,24,7192,43
292.753,23:26:44.197,0,27,224,7136,43
292.753,23:26:44.197,0,27,186,7098,43
292.753,23:26:44.198,0,28,26,7194,44
292.753,23:26:44.198,0,28,52,7220,44
292.753,23:26:44.199,0,28,78,7246,44
292.753,23:26:44.199,0,28,20,7188,45
292.753,23:26:44.200,0,28,12,7180,45
293.341,23:26:44.785,0,27,224,7136,45
293.341,23:26:44.785,0,28,8,7176,45
293.341,23:26:44.785,0,28,38,7206,46
293.341,23:26:44.786,0,28,36,7204,46
293.341,23:26:44.786,0,28,104,7272,46
293.341,23:26:44.786,0,28,80,7248,46
293.341,23:26:44.787,0,28,80,7248,46
293.341,23:26:44.787,0,28,44,7212,46
293.341,23:26:44.787,0,27,206,7118,47
293.341,23:26:44.788,0,27,220,7132,47
293.341,23:26:44.788,0,28,8,7176,47
293.341,23:26:44.788,0,27,228,7140,47
294.005,23:26:45.449,0,28,0,7168,48
294.005,23:26:45.450,0,28,10,7178,48
294.005,23:26:45.450,0,27,230,7142,48
294.005,23:26:45.451,0,27,236,7148,48
294.005,23:26:45.451,0,27,202,7114,49
294.005,23:26:45.451,0,27,206,7118,49
294.005,23:26:45.451,0,28,60,7228,49
294.005,23:26:45.452,0,28,62,7230,49
294.005,23:26:45.452,0,28,74,7242,50
294.005,23:26:45.452,0,28,38,7206,50
294.005,23:26:45.453,0,28,18,7186,50
294.005,23:26:45.453,0,28,16,7184,50
294.005,23:26:45.453,0,28,30,7198,51
294.764,23:26:46.207,0,28,32,7200,51
294.764,23:26:46.207,0,27,254,7166,51
294.764,23:26:46.208,0,27,236,7148,51
294.764,23:26:46.208,0,28,24,7192,51
294.764,23:26:46.208,0,28,8,7176,52
294.764,23:26:46.208,0,28,16,7184,52
294.764,23:26:46.209,0,28,2,7170,52
294.764,23:26:46.209,0,28,32,7200,53
294.764,23:26:46.209,0,28,94,7262,53
294.764,23:26:46.210,0,28,82,7250,53
294.764,23:26:46.210,0,28,22,7190,53
294.764,23:26:46.210,0,27,202,7114,54
294.764,23:26:46.211,0,28,4,7172,54
294.764,23:26:46.211,0,28,18,7186,54
295.570,23:26:47.013,0,28,50,7218,54
295.570,23:26:47.013,0,28,60,7228,55
295.570,23:26:47.013,0,28,86,7254,55
295.570,23:26:47.014,0,28,66,7234,55
295.570,23:26:47.014,0,28,30,7198,55
295.570,23:26:47.014,0,27,250,7162,56
295.570,23:26:47.015,0,27,182,7094,56
295.570,23:26:47.015,0,27,230,7142,56
295.570,23:26:47.015,0,27,248,7160,57
295.570,23:26:47.016,0,28,28,7196,57
295.570,23:26:47.016,0,28,6,7174,57
295.570,23:26:47.016,0,28,72,7240,57
295.570,23:26:47.017,0,28,90,7258,57
295.570,23:26:47.018,0,28,90,7258,58
296.138,23:26:47.582,0,28,70,7238,58
296.138,23:26:47.582,0,28,40,7208,58
296.138,23:26:47.582,0,28,32,7200,58
296.138,23:26:47.583,0,27,244,7156,59
296.138,23:26:47.583,0,28,44,7212,59
296.138,23:26:47.583,0,28,78,7246,59
296.138,23:26:47.584,0,28,88,7256,60
296.138,23:26:47.584,0,28,60,7228,60
296.138,23:26:47.584,0,28,46,7214,60
296.138,23:26:47.585,0,28,46,7214,61
296.737,23:26:48.179,0,27,242,7154,61
296.737,23:26:48.180,0,27,204,7116,61
296.737,23:26:48.180,0,28,16,7184,61
296.737,23:26:48.180,0,28,48,7216,62
296.737,23:26:48.181,0,28,88,7256,62
296.737,23:26:48.181,0,28,20,7188,62
296.737,23:26:48.181,0,27,244,7156,62
296.737,23:26:48.182,0,27,210,7122,63
297.306,23:26:48.750,0,27,230,7142,63
297.306,23:26:48.750,0,28,100,7268,63
297.306,23:26:48.750,0,28,146,7314,63
297.306,23:26:48.751,0,28,62,7230,64
297.306,23:26:48.751,0,28,102,7270,64
297.306,23:26:48.751,0,28,82,7250,64
297.306,23:26:48.752,0,28,56,7224,64
297.306,23:26:48.752,0,28,50,7218,65
297.306,23:26:48.752,0,28,46,7214,65
297.306,23:26:48.753,0,28,64,7232,65
297.306,23:26:48.753,0,28,36,7204,65
297.925,23:26:49.367,0,28,6,7174,66
297.925,23:26:49.369,0,28,18,7186,66
297.925,23:26:49.369,0,28,56,7224,66
297.925,23:26:49.369,0,28,82,7250,66
297.925,23:26:49.370,0,28,84,7252,66
297.925,23:26:49.371,0,28,94,7262,67
297.925,23:26:49.371,0,27,228,7140,67
297.925,23:26:49.371,0,27,236,7148,67
297.925,23:26:49.372,0,28,24,7192,67
297.925,23:26:49.372,0,28,60,7228,68
297.925,23:26:49.372,0,28,162,7330,68
298.543,23:26:49.986,0,28,184,7352,68
298.543,23:26:49.986,0,28,114,7282,68
298.543,23:26:49.986,0,28,98,7266,69
298.543,23:26:49.987,0,27,242,7154,69
298.543,23:26:49.987,0,28,12,7180,69
298.543,23:26:49.987,0,27,252,7164,69
298.543,23:26:49.988,0,27,224,7136,69
298.543,23:26:49.988,0,28,6,7174,70
298.543,23:26:49.988,0,28,52,7220,70
298.543,23:26:49.988,0,28,64,7232,70
298.543,23:26:49.989,0,28,86,7254,70
298.543,23:26:49.989,0,28,114,7282,71
299.141,23:26:50.585,0,28,92,7260,71
299.141,23:26:50.585,0,28,68,7236,71
299.141,23:26:50.585,0,28,56,7224,71
299.141,23:26:50.586,0,28,8,7176,72
299.141,23:26:50.586,0,27,194,7106,72
299.141,23:26:50.586,0,27,238,7150,72
299.141,23:26:50.587,0,28,46,7214,72
299.141,23:26:50.587,0,28,84,7252,73
299.141,23:26:50.587,0,28,16,7184,73
299.141,23:26:50.588,0,28,8,7176,73
299.141,23:26:50.588,0,28,26,7194,73
299.141,23:26:50.588,0,27,252,7164,74
299.744,23:26:51.187,0,28,58,7226,74
299.744,23:26:51.188,0,28,128,7296,74
299.744,23:26:51.188,0,28,94,7262,74
299.744,23:26:51.188,0,28,80,7248,74
299.744,23:26:51.189,0,28,70,7238,74
299.744,23:26:51.189,0,28,46,7214,75
299.744,23:26:51.189,0,28,78,7246,75
299.744,23:26:51.190,0,28,40,7208,75
299.744,23:26:51.190,0,28,46,7214,75
299.744,23:26:51.190,0,28,52,7220,76
299.744,23:26:51.191,0,28,0,7168,76
299.744,23:26:51.192,0,27,244,7156,76
300.407,23:26:51.851,0,28,20,7188,76
300.407,23:26:51.851,0,28,32,7200,77
300.407,23:26:51.851,0,28,80,7248,77
300.407,23:26:51.852,0,28,54,7222,77
300.407,23:26:51.852,0,28,10,7178,77
300.407,23:26:51.852,0,28,14,7182,78
300.407,23:26:51.852,0,28,6,7174,78
300.407,23:26:51.853,0,28,10,7178,78
300.407,23:26:51.853,0,28,12,7180,78
300.407,23:26:51.853,0,28,0,7168,79
300.407,23:26:51.854,0,28,74,7242,79
300.407,23:26:51.854,0,28,22,7190,79
300.407,23:26:51.854,0,28,38,7206,79
301.162,23:26:52.605,0,28,66,7234,79
301.162,23:26:52.606,0,28,54,7222,79
301.162,23:26:52.606,0,28,70,7238,80
301.162,23:26:52.606,0,28,34,7202,80
301.162,23:26:52.607,0,27,254,7166,80
301.162,23:26:52.607,0,28,38,7206,80
301.162,23:26:52.607,0,28,56,7224,81
301.162,23:26:52.608,0,28,40,7208,81
301.162,23:26:52.608,0,28,62,7230,81
301.162,23:26:52.608,0,28,48,7216,81
301.162,23:26:52.608,0,28,54,7222,82
301.162,23:26:52.609,0,28,38,7206,82
301.162,23:26:52.609,0,28,30,7198,82
301.162,23:26:52.609,0,27,244,7156,82
301.162,23:26:52.610,0,27,254,7166,83
301.918,23:26:53.362,0,28,60,7228,83
301.918,23:26:53.362,0,28,84,7252,83
301.918,23:26:53.362,0,28,42,7210,83
301.918,23:26:53.363,0,28,40,7208,84
301.918,23:26:53.363,0,28,56,7224,84
301.918,23:26:53.363,0,27,186,7098,84
301.918,23:26:53.364,0,27,224,7136,84
301.918,23:26:53.364,0,28,14,7182,84
301.918,23:26:53.365,0,28,26,7194,84
301.918,23:26:53.365,0,28,70,7238,85
301.918,23:26:53.365,0,28,92,7260,85
301.918,23:26:53.366,0,28,152,7320,85
301.918,23:26:53.366,0,28,134,7302,85
301.918,23:26:53.366,0,28,74,7242,86
301.918,23:26:53.367,0,28,84,7252,86
302.721,23:26:54.163,0,28,58,7226,86
302.721,23:26:54.164,0,28,38,7206,87
302.721,23:26:54.164,0,27,220,7132,87
302.721,23:26:54.164,0,27,188,7100,87
302.721,23:26:54.165,0,27,230,7142,87
302.721,23:26:54.165,0,28,128,7296,88
302.721,23:26:54.165,0,28,142,7310,88
302.721,23:26:54.166,0,28,56,7224,89
302.721,23:26:54.166,0,28,94,7262,89
302.721,23:26:54.166,0,28,82,7250,89
302.721,23:26:54.167,0,28,114,7282,89
303.291,23:26:54.734,0,28,136,7304,90
303.291,23:26:54.735,0,28,84,7252,90
303.291,23:26:54.735,0,28,106,7274,90
303.291,23:26:54.736,0,28,98,7266,90
303.291,23:26:54.736,0,28,74,7242,91
303.291,23:26:54.736,0,28,30,7198,91
303.291,23:26:54.736,0,27,242,7154,91
303.291,23:26:54.737,0,28,16,7184,91
303.291,23:26:54.737,0,28,44,7212,92
303.291,23:26:54.737,0,28,42,7210,92
303.291,23:26:54.738,0,28,96,7264,92
303.891,23:26:55.334,0,28,90,7258,92
303.891,23:26:55.334,0,28,82,7250,93
303.891,23:26:55.335,0,28,68,7236,93
303.891,23:26:55.335,0,28,70,7238,93
303.891,23:26:55.335,0,28,102,7270,93
303.891,23:26:55.336,0,28,6,7174,94
303.891,23:26:55.337,0,28,20,7188,94
303.891,23:26:55.337,0,28,98,7266,94
303.891,23:26:55.337,0,28,140,7308,95
303.891,23:26:55.338,0,28,150,7318,95
303.891,23:26:55.338,0,28,132,7300,95
304.537,23:26:55.981,0,28,76,7244,95
304.537,23:26:55.981,0,28,52,7220,96
304.537,23:26:55.982,0,28,100,7268,96
304.537,23:26:55.982,0,28,106,7274,96
304.537,23:26:55.982,0,28,42,7210,96
304.537,23:26:55.983,0,28,26,7194,96
304.537,23:26:55.983,0,28,62,7230,97
304.537,23:26:55.983,0,28,82,7250,97
304.537,23:26:55.984,0,28,110,7278,97
304.537,23:26:55.984,0,28,158,7326,97
304.537,23:26:55.984,0,28,144,7312,98
304.537,23:26:55.984,0,28,80,7248,98
305.123,23:26:56.566,0,28,114,7282,98
305.123,23:26:56.566,0,28,102,7270,98
305.123,23:26:56.566,0,28,104,7272,99
305.123,23:26:56.567,0,28,102,7270,99
305.123,23:26:56.567,0,28,84,7252,99
305.123,23:26:56.567,0,28,56,7224,100
305.123,23:26:56.568,0,27,242,7154,100
305.123,23:26:56.568,0,28,38,7206,100
305.123,23:26:56.568,0,28,64,7232,101
305.724,23:26:57.166,0,28,138,7306,101
305.724,23:26:57.167,0,28,134,7302,101
305.724,23:26:57.167,0,28,90,7258,101
305.724,23:26:57.167,0,28,104,7272,101
305.724,23:26:57.168,0,28,110,7278,102
305.724,23:26:57.168,0,28,108,7276,102
305.724,23:26:57.168,0,28,34,7202,102
305.724,23:26:57.169,0,28,20,7188,102
305.724,23:26:57.169,0,28,2,7170,103
305.724,23:26:57.170,0,28,62,7230,103
305.724,23:26:57.170,0,28,94,7262,103
306.385,23:26:57.828,0,28,86,7254,104
306.385,23:26:57.828,0,28,70,7238,104
306.385,23:26:57.828,0,28,70,7238,104
306.385,23:26:57.828,0,28,76,7244,105
306.385,23:26:57.829,0,28,80,7248,105
306.385,23:26:57.829,0,28,36,7204,105
306.385,23:26:57.830,0,27,236,7148,106
306.385,23:26:57.830,0,27,186,7098,106
306.385,23:26:57.830,0,27,244,7156,106
306.385,23:26:57.830,0,28,6,7174,106
306.385,23:26:57.831,0,28,44,7212,107
306.942,23:26:58.384,0,28,64,7232,107
306.942,23:26:58.385,0,28,78,7246,107
306.942,23:26:58.385,0,28,94,7262,107
306.942,23:26:58.385,0,28,134,7302,107
306.942,23:26:58.386,0,28,98,7266,107
306.942,23:26:58.386,0,27,254,7166,108
306.942,23:26:58.386,0,28,18,7186,108
306.942,23:26:58.387,0,28,108,7276,108
306.942,23:26:58.387,0,28,126,7294,109
306.942,23:26:58.387,0,28,78,7246,109
307.561,23:26:59.004,0,28,60,7228,109
307.561,23:26:59.004,0,28,28,7196,109
307.561,23:26:59.005,0,28,18,7186,110
307.561,23:26:59.005,0,28,8,7176,110
307.561,23:26:59.006,0,28,110,7278,110
307.561,23:26:59.006,0,28,132,7300,111
307.561,23:26:59.007,0,28,86,7254,111
307.561,23:26:59.007,0,28,22,7190,111
307.561,23:26:59.007,0,28,8,7176,111
307.561,23:26:59.007,0,28,30,7198,111
307.561,23:26:59.008,0,27,254,7166,111
308.271,23:26:59.715,0,28,68,7236,112
308.271,23:26:59.715,0,28,70,7238,112
308.271,23:26:59.716,0,28,64,7232,112
308.271,23:26:59.716,0,28,66,7234,113
308.271,23:26:59.716,0,28,32,7200,113
308.271,23:26:59.716,0,28,28,7196,113
308.271,23:26:59.717,0,28,12,7180,113
308.271,23:26:59.717,0,28,10,7178,114
308.271,23:26:59.717,0,28,96,7264,114
308.271,23:26:59.718,0,28,96,7264,114
308.271,23:26:59.718,0,28,92,7260,114
308.271,23:26:59.718,0,28,76,7244,115
308.271,23:26:59.718,0,28,42,7210,115
308.271,23:26:59.719,0,27,228,7140,115
309.027,23:27:00.470,0,27,228,7140,115
309.027,23:27:00.470,0,28,0,7168,115
309.027,23:27:00.471,0,28,94,7262,115
309.027,23:27:00.471,0,28,118,7286,116
309.027,23:27:00.471,0,28,150,7318,116
309.027,23:27:00.472,0,28,90,7258,116
309.027,23:27:00.472,0,28,32,7200,116
309.027,23:27:00.472,0,28,14,7182,117
309.027,23:27:00.473,0,27,240,7152,117
309.027,23:27:00.473,0,27,232,7144,117
309.027,23:27:00.474,0,28,64,7232,117
309.027,23:27:00.474,0,28,60,7228,118
309.027,23:27:00.474,0,28,78,7246,118
309.027,23:27:00.474,0,28,68,7236,118
309.027,23:27:00.475,0,28,52,7220,118
309.829,23:27:01.271,0,28,48,7216,119
309.829,23:27:01.272,0,28,18,7186,119
309.829,23:27:01.272,0,28,56,7224,119
309.829,23:27:01.272,0,28,62,7230,119
309.829,23:27:01.273,0,28,78,7246,119
309.829,23:27:01.273,0,28,90,7258,120
309.829,23:27:01.273,0,28,46,7214,120
309.829,23:27:01.274,0,28,60,7228,120
309.829,23:27:01.274,0,27,224,7136,120
309.829,23:27:01.274,0,27,204,7116,121
309.829,23:27:01.275,0,27,238,7150,121
309.829,23:27:01.276,0,28,24,7192,121
309.829,23:27:01.276,0,28,40,7208,121
309.829,23:27:01.277,0,28,32,7200,122
309.829,23:27:01.277,0,28,76,7244,122
310.539,23:27:01.983,0,28,102,7270,122
310.539,23:27:01.983,0,28,62,7230,122
310.539,23:27:01.983,0,28,98,7266,123
310.539,23:27:01.984,0,28,68,7236,123
310.539,23:27:01.984,0,28,84,7252,123
310.539,23:27:01.984,0,28,44,7212,124
310.539,23:27:01.984,0,28,22,7190,124
310.539,23:27:01.985,0,28,4,7172,124
310.539,23:27:01.985,0,27,252,7164,124
310.539,23:27:01.986,0,28,10,7178,125
310.539,23:27:01.986,0,28,38,7206,125
310.539,23:27:01.986,0,28,54,7222,125
311.141,23:27:02.584,0,28,52,7220,125
311.141,23:27:02.585,0,28,118,7286,126
311.141,23:27:02.585,0,28,102,7270,126
311.141,23:27:02.585,0,28,12,7180,126
311.141,23:27:02.586,0,27,224,7136,127
311.141,23:27:02.586,0,27,218,7130,127
311.141,23:27:02.586,0,28,4,7172,127
311.141,23:27:02.587,0,28,10,7178,127
311.141,23:27:02.587,0,28,58,7226,128
311.141,23:27:02.587,0,28,74,7242,128
311.701,23:27:03.145,0,28,106,7274,128
311.701,23:27:03.145,0,28,68,7236,128
311.701,23:27:03.145,0,27,246,7158,129
311.701,23:27:03.146,0,28,10,7178,129
311.701,23:27:03.146,0,28,26,7194,129
311.701,23:27:03.146,0,28,56,7224,129
311.701,23:27:03.147,0,28,70,7238,130
311.701,23:27:03.147,0,28,78,7246,130
311.701,23:27:03.147,0,28,106,7274,130
311.701,23:27:03.148,0,28,50,7218,130
312.318,23:27:03.761,0,28,30,7198,130
312.318,23:27:03.762,0,27,232,7144,131
312.318,23:27:03.762,0,28,0,7168,131
312.318,23:27:03.762,0,28,68,7236,131
312.318,23:27:03.763,0,28,88,7256,131
312.318,23:27:03.763,0,28,82,7250,132
312.318,23:27:03.763,0,28,84,7252,132
312.318,23:27:03.764,0,28,48,7216,132
312.318,23:27:03.764,0,28,8,7176,132
312.318,23:27:03.764,0,27,226,7138,133
312.318,23:27:03.764,0,27,230,7142,133
312.318,23:27:03.765,0,28,4,7172,133
312.890,23:27:04.333,0,28,62,7230,133
312.890,23:27:04.333,0,28,64,7232,134
312.890,23:27:04.334,0,28,54,7222,134
312.890,23:27:04.334,0,28,66,7234,134
312.890,23:27:04.334,0,27,236,7148,134
312.890,23:27:04.334,0,27,220,7132,134
312.890,23:27:04.334,0,28,28,7196,134
312.890,23:27:04.334,0,28,26,7194,135
312.890,23:27:04.335,0,28,98,7266,135
312.890,23:27:04.335,0,28,120,7288,135
312.890,23:27:04.335,0,28,82,7250,135
312.890,23:27:04.335,0,28,68,7236,136
313.447,23:27:04.891,0,28,22,7190,136
313.447,23:27:04.891,0,27,232,7144,136
313.447,23:27:04.892,0,28,34,7202,136
313.447,23:27:04.892,0,28,38,7206,137
313.447,23:27:04.892,0,28,72,7240,137
313.447,23:27:04.892,0,28,104,7272,137
313.447,23:27:04.893,0,28,94,7262,137
313.447,23:27:04.893,0,28,96,7264,138
313.447,23:27:04.893,0,28,24,7192,138
313.447,23:27:04.894,0,27,250,7162,138
313.447,23:27:04.894,0,28,28,7196,138
314.097,23:27:05.540,0,28,2,7170,139
314.097,23:27:05.540,0,28,20,7188,139
314.097,23:27:05.541,0,28,66,7234,139
314.097,23:27:05.541,0,28,50,7218,139
314.097,23:27:05.541,0,28,54,7222,139
314.097,23:27:05.543,0,28,64,7232,139
314.097,23:27:05.543,0,28,46,7214,140
314.097,23:27:05.543,0,28,56,7224,140
314.097,23:27:05.544,0,28,2,7170,140
314.097,23:27:05.544,0,28,8,7176,140
314.097,23:27:05.544,0,28,26,7194,141
314.097,23:27:05.545,0,28,22,7190,141
314.097,23:27:05.545,0,28,10,7178,141
314.684,23:27:06.127,0,28,58,7226,141
314.684,23:27:06.127,0,28,4,7172,142
314.684,23:27:06.127,0,28,8,7176,142
314.684,23:27:06.128,0,28,18,7186,142
314.684,23:27:06.128,0,28,80,7248,142
314.684,23:27:06.128,0,28,106,7274,143
314.684,23:27:06.129,0,28,82,7250,143
314.684,23:27:06.129,0,28,102,7270,143
314.684,23:27:06.129,0,28,20,7188,144
314.684,23:27:06.130,0,28,40,7208,144
315.286,23:27:06.730,0,27,224,7136,144
315.286,23:27:06.730,0,27,212,7124,144
315.286,23:27:06.730,0,28,14,7182,145
315.286,23:27:06.731,0,28,12,7180,145
315.286,23:27:06.731,0,28,52,7220,145
315.286,23:27:06.731,0,28,102,7270,145
315.286,23:27:06.732,0,28,110,7278,146
315.286,23:27:06.732,0,28,54,7222,146
315.286,23:27:06.732,0,27,246,7158,146
315.917,23:27:07.361,0,28,46,7214,147
315.917,23:27:07.361,0,28,92,7260,147
315.917,23:27:07.361,0,28,32,7200,148
315.917,23:27:07.362,0,27,252,7164,148
315.917,23:27:07.362,0,28,8,7176,148
315.917,23:27:07.362,0,28,2,7170,149
315.917,23:27:07.362,0,28,28,7196,149
315.917,23:27:07.363,0,28,14,7182,149
315.917,23:27:07.363,0,28,24,7192,149
315.917,23:27:07.363,0,28,40,7208,150
316.563,23:27:08.006,0,28,32,7200,150
316.563,23:27:08.007,0,28,32,7200,150
316.563,23:27:08.007,0,28,14,7182,150
316.563,23:27:08.007,0,28,0,7168,151
316.563,23:27:08.007,0,28,24,7192,151
316.563,23:27:08.008,0,28,20,7188,151
316.563,23:27:08.008,0,28,76,7244,151
316.563,23:27:08.008,0,28,70,7238,151
316.563,23:27:08.009,0,28,88,7256,151
316.563,23:27:08.009,0,28,82,7250,152
316.563,23:27:08.009,0,28,54,7222,152
316.563,23:27:08.010,0,28,76,7244,152
316.563,23:27:08.010,0,28,84,7252,152
317.178,23:27:08.621,0,28,26,7194,153
317.178,23:27:08.622,0,28,38,7206,153
317.178,23:27:08.622,0,28,72,7240,153
317.178,23:27:08.622,0,28,48,7216,153
317.178,23:27:08.623,0,28,18,7186,154
317.178,23:27:08.623,0,28,8,7176,154
317.178,23:27:08.623,0,27,238,7150,154
317.178,23:27:08.624,0,28,22,7190,155
317.178,23:27:08.624,0,28,46,7214,155
317.178,23:27:08.624,0,28,44,7212,155
317.781,23:27:09.224,0,28,38,7206,155
317.781,23:27:09.224,0,28,48,7216,155
317.781,23:27:09.224,0,28,46,7214,156
317.781,23:27:09.224,0,28,58,7226,156
317.781,23:27:09.225,0,28,12,7180,156
317.781,23:27:09.225,0,28,14,7182,156
317.781,23:27:09.226,0,28,26,7194,157
317.781,23:27:09.226,0,28,88,7256,157
317.781,23:27:09.226,0,28,100,7268,157
317.781,23:27:09.226,0,28,108,7276,157
317.781,23:27:09.227,0,28,66,7234,158
317.781,23:27:09.227,0,28,74,7242,158
318.383,23:27:09.826,0,27,242,7154,158
318.383,23:27:09.826,0,27,170,7082,158
318.383,23:27:09.826,0,27,196,7108,159
318.383,23:27:09.827,0,28,74,7242,159
318.383,23:27:09.827,0,28,82,7250,159
318.383,23:27:09.827,0,28,82,7250,159
318.383,23:27:09.827,0,28,64,7232,160
318.383,23:27:09.828,0,28,82,7250,160
318.383,23:27:09.828,0,28,12,7180,160
318.924,23:27:10.367,0,28,44,7212,161
318.924,23:27:10.368,0,28,26,7194,161
318.924,23:27:10.368,0,28,40,7208,161
318.924,23:27:10.368,0,28,46,7214,161
318.924,23:27:10.369,0,28,36,7204,162
318.924,23:27:10.369,0,28,78,7246,162
318.924,23:27:10.369,0,28,36,7204,162
318.924,23:27:10.369,0,28,14,7182,162
318.924,23:27:10.370,0,28,18,7186,163
318.924,23:27:10.370,0,28,10,7178,163
318.924,23:27:10.370,0,28,70,7238,163
319.496,23:27:10.939,0,28,56,7224,163
319.496,23:27:10.940,0,28,72,7240,164
319.496,23:27:10.940,0,28,66,7234,164
319.496,23:27:10.940,0,28,60,7228,164
319.496,23:27:10.941,0,28,58,7226,164
319.496,23:27:10.941,0,28,10,7178,165
319.496,23:27:10.941,0,27,230,7142,165
319.496,23:27:10.941,0,27,250,7162,165
319.496,23:27:10.942,0,27,218,7130,165
319.496,23:27:10.942,0,28,36,7204,166
319.496,23:27:10.942,0,28,58,7226,166
320.100,23:27:11.543,0,28,90,7258,166
320.100,23:27:11.544,0,28,76,7244,166
320.100,23:27:11.544,0,28,56,7224,166
320.100,23:27:11.544,0,28,60,7228,167
320.100,23:27:11.546,0,27,246,7158,167
320.100,23:27:11.546,0,27,224,7136,167
320.100,23:27:11.546,0,27,240,7152,168
320.100,23:27:11.546,0,28,28,7196,168
320.100,23:27:11.547,0,28,54,7222,168
320.100,23:27:11.547,0,28,82,7250,168
320.856,23:27:12.300,0,28,136,7304,169
320.856,23:27:12.300,0,28,20,7188,169
320.856,23:27:12.301,0,27,252,7164,169
320.856,23:27:12.301,0,27,236,7148,170
320.856,23:27:12.301,0,27,194,7106,170
320.856,23:27:12.302,0,27,192,7104,170
320.856,23:27:12.302,0,28,6,7174,170
320.856,23:27:12.302,0,28,70,7238,170
320.856,23:27:12.303,0,28,62,7230,171
320.856,23:27:12.303,0,28,44,7212,171
320.856,23:27:12.303,0,28,86,7254,171
320.856,23:27:12.303,0,28,50,7218,172
321.570,23:27:13.012,0,28,10,7178,172
321.570,23:27:13.013,0,28,50,7218,172
321.570,23:27:13.013,0,28,32,7200,172
321.570,23:27:13.014,0,28,50,7218,173
321.570,23:27:13.014,0,28,80,7248,173
321.570,23:27:13.014,0,28,68,7236,173
321.570,23:27:13.015,0,28,70,7238,173
321.570,23:27:13.015,0,28,54,7222,174
321.570,23:27:13.015,0,27,254,7166,174
321.570,23:27:13.015,0,27,170,7082,174
321.570,23:27:13.016,0,27,234,7146,174
321.570,23:27:13.016,0,28,20,7188,174
321.570,23:27:13.017,0,28,38,7206,174
321.570,23:27:13.017,0,28,72,7240,175
322.326,23:27:13.768,0,28,66,7234,175
322.326,23:27:13.769,0,27,222,7134,175
322.326,23:27:13.769,0,27,180,7092,176
322.326,23:27:13.770,0,27,250,7162,176
322.326,23:27:13.771,0,28,66,7234,176
322.326,23:27:13.771,0,28,96,7264,177
322.326,23:27:13.773,0,28,58,7226,177
322.326,23:27:13.773,0,28,8,7176,177
322.326,23:27:13.773,0,28,52,7220,177
322.326,23:27:13.773,0,28,44,7212,178
322.326,23:27:13.774,0,27,232,7144,178
322.326,23:27:13.774,0,27,212,7124,178
322.326,23:27:13.775,0,27,234,7146,178
322.326,23:27:13.775,0,27,240,7152,178
322.976,23:27:14.419,0,28,42,7210,178
322.976,23:27:14.419,0,28,64,7232,179
322.976,23:27:14.420,0,28,82,7250,179
322.976,23:27:14.420,0,28,112,7280,179
322.976,23:27:14.421,0,28,30,7198,180
322.976,23:27:14.421,0,28,48,7216,180
322.976,23:27:14.421,0,28,54,7222,180
322.976,23:27:14.422,0,28,40,7208,180
322.976,23:27:14.422,0,28,2,7170,181
322.976,23:27:14.423,0,28,6,7174,181
322.976,23:27:14.423,0,28,44,7212,181
322.976,23:27:14.424,0,28,62,7230,181
323.531,23:27:14.974,0,28,90,7258,182
323.531,23:27:14.975,0,28,58,7226,182
323.531,23:27:14.975,0,28,62,7230,182
323.531,23:27:14.975,0,28,58,7226,182
323.531,23:27:14.976,0,27,182,7094,183
323.531,23:27:14.976,0,27,142,7054,183
323.531,23:27:14.976,0,27,200,7112,183
323.531,23:27:14.977,0,28,2,7170,183
323.531,23:27:14.977,0,28,64,7232,183
323.531,23:27:14.977,0,28,66,7234,183
323.531,23:27:14.978,0,28,70,7238,184
324.146,23:27:15.590,0,28,98,7266,184
324.146,23:27:15.590,0,28,52,7220,184
324.146,23:27:15.590,0,28,10,7178,184
324.146,23:27:15.592,0,28,56,7224,185
324.146,23:27:15.592,0,28,42,7210,185
324.146,23:27:15.592,0,27,250,7162,185
324.146,23:27:15.593,0,28,2,7170,185
324.146,23:27:15.593,0,28,34,7202,186
324.146,23:27:15.593,0,28,62,7230,186
324.146,23:27:15.594,0,28,34,7202,186
324.146,23:27:15.594,0,28,90,7258,187
324.763,23:27:16.206,0,28,100,7268,187
324.763,23:27:16.206,0,28,68,7236,187
324.763,23:27:16.207,0,28,72,7240,187
324.763,23:27:16.208,0,28,34,7202,188
324.763,23:27:16.208,0,27,190,7102,188
324.763,23:27:16.208,0,27,220,7132,188
324.763,23:27:16.208,0,27,202,7114,189
324.763,23:27:16.209,0,28,2,7170,189
324.763,23:27:16.209,0,27,248,7160,189
325.319,23:27:16.763,0,28,54,7222,190
325.319,23:27:16.763,0,28,164,7332,190
325.319,23:27:16.763,0,28,154,7322,190
325.319,23:27:16.764,0,28,116,7284,190
325.319,23:27:16.764,0,27,250,7162,191
325.319,23:27:16.764,0,27,224,7136,191
325.319,23:27:16.765,0,27,254,7166,191
325.319,23:27:16.765,0,28,56,7224,191
325.319,23:27:16.765,0,28,74,7242,192
325.319,23:27:16.765,0,28,114,7282,192
325.891,23:27:17.334,0,28,128,7296,192
325.891,23:27:17.334,0,28,112,7280,192
325.891,23:27:17.334,0,28,102,7270,193
325.891,23:27:17.335,0,28,26,7194,193
325.891,23:27:17.335,0,27,196,7108,193
325.891,23:27:17.335,0,27,214,7126,193
325.891,23:27:17.336,0,27,168,7080,193
325.891,23:27:17.336,0,27,174,7086,193
325.891,23:27:17.336,0,28,58,7226,194
325.891,23:27:17.337,0,28,36,7204,194
325.891,23:27:17.337,0,27,246,7158,194
326.661,23:27:18.105,0,27,208,7120,195
326.661,23:27:18.106,0,28,6,7174,195
326.661,23:27:18.106,0,28,24,7192,195
326.661,23:27:18.106,0,28,72,7240,195
326.661,23:27:18.107,0,28,20,7188,196
326.661,23:27:18.107,0,28,52,7220,196
326.661,23:27:18.107,0,28,84,7252,196
326.661,23:27:18.108,0,28,86,7254,196
326.661,23:27:18.108,0,28,72,7240,197
326.661,23:27:18.108,0,27,226,7138,197
326.661,23:27:18.108,0,27,222,7134,197
326.661,23:27:18.109,0,28,8,7176,197
326.661,23:27:18.109,0,28,34,7202,197
326.661,23:27:18.109,0,28,98,7266,198
327.418,23:27:18.861,0,28,100,7268,198
327.418,23:27:18.861,0,28,72,7240,198
327.418,23:27:18.862,0,28,88,7256,198
327.418,23:27:18.862,0,28,60,7228,199
327.418,23:27:18.862,0,28,50,7218,199
327.418,23:27:18.863,0,27,230,7142,199
327.418,23:27:18.863,0,27,202,7114,199
327.418,23:27:18.863,0,28,42,7210,200
327.418,23:27:18.864,0,28,106,7274,200
327.418,23:27:18.864,0,28,110,7278,200
327.418,23:27:18.864,0,28,90,7258,200
327.418,23:27:18.864,0,28,58,7226,201
327.418,23:27:18.865,0,28,56,7224,201
327.418,23:27:18.865,0,28,50,7218,201
327.418,23:27:18.865,0,27,226,7138,201
328.111,23:27:19.554,0,27,226,7138,201
328.111,23:27:19.555,0,28,26,7194,202
328.111,23:27:19.555,0,28,88,7256,202
328.111,23:27:19.555,0,28,84,7252,202
328.111,23:27:19.556,0,28,28,7196,202
328.111,23:27:19.556,0,28,18,7186,202
328.111,23:27:19.556,0,27,226,7138,202
328.111,23:27:19.557,0,27,250,7162,203
328.111,23:27:19.557,0,28,6,7174,203
328.111,23:27:19.557,0,28,40,7208,203
328.111,23:27:19.558,0,28,88,7256,203
328.111,23:27:19.559,0,28,92,7260,204
328.111,23:27:19.559,0,28,60,7228,204
328.743,23:27:20.186,0,28,2,7170,204
328.743,23:27:20.187,0,27,244,7156,204
328.743,23:27:20.187,0,28,32,7200,205
328.743,23:27:20.187,0,28,66,7234,205
328.743,23:27:20.188,0,28,52,7220,205
328.743,23:27:20.188,0,28,80,7248,205
328.743,23:27:20.189,0,28,58,7226,206
328.743,23:27:20.189,0,28,68,7236,206
328.743,23:27:20.189,0,28,68,7236,206
328.743,23:27:20.190,0,27,244,7156,206
328.743,23:27:20.190,0,28,16,7184,206
328.743,23:27:20.190,0,28,34,7202,206
329.344,23:27:20.788,0,28,46,7214,207
329.344,23:27:20.788,0,28,32,7200,207
329.344,23:27:20.789,0,28,70,7238,207
329.344,23:27:20.789,0,28,68,7236,208
329.344,23:27:20.789,0,28,46,7214,208
329.344,23:27:20.790,0,28,36,7204,208
329.344,23:27:20.790,0,28,10,7178,208
329.344,23:27:20.790,0,27,208,7120,209
329.344,23:27:20.791,0,27,204,7116,209
329.344,23:27:20.791,0,27,250,7162,209
329.344,23:27:20.791,0,27,250,7162,210
329.949,23:27:21.393,0,28,30,7198,210
329.949,23:27:21.393,0,28,64,7232,210
329.949,23:27:21.394,0,28,70,7238,210
329.949,23:27:21.394,0,28,14,7182,211
329.949,23:27:21.394,0,28,4,7172,211
329.949,23:27:21.395,0,28,28,7196,211
329.949,23:27:21.395,0,28,42,7210,211
329.949,23:27:21.395,0,28,66,7234,211
329.949,23:27:21.395,0,28,54,7222,211
329.949,23:27:21.396,0,28,46,7214,212
329.949,23:27:21.396,0,28,66,7234,212
329.949,23:27:21.396,0,28,62,7230,212
330.644,23:27:22.087,0,28,82,7250,212
330.644,23:27:22.087,0,28,54,7222,213
330.644,23:27:22.088,0,27,180,7092,213
330.644,23:27:22.088,0,27,176,7088,213
330.644,23:27:22.088,0,28,72,7240,214
330.644,23:27:22.089,0,28,100,7268,214
330.644,23:27:22.089,0,28,78,7246,214
330.644,23:27:22.089,0,28,42,7210,214
330.644,23:27:22.090,0,27,246,7158,215
330.644,23:27:22.090,0,27,232,7144,215
330.644,23:27:22.090,0,27,204,7116,215
330.644,23:27:22.090,0,27,238,7150,216
331.296,23:27:22.739,0,28,10,7178,216
331.296,23:27:22.739,0,28,84,7252,216
331.296,23:27:22.739,0,28,72,7240,217
331.296,23:27:22.740,0,28,80,7248,217
331.296,23:27:22.740,0,28,110,7278,217
331.296,23:27:22.740,0,28,84,7252,217
331.296,23:27:22.741,0,27,248,7160,218
331.296,23:27:22.741,0,28,2,7170,218
331.296,23:27:22.742,0,28,10,7178,218
331.296,23:27:22.742,0,27,248,7160,218
331.296,23:27:22.743,0,28,14,7182,218
331.900,23:27:23.343,0,28,86,7254,219
331.900,23:27:23.344,0,28,44,7212,219
331.900,23:27:23.344,0,28,52,7220,219
331.900,23:27:23.344,0,28,28,7196,220
331.900,23:27:23.344,0,28,4,7172,220
331.900,23:27:23.345,0,28,28,7196,220
331.900,23:27:23.345,0,27,236,7148,220
331.900,23:27:23.345,0,28,32,7200,221
331.900,23:27:23.346,0,28,30,7198,221
331.900,23:27:23.346,0,28,74,7242,221
331.900,23:27:23.346,0,28,108,7276,221
332.654,23:27:24.097,0,28,118,7286,221
332.654,23:27:24.097,0,28,98,7266,221
332.654,23:27:24.097,0,28,76,7244,222
332.654,23:27:24.098,0,28,0,7168,222
332.654,23:27:24.098,0,28,0,7168,222
332.654,23:27:24.098,0,28,42,7210,223
332.654,23:27:24.098,0,28,24,7192,223
332.654,23:27:24.099,0,28,6,7174,223
332.654,23:27:24.099,0,28,18,7186,223
332.654,23:27:24.099,0,28,50,7218,224
332.654,23:27:24.099,0,28,66,7234,224
332.654,23:27:24.100,0,28,66,7234,224
332.654,23:27:24.100,0,27,228,7140,224
332.654,23:27:24.100,0,27,232,7144,225
333.454,23:27:24.896,0,27,232,7144,225
333.454,23:27:24.898,0,28,10,7178,225
333.454,23:27:24.898,0,28,36,7204,225
333.454,23:27:24.899,0,28,12,7180,225
333.454,23:27:24.899,0,27,250,7162,225
333.454,23:27:24.899,0,28,62,7230,226
333.454,23:27:24.899,0,28,50,7218,226
333.454,23:27:24.900,0,28,58,7226,226
333.454,23:27:24.900,0,28,20,7188,227
333.454,23:27:24.900,0,28,26,7194,227
333.454,23:27:24.900,0,28,52,7220,227
333.454,23:27:24.901,0,28,52,7220,227
333.454,23:27:24.901,0,28,62,7230,228
333.454,23:27:24.901,0,28,2,7170,228
333.454,23:27:24.901,0,28,4,7172,228
334.241,23:27:25.684,0,28,22,7190,228
334.241,23:27:25.685,0,27,218,7130,229
334.241,23:27:25.685,0,27,222,7134,229
334.241,23:27:25.685,0,28,0,7168,229
334.241,23:27:25.686,0,28,14,7182,229
334.241,23:27:25.686,0,28,28,7196,230
334.241,23:27:25.688,0,28,30,7198,230
334.241,23:27:25.688,0,28,62,7230,230
334.241,23:27:25.688,0,28,46,7214,230
334.241,23:27:25.689,0,28,18,7186,230
334.241,23:27:25.689,0,28,6,7174,230
334.241,23:27:25.689,0,28,12,7180,231
334.241,23:27:25.690,0,28,28,7196,231
334.241,23:27:25.690,0,28,42,7210,231
334.241,23:27:25.690,0,28,58,7226,231
334.241,23:27:25.691,0,28,62,7230,232
334.995,23:27:26.438,0,28,40,7208,232
334.995,23:27:26.439,0,27,236,7148,232
334.995,23:27:26.439,0,27,230,7142,233
334.995,23:27:26.440,0,28,82,7250,233
334.995,23:27:26.440,0,28,92,7260,233
334.995,23:27:26.440,0,28,6,7174,233
334.995,23:27:26.441,0,27,250,7162,234
334.995,23:27:26.441,0,28,50,7218,234
334.995,23:27:26.441,0,28,76,7244,234
334.995,23:27:26.442,0,28,36,7204,234
334.995,23:27:26.442,0,28,38,7206,235
334.995,23:27:26.442,0,27,232,7144,235
334.995,23:27:26.442,0,27,220,7132,235
334.995,23:27:26.443,0,27,246,7158,235
335.705,23:27:27.148,0,28,38,7206,235
335.705,23:27:27.149,0,28,70,7238,235
335.705,23:27:27.149,0,28,42,7210,236
335.705,23:27:27.149,0,28,10,7178,236
335.705,23:27:27.150,0,28,0,7168,236
335.705,23:27:27.150,0,28,48,7216,237
335.705,23:27:27.150,0,28,84,7252,237
335.705,23:27:27.150,0,28,70,7238,237
335.705,23:27:27.151,0,27,244,7156,237
335.705,23:27:27.151,0,27,234,7146,238
335.705,23:27:27.151,0,27,254,7166,238
335.705,23:27:27.151,0,28,30,7198,238
335.705,23:27:27.152,0,28,52,7220,238
336.277,23:27:27.721,0,28,82,7250,239
336.277,23:27:27.721,0,28,110,7278,239
336.277,23:27:27.721,0,28,92,7260,239
336.277,23:27:27.721,0,27,248,7160,240
336.277,23:27:27.722,0,28,34,7202,240
336.277,23:27:27.722,0,27,242,7154,240
336.277,23:27:27.722,0,28,16,7184,240
336.277,23:27:27.723,0,28,80,7248,240
336.277,23:27:27.723,0,28,80,7248,240
336.277,23:27:27.723,0,28,38,7206,241
336.927,23:27:28.370,0,27,252,7164,241
336.927,23:27:28.370,0,27,204,7116,242
336.927,23:27:28.370,0,28,40,7208,242
336.927,23:27:28.371,0,28,54,7222,242
336.927,23:27:28.371,0,28,58,7226,242
336.927,23:27:28.371,0,28,82,7250,242
336.927,23:27:28.372,0,28,80,7248,243
336.927,23:27:28.372,0,28,8,7176,243
336.927,23:27:28.372,0,28,2,7170,243
336.927,23:27:28.373,0,27,250,7162,243
336.927,23:27:28.373,0,27,218,7130,244
336.927,23:27:28.373,0,28,0,7168,244
337.499,23:27:28.942,0,27,248,7160,244
337.499,23:27:28.942,0,28,56,7224,244
337.499,23:27:28.942,0,28,104,7272,245
337.499,23:27:28.943,0,28,90,7258,245
337.499,23:27:28.943,0,28,16,7184,245
337.499,23:27:28.943,0,28,32,7200,245
337.499,23:27:28.944,0,28,2,7170,246
337.499,23:27:28.944,0,28,12,7180,246
337.499,23:27:28.944,0,28,26,7194,246
337.499,23:27:28.945,0,28,38,7206,246
337.499,23:27:28.945,0,28,66,7234,246
337.499,23:27:28.945,0,28,98,7266,246
338.117,23:27:29.560,0,28,72,7240,247
338.117,23:27:29.561,0,28,20,7188,247
338.117,23:27:29.562,0,28,8,7176,247
338.117,23:27:29.562,0,27,206,7118,248
338.117,23:27:29.562,0,27,236,7148,248
338.117,23:27:29.563,0,28,40,7208,248
338.117,23:27:29.563,0,28,98,7266,249
338.117,23:27:29.564,0,28,26,7194,249
338.780,23:27:30.224,0,28,42,7210,250
338.780,23:27:30.224,0,28,24,7192,250
338.780,23:27:30.224,0,28,38,7206,250
338.780,23:27:30.225,0,28,28,7196,250
338.780,23:27:30.225,0,27,236,7148,251
338.780,23:27:30.225,0,28,58,7226,251
338.780,23:27:30.226,0,28,102,7270,252
338.780,23:27:30.226,0,28,6,7174,252
339.338,23:27:30.781,0,27,226,7138,252
339.338,23:27:30.782,0,28,56,7224,253
339.338,23:27:30.782,0,28,26,7194,253
339.338,23:27:30.782,0,28,8,7176,253
339.338,23:27:30.783,0,28,62,7230,254
339.338,23:27:30.783,0,28,60,7228,254
339.338,23:27:30.783,0,28,54,7222,254
339.338,23:27:30.784,0,28,84,7252,254
339.338,23:27:30.784,0,28,62,7230,255
339.338,23:27:30.784,0,27,236,7148,255
339.928,23:27:31.372,0,27,214,7126,255
339.928,23:27:31.372,0,27,172,7084,255
339.928,23:27:31.372,0,27,200,7112,0
339.928,23:27:31.373,0,28,28,7196,0
339.928,23:27:31.373,0,28,70,7238,0
339.928,23:27:31.373,0,28,120,7288,0
339.928,23:27:31.373,0,28,102,7270,1
339.928,23:27:31.374,0,28,84,7252,1
339.928,23:27:31.374,0,28,56,7224,1
339.928,23:27:31.374,0,28,70,7238,1
339.928,23:27:31.375,0,28,76,7244,1
340.608,23:27:32.050,0,28,94,7262,2
340.608,23:27:32.052,0,28,84,7252,2
340.608,23:27:32.052,0,28,94,7262,2
340.608,23:27:32.053,0,28,8,7176,2
340.608,23:27:32.053,0,28,62,7230,3
340.608,23:27:32.054,0,28,72,7240,3
340.608,23:27:32.054,0,28,96,7264,3
340.608,23:27:32.054,0,28,60,7228,4
340.608,23:27:32.054,0,28,72,7240,4
340.608,23:27:32.055,0,28,60,7228,5
340.608,23:27:32.055,0,28,18,7186,5
341.212,23:27:32.655,0,28,48,7216,5
341.212,23:27:32.655,0,28,86,7254,5
341.212,23:27:32.655,0,28,68,7236,5
341.212,23:27:32.655,0,28,66,7234,5
341.212,23:27:32.655,0,28,14,7182,6
341.212,23:27:32.656,0,28,42,7210,6
341.212,23:27:32.656,0,28,46,7214,6
341.212,23:27:32.656,0,28,114,7282,7
341.212,23:27:32.656,0,28,110,7278,7
341.212,23:27:32.657,0,28,86,7254,7
341.814,23:27:33.258,0,28,60,7228,8
341.814,23:27:33.258,0,28,76,7244,8
341.814,23:27:33.258,0,28,6,7174,8
341.814,23:27:33.259,0,27,242,7154,8
341.814,23:27:33.259,0,27,204,7116,9
341.814,23:27:33.259,0,27,208,7120,9
341.814,23:27:33.260,0,28,10,7178,9
341.814,23:27:33.260,0,28,68,7236,9
341.814,23:27:33.260,0,28,90,7258,9
341.814,23:27:33.260,0,28,94,7262,10
342.432,23:27:33.875,0,28,110,7278,10
342.432,23:27:33.876,0,28,78,7246,10
342.432,23:27:33.876,0,27,228,7140,11
342.432,23:27:33.876,0,27,216,7128,11
342.432,23:27:33.877,0,27,242,7154,11
342.432,23:27:33.877,0,28,56,7224,11
342.432,23:27:33.877,0,28,38,7206,12
342.432,23:27:33.878,0,28,82,7250,12
342.432,23:27:33.879,0,28,102,7270,12
342.432,23:27:33.879,0,28,26,7194,13
343.084,23:27:34.527,0,27,220,7132,13
343.084,23:27:34.528,0,27,236,7148,13
343.084,23:27:34.528,0,28,52,7220,13
343.084,23:27:34.529,0,28,60,7228,14
343.084,23:27:34.529,0,28,76,7244,14
343.084,23:27:34.529,0,28,56,7224,14
343.084,23:27:34.530,0,28,10,7178,14
343.084,23:27:34.530,0,28,26,7194,15
343.084,23:27:34.530,0,28,94,7262,15
343.084,23:27:34.530,0,28,74,7242,15
343.084,23:27:34.531,0,28,82,7250,15
343.084,23:27:34.531,0,28,72,7240,16
343.658,23:27:35.101,0,28,30,7198,16
343.658,23:27:35.102,0,27,252,7164,16
343.658,23:27:35.102,0,27,222,7134,17
343.658,23:27:35.103,0,27,252,7164,17
343.658,23:27:35.103,0,28,34,7202,17
343.658,23:27:35.104,0,28,28,7196,17
343.658,23:27:35.104,0,28,14,7182,18
343.658,23:27:35.104,0,28,24,7192,18
343.658,23:27:35.104,0,28,48,7216,18
343.658,23:27:35.105,0,28,80,7248,18
344.369,23:27:35.812,0,28,70,7238,18
344.369,23:27:35.813,0,28,42,7210,18
344.369,23:27:35.813,0,28,40,7208,19
344.369,23:27:35.813,0,28,90,7258,19
344.369,23:27:35.814,0,28,98,7266,19
344.369,23:27:35.814,0,27,238,7150,19
344.369,23:27:35.814,0,27,242,7154,20
344.369,23:27:35.814,0,28,26,7194,20
344.369,23:27:35.815,0,28,10,7178,20
344.369,23:27:35.815,0,28,54,7222,20
344.369,23:27:35.815,0,28,62,7230,21
344.369,23:27:35.816,0,28,62,7230,21
344.369,23:27:35.817,0,28,74,7242,21
345.175,23:27:36.618,0,28,94,7262,22
345.175,23:27:36.619,0,28,28,7196,22
345.175,23:27:36.619,0,28,8,7176,22
345.175,23:27:36.620,0,28,30,7198,22
345.175,23:27:36.620,0,28,0,7168,23
345.175,23:27:36.621,0,28,18,7186,23
345.175,23:27:36.621,0,28,34,7202,23
345.175,23:27:36.622,0,28,58,7226,23
345.175,23:27:36.622,0,28,64,7232,23
345.175,23:27:36.622,0,28,46,7214,23
345.175,23:27:36.622,0,28,32,7200,24
345.175,23:27:36.623,0,28,10,7178,24
345.175,23:27:36.623,0,28,24,7192,24
345.175,23:27:36.623,0,28,98,7266,24
345.175,23:27:36.623,0,28,142,7310,25
345.175,23:27:36.624,0,28,118,7286,25
345.931,23:27:37.374,0,28,108,7276,25
345.931,23:27:37.375,0,28,20,7188,25
345.931,23:27:37.375,0,27,200,7112,26
345.931,23:27:37.376,0,27,212,7124,26
345.931,23:27:37.376,0,27,192,7104,26
345.931,23:27:37.376,0,27,208,7120,26
345.931,23:27:37.377,0,28,24,7192,27
345.931,23:27:37.377,0,28,72,7240,27
345.931,23:27:37.377,0,28,94,7262,27
345.931,23:27:37.378,0,28,92,7260,27
345.931,23:27:37.378,0,28,14,7182,27
345.931,23:27:37.378,0,27,254,7166,28
345.931,23:27:37.379,0,28,40,7208,28
345.931,23:27:37.379,0,28,24,7192,29
345.931,23:27:37.379,0,28,6,7174,29
346.583,23:27:38.025,0,28,46,7214,29
346.583,23:27:38.026,0,28,40,7208,29
346.583,23:27:38.027,0,28,106,7274,29
346.583,23:27:38.027,0,28,62,7230,29
346.583,23:27:38.028,0,28,56,7224,30
346.583,23:27:38.028,0,28,64,7232,30
346.583,23:27:38.028,0,28,16,7184,30
346.583,23:27:38.028,0,27,228,7140,30
346.583,23:27:38.029,0,28,2,7170,31
346.583,23:27:38.029,0,28,40,7208,31
346.583,23:27:38.029,0,28,70,7238,31
346.583,23:27:38.030,0,28,34,7202,31
346.583,23:27:38.030,0,28,28,7196,32
347.216,23:27:38.659,0,28,120,7288,32
347.216,23:27:38.660,0,28,78,7246,32
347.216,23:27:38.660,0,27,226,7138,33
347.216,23:27:38.660,0,28,2,7170,33
347.216,23:27:38.661,0,28,20,7188,33
347.216,23:27:38.661,0,28,106,7274,33
347.216,23:27:38.661,0,28,84,7252,33
347.216,23:27:38.662,0,28,100,7268,33
347.216,23:27:38.662,0,28,16,7184,34
347.216,23:27:38.662,0,28,46,7214,34
347.216,23:27:38.662,0,28,8,7176,34
347.866,23:27:39.309,0,27,244,7156,34
347.866,23:27:39.310,0,27,246,7158,35
347.866,23:27:39.310,0,28,6,7174,35
347.866,23:27:39.310,0,27,230,7142,35
347.866,23:27:39.311,0,28,30,7198,35
347.866,23:27:39.311,0,28,94,7262,36
347.866,23:27:39.311,0,28,86,7254,36
347.866,23:27:39.312,0,28,30,7198,36
347.866,23:27:39.312,0,28,12,7180,37
347.866,23:27:39.312,0,28,14,7182,37
347.866,23:27:39.313,0,28,12,7180,37
347.866,23:27:39.313,0,28,66,7234,37
348.422,23:27:39.865,0,28,36,7204,37
348.422,23:27:39.866,0,28,66,7234,37
348.422,23:27:39.866,0,28,86,7254,38
348.422,23:27:39.867,0,28,66,7234,38
348.422,23:27:39.868,0,28,50,7218,38
348.422,23:27:39.868,0,28,10,7178,38
348.422,23:27:39.868,0,27,234,7146,39
348.422,23:27:39.869,0,28,28,7196,39
348.422,23:27:39.869,0,28,24,7192,39
348.422,23:27:39.869,0,28,38,7206,39
348.422,23:27:39.870,0,28,82,7250,40
349.026,23:27:40.469,0,28,100,7268,40
349.026,23:27:40.469,0,28,96,7264,40
349.026,23:27:40.469,0,28,60,7228,40
349.026,23:27:40.470,0,28,22,7190,41
349.026,23:27:40.470,0,28,16,7184,41
349.026,23:27:40.470,0,27,228,7140,41
349.026,23:27:40.472,0,28,26,7194,41
349.026,23:27:40.472,0,28,40,7208,42
349.026,23:27:40.472,0,28,64,7232,42
349.026,23:27:40.473,0,28,124,7292,42
349.026,23:27:40.473,0,28,150,7318,42
349.026,23:27:40.473,0,28,92,7260,42
349.645,23:27:41.089,0,28,12,7180,42
349.645,23:27:41.089,0,27,228,7140,43
349.645,23:27:41.090,0,28,26,7194,43
349.645,23:27:41.090,0,28,80,7248,43
349.645,23:27:41.091,0,28,108,7276,44
349.645,23:27:41.091,0,28,136,7304,44
349.645,23:27:41.092,0,28,128,7296,44
349.645,23:27:41.092,0,28,42,7210,45
349.645,23:27:41.093,0,28,24,7192,45
350.217,23:27:41.660,0,27,210,7122,46
350.217,23:27:41.660,0,28,22,7190,46
350.217,23:27:41.660,0,28,70,7238,46
350.217,23:27:41.661,0,28,68,7236,46
350.217,23:27:41.661,0,27,244,7156,46
350.217,23:27:41.661,0,27,236,7148,47
350.217,23:27:41.662,0,27,232,7144,47
350.217,23:27:41.662,0,28,16,7184,47
350.217,23:27:41.663,0,28,88,7256,47
350.217,23:27:41.663,0,28,90,7258,48
350.836,23:27:42.279,0,28,58,7226,48
350.836,23:27:42.279,0,28,28,7196,48
350.836,23:27:42.279,0,28,44,7212,48
350.836,23:27:42.279,0,28,32,7200,49
350.836,23:27:42.280,0,28,18,7186,49
350.836,23:27:42.280,0,28,58,7226,49
350.836,23:27:42.281,0,28,58,7226,49
350.836,23:27:42.281,0,28,72,7240,50
350.836,23:27:42.281,0,28,86,7254,50
350.836,23:27:42.281,0,28,32,7200,50
350.836,23:27:42.282,0,28,46,7214,50
350.836,23:27:42.282,0,28,16,7184,51
351.426,23:27:42.869,0,27,220,7132,51
351.426,23:27:42.869,0,27,238,7150,51
351.426,23:27:42.869,0,28,26,7194,51
351.426,23:27:42.870,0,28,30,7198,51
351.426,23:27:42.870,0,28,38,7206,51
351.426,23:27:42.870,0,28,16,7184,52
351.426,23:27:42.870,0,27,222,7134,52
351.426,23:27:42.870,0,27,250,7162,52
351.426,23:27:42.871,0,28,60,7228,52
351.426,23:27:42.871,0,28,84,7252,53
351.426,23:27:42.871,0,28,108,7276,53
351.426,23:27:42.872,0,28,100,7268,53
352.060,23:27:43.504,0,28,100,7268,53
352.060,23:27:43.504,0,28,106,7274,54
352.060,23:27:43.504,0,28,108,7276,54
352.060,23:27:43.504,0,28,22,7190,54
352.060,23:27:43.505,0,28,8,7176,54
352.060,23:27:43.505,0,28,68,7236,55
352.060,23:27:43.505,0,28,52,7220,55
352.060,23:27:43.505,0,28,48,7216,55
352.060,23:27:43.506,0,28,54,7222,55
352.060,23:27:43.506,0,28,74,7242,56
352.060,23:27:43.506,0,28,68,7236,56
352.060,23:27:43.507,0,28,52,7220,56
352.666,23:27:44.109,0,27,248,7160,56
352.666,23:27:44.109,0,28,14,7182,57
352.666,23:27:44.109,0,28,60,7228,57
352.666,23:27:44.110,0,27,190,7102,57
352.666,23:27:44.110,0,28,24,7192,58
352.666,23:27:44.110,0,28,54,7222,58
352.666,23:27:44.110,0,28,66,7234,58
352.666,23:27:44.111,0,27,248,7160,59
352.666,23:27:44.111,0,27,230,7142,59
353.303,23:27:44.746,0,27,224,7136,59
353.303,23:27:44.747,0,28,30,7198,60
353.303,23:27:44.747,0,28,66,7234,60
353.303,23:27:44.747,0,28,44,7212,60
353.303,23:27:44.747,0,28,56,7224,60
353.303,23:27:44.748,0,28,0,7168,61
353.303,23:27:44.748,0,27,172,7084,61
353.303,23:27:44.748,0,27,184,7096,61
353.303,23:27:44.749,0,28,12,7180,61
353.303,23:27:44.749,0,28,28,7196,62
353.847,23:27:45.290,0,28,12,7180,62
353.847,23:27:45.290,0,27,240,7152,62
353.847,23:27:45.290,0,28,50,7218,62
353.847,23:27:45.290,0,28,54,7222,63
353.847,23:27:45.291,0,28,74,7242,63
353.847,23:27:45.291,0,28,104,7272,63
353.847,23:27:45.291,0,28,106,7274,63
353.847,23:27:45.292,0,28,74,7242,64
353.847,23:27:45.292,0,28,20,7188,64
353.847,23:27:45.292,0,28,14,7182,64
354.466,23:27:45.910,0,28,8,7176,64
354.466,23:27:45.910,0,28,40,7208,64
354.466,23:27:45.912,0,28,46,7214,65
354.466,23:27:45.912,0,28,8,7176,65
354.466,23:27:45.913,0,27,220,7132,65
354.466,23:27:45.913,0,27,252,7164,66
354.466,23:27:45.914,0,27,228,7140,66
354.466,23:27:45.914,0,28,46,7214,66
354.466,23:27:45.915,0,28,64,7232,67
354.466,23:27:45.915,0,28,24,7192,67
355.318,23:27:46.762,0,27,206,7118,67
355.318,23:27:46.762,0,27,212,7124,67
355.318,23:27:46.763,0,28,54,7222,68
355.318,23:27:46.763,0,28,64,7232,68
355.318,23:27:46.764,0,28,78,7246,68
355.318,23:27:46.764,0,28,100,7268,68
355.318,23:27:46.764,0,28,106,7274,69
355.318,23:27:46.764,0,28,84,7252,69
355.318,23:27:46.765,0,28,32,7200,69
355.318,23:27:46.765,0,28,32,7200,69
355.318,23:27:46.765,0,28,24,7192,69
355.318,23:27:46.766,0,28,52,7220,70
355.318,23:27:46.766,0,28,88,7256,70
355.318,23:27:46.767,0,28,54,7222,70
355.318,23:27:46.767,0,28,0,7168,70
355.318,23:27:46.767,0,27,236,7148,71
356.062,23:27:47.506,0,28,36,7204,71
356.062,23:27:47.507,0,28,18,7186,71
356.062,23:27:47.507,0,28,54,7222,72
356.062,23:27:47.507,0,28,86,7254,72
356.062,23:27:47.508,0,28,32,7200,72
356.062,23:27:47.508,0,27,254,7166,72
356.062,23:27:47.508,0,28,12,7180,73
356.062,23:27:47.509,0,28,38,7206,73
356.062,23:27:47.509,0,28,34,7202,73
356.062,23:27:47.509,0,28,28,7196,73
356.062,23:27:47.510,0,28,102,7270,74
356.062,23:27:47.510,0,27,238,7150,74
356.062,23:27:47.510,0,27,202,7114,74
356.865,23:27:48.308,0,27,246,7158,74
356.865,23:27:48.309,0,28,10,7178,74
356.865,23:27:48.309,0,28,110,7278,75
356.865,23:27:48.309,0,28,134,7302,75
356.865,23:27:48.310,0,28,100,7268,75
356.865,23:27:48.310,0,27,254,7166,76
356.865,23:27:48.310,0,27,254,7166,76
356.865,23:27:48.310,0,28,38,7206,76
356.865,23:27:48.311,0,28,28,7196,76
356.865,23:27:48.311,0,28,66,7234,77
356.865,23:27:48.311,0,28,28,7196,77
356.865,23:27:48.312,0,28,8,7176,77
356.865,23:27:48.312,0,28,44,7212,77
356.865,23:27:48.312,0,28,20,7188,78
356.865,23:27:48.312,0,28,60,7228,78
357.483,23:27:48.926,0,28,92,7260,78
357.483,23:27:48.926,0,28,16,7184,78
357.483,23:27:48.926,0,28,20,7188,78
357.483,23:27:48.927,0,27,244,7156,78
357.483,23:27:48.927,0,28,32,7200,79
357.483,23:27:48.927,0,28,82,7250,79
357.483,23:27:48.928,0,28,56,7224,79
357.483,23:27:48.928,0,28,66,7234,79
357.483,23:27:48.928,0,28,54,7222,80
357.483,23:27:48.928,0,28,44,7212,80
357.483,23:27:48.929,0,27,248,7160,80
357.483,23:27:48.929,0,27,248,7160,80
358.039,23:27:49.483,0,28,2,7170,81
358.039,23:27:49.483,0,28,44,7212,81
358.039,23:27:49.483,0,28,52,7220,81
358.039,23:27:49.484,0,28,40,7208,81
358.039,23:27:49.485,0,28,52,7220,82
358.039,23:27:49.485,0,28,30,7198,82
358.039,23:27:49.485,0,27,252,7164,82
358.039,23:27:49.485,0,28,8,7176,82
358.039,23:27:49.486,0,28,20,7188,83
358.039,23:27:49.486,0,28,16,7184,83
358.039,23:27:49.486,0,27,254,7166,83
358.658,23:27:50.102,0,27,250,7162,83
358.658,23:27:50.103,0,27,250,7162,83
358.658,23:27:50.103,0,28,6,7174,83
358.658,23:27:50.103,0,28,50,7218,84
358.658,23:27:50.104,0,28,66,7234,84
358.658,23:27:50.104,0,28,70,7238,84
358.658,23:27:50.104,0,28,24,7192,85
358.658,23:27:50.104,0,28,30,7198,85
358.658,23:27:50.105,0,28,32,7200,85
358.658,23:27:50.105,0,28,80,7248,85
358.658,23:27:50.105,0,28,104,7272,86
359.246,23:27:50.688,0,28,94,7262,86
359.246,23:27:50.690,0,28,106,7274,86
359.246,23:27:50.690,0,28,66,7234,86
359.246,23:27:50.690,0,28,32,7200,87
359.246,23:27:50.691,0,28,26,7194,87
359.246,23:27:50.691,0,28,16,7184,87
359.246,23:27:50.691,0,27,250,7162,87
359.246,23:27:50.692,0,27,246,7158,87
359.246,23:27:50.692,0,28,24,7192,87
359.246,23:27:50.692,0,28,66,7234,88
359.246,23:27:50.693,0,28,92,7260,88
359.246,23:27:50.693,0,28,42,7210,88
359.848,23:27:51.290,0,28,34,7202,88
359.848,23:27:51.291,0,28,14,7182,89
359.848,23:27:51.291,0,28,46,7214,89
359.848,23:27:51.291,0,28,66,7234,89
359.848,23:27:51.292,0,28,70,7238,89
359.848,23:27:51.292,0,28,58,7226,89
359.848,23:27:51.293,0,28,20,7188,89
359.848,23:27:51.293,0,27,238,7150,90
359.848,23:27:51.293,0,28,52,7220,90
359.848,23:27:51.294,0,28,60,7228,90
359.848,23:27:51.294,0,28,26,7194,90
359.848,23:27:51.294,0,28,20,7188,91
360.450,23:27:51.893,0,28,70,7238,91
360.450,23:27:51.894,0,28,72,7240,91
360.450,23:27:51.895,0,27,254,7166,91
360.450,23:27:51.895,0,28,36,7204,91
360.450,23:27:51.896,0,28,68,7236,92
360.450,23:27:51.896,0,28,92,7260,92
360.450,23:27:51.896,0,28,66,7234,92
360.450,23:27:51.896,0,28,62,7230,92
360.450,23:27:51.897,0,28,68,7236,93
360.450,23:27:51.897,0,28,60,7228,93
360.450,23:27:51.897,0,28,30,7198,93
361.055,23:27:52.499,0,28,62,7230,93
361.055,23:27:52.499,0,27,248,7160,94
361.055,23:27:52.500,0,27,246,7158,94
361.055,23:27:52.500,0,28,52,7220,94
361.055,23:27:52.500,0,28,64,7232,94
361.055,23:27:52.501,0,28,82,7250,95
361.055,23:27:52.501,0,28,24,7192,95
361.055,23:27:52.501,0,27,250,7162,95
361.055,23:27:52.502,0,28,28,7196,95
361.055,23:27:52.502,0,28,48,7216,96
361.055,23:27:52.502,0,28,84,7252,96
361.055,23:27:52.502,0,28,100,7268,96
361.673,23:27:53.116,0,28,62,7230,96
361.673,23:27:53.117,0,28,94,7262,96
361.673,23:27:53.117,0,28,36,7204,96
361.673,23:27:53.117,0,28,10,7178,97
361.673,23:27:53.118,0,28,50,7218,97
361.673,23:27:53.118,0,28,40,7208,97
361.673,23:27:53.118,0,27,234,7146,97
361.673,23:27:53.118,0,28,40,7208,98
361.673,23:27:53.119,0,28,38,7206,98
361.673,23:27:53.119,0,28,68,7236,98
361.673,23:27:53.119,0,27,250,7162,99
362.325,23:27:53.768,0,27,254,7166,99
362.325,23:27:53.769,0,27,246,7158,99
362.325,23:27:53.769,0,27,234,7146,99
362.325,23:27:53.769,0,27,240,7152,100
362.325,23:27:53.771,0,27,228,7140,100
362.325,23:27:53.771,0,27,226,7138,100
362.325,23:27:53.771,0,27,250,7162,100
362.325,23:27:53.771,0,27,250,7162,100
362.325,23:27:53.771,0,28,20,7188,100
362.325,23:27:53.772,0,28,52,7220,101
362.325,23:27:53.772,0,28,68,7236,101
362.325,23:27:53.772,0,28,34,7202,101
362.885,23:27:54.329,0,28,62,7230,102
362.885,23:27:54.329,0,28,32,7200,102
362.885,23:27:54.330,0,27,244,7156,102
362.885,23:27:54.330,0,27,250,7162,102
362.885,23:27:54.330,0,27,238,7150,103
362.885,23:27:54.330,0,27,228,7140,103
362.885,23:27:54.331,0,28,4,7172,103
362.885,23:27:54.331,0,28,64,7232,104
362.885,23:27:54.331,0,28,48,7216,104
362.885,23:27:54.332,0,28,62,7230,104
363.536,23:27:54.979,0,28,78,7246,104
363.536,23:27:54.980,0,28,50,7218,104
363.536,23:27:54.980,0,28,22,7190,104
363.536,23:27:54.980,0,27,222,7134,105
363.536,23:27:54.981,0,27,172,7084,105
363.536,23:27:54.981,0,28,2,7170,105
363.536,23:27:54.981,0,28,26,7194,105
363.536,23:27:54.981,0,28,32,7200,106
363.536,23:27:54.982,0,28,88,7256,106
363.536,23:27:54.982,0,28,64,7232,106
363.536,23:27:54.982,0,28,8,7176,106
363.536,23:27:54.983,0,28,36,7204,107
364.296,23:27:55.740,0,27,248,7160,107
364.296,23:27:55.740,0,28,2,7170,107
364.296,23:27:55.740,0,28,66,7234,108
364.296,23:27:55.740,0,28,94,7262,108
364.296,23:27:55.741,0,28,80,7248,108
364.296,23:27:55.741,0,28,46,7214,108
364.296,23:27:55.741,0,27,218,7130,108
364.296,23:27:55.743,0,27,242,7154,108
364.296,23:27:55.743,0,28,48,7216,109
364.296,23:27:55.744,0,28,38,7206,109
364.296,23:27:55.744,0,28,0,7168,109
364.296,23:27:55.744,0,28,26,7194,110
364.296,23:27:55.745,0,28,76,7244,111
365.086,23:27:56.530,0,28,142,7310,111
365.086,23:27:56.530,0,27,246,7158,111
365.086,23:27:56.530,0,28,8,7176,112
365.086,23:27:56.530,0,27,226,7138,112
365.086,23:27:56.531,0,28,78,7246,113
365.086,23:27:56.531,0,28,40,7208,113
365.086,23:27:56.532,0,27,162,7074,113
365.767,23:27:57.210,0,28,56,7224,114
365.767,23:27:57.211,0,28,36,7204,115
365.767,23:27:57.211,0,28,24,7192,116
365.767,23:27:57.211,0,28,90,7258,117
365.767,23:27:57.212,0,28,26,7194,117
366.974,23:27:58.418,0,28,28,7196,120
367.576,23:27:59.019,0,28,20,7188,123
367.576,23:27:59.019,0,28,12,7180,124
368.209,23:27:59.652,0,28,26,7194,126
